{"rows": [
    {"key.name": "assessment:115", "data": "{\"progress\": {\"es\": 0}}", "key.id": null, "key": "ahBwfm1vYmlsZWNzcC0yMDE3ciYLEhJJMThuUHJvZ3Jlc3NFbnRpdHkiDmFzc2Vzc21lbnQ6MTE1DKIBDG5zX21vYmlsZWNzcA"},
    {"key.name": "assessment:118", "data": "{\"progress\": {\"es\": 0}}", "key.id": null, "key": "ahBwfm1vYmlsZWNzcC0yMDE3ciYLEhJJMThuUHJvZ3Jlc3NFbnRpdHkiDmFzc2Vzc21lbnQ6MTE4DKIBDG5zX21vYmlsZWNzcA"},
    {"key.name": "assessment:119", "data": "{\"progress\": {\"es\": 0}}", "key.id": null, "key": "ahBwfm1vYmlsZWNzcC0yMDE3ciYLEhJJMThuUHJvZ3Jlc3NFbnRpdHkiDmFzc2Vzc21lbnQ6MTE5DKIBDG5zX21vYmlsZWNzcA"},
    {"key.name": "assessment:123", "data": "{\"progress\": {\"es\": 0}}", "key.id": null, "key": "ahBwfm1vYmlsZWNzcC0yMDE3ciYLEhJJMThuUHJvZ3Jlc3NFbnRpdHkiDmFzc2Vzc21lbnQ6MTIzDKIBDG5zX21vYmlsZWNzcA"},
    {"key.name": "assessment:125", "data": "{\"progress\": {\"es\": 0}}", "key.id": null, "key": "ahBwfm1vYmlsZWNzcC0yMDE3ciYLEhJJMThuUHJvZ3Jlc3NFbnRpdHkiDmFzc2Vzc21lbnQ6MTI1DKIBDG5zX21vYmlsZWNzcA"},
    {"key.name": "assessment:57", "data": "{\"progress\": {\"es\": 0}}", "key.id": null, "key": "ahBwfm1vYmlsZWNzcC0yMDE3ciULEhJJMThuUHJvZ3Jlc3NFbnRpdHkiDWFzc2Vzc21lbnQ6NTcMogEMbnNfbW9iaWxlY3Nw"},
    {"key.name": "course_settings:assessment", "data": "{\"progress\": {\"es\": 2}}", "key.id": null, "key": "ahBwfm1vYmlsZWNzcC0yMDE3cjILEhJJMThuUHJvZ3Jlc3NFbnRpdHkiGmNvdXJzZV9zZXR0aW5nczphc3Nlc3NtZW50DKIBDG5zX21vYmlsZWNzcA"},
    {"key.name": "course_settings:forums", "data": "{\"progress\": {\"es\": 2}}", "key.id": null, "key": "ahBwfm1vYmlsZWNzcC0yMDE3ci4LEhJJMThuUHJvZ3Jlc3NFbnRpdHkiFmNvdXJzZV9zZXR0aW5nczpmb3J1bXMMogEMbnNfbW9iaWxlY3Nw"},
    {"key.name": "course_settings:homepage", "data": "{\"progress\": {\"es\": 0}}", "key.id": null, "key": "ahBwfm1vYmlsZWNzcC0yMDE3cjALEhJJMThuUHJvZ3Jlc3NFbnRpdHkiGGNvdXJzZV9zZXR0aW5nczpob21lcGFnZQyiAQxuc19tb2JpbGVjc3A"},
    {"key.name": "course_settings:invitation", "data": "{\"progress\": {\"es\": 2}}", "key.id": null, "key": "ahBwfm1vYmlsZWNzcC0yMDE3cjILEhJJMThuUHJvZ3Jlc3NFbnRpdHkiGmNvdXJzZV9zZXR0aW5nczppbnZpdGF0aW9uDKIBDG5zX21vYmlsZWNzcA"},
    {"key.name": "course_settings:registration", "data": "{\"progress\": {\"es\": 0}}", "key.id": null, "key": "ahBwfm1vYmlsZWNzcC0yMDE3cjQLEhJJMThuUHJvZ3Jlc3NFbnRpdHkiHGNvdXJzZV9zZXR0aW5nczpyZWdpc3RyYXRpb24MogEMbnNfbW9iaWxlY3Nw"},
    {"key.name": "html_hook:base.after_body_tag_begins", "data": "{\"progress\": {\"es\": 2}}", "key.id": null, "key": "ahBwfm1vYmlsZWNzcC0yMDE3cjwLEhJJMThuUHJvZ3Jlc3NFbnRpdHkiJGh0bWxfaG9vazpiYXNlLmFmdGVyX2JvZHlfdGFnX2JlZ2lucwyiAQxuc19tb2JpbGVjc3A"},
    {"key.name": "html_hook:base.after_main_content_ends", "data": "{\"progress\": {\"es\": 2}}", "key.id": null, "key": "ahBwfm1vYmlsZWNzcC0yMDE3cj4LEhJJMThuUHJvZ3Jlc3NFbnRpdHkiJmh0bWxfaG9vazpiYXNlLmFmdGVyX21haW5fY29udGVudF9lbmRzDKIBDG5zX21vYmlsZWNzcA"},
    {"key.name": "html_hook:base.after_navbar_begins", "data": "{\"progress\": {\"es\": 2}}", "key.id": null, "key": "ahBwfm1vYmlsZWNzcC0yMDE3cjoLEhJJMThuUHJvZ3Jlc3NFbnRpdHkiImh0bWxfaG9vazpiYXNlLmFmdGVyX25hdmJhcl9iZWdpbnMMogEMbnNfbW9iaWxlY3Nw"},
    {"key.name": "html_hook:base.after_top_content_ends", "data": "{\"progress\": {\"es\": 2}}", "key.id": null, "key": "ahBwfm1vYmlsZWNzcC0yMDE3cj0LEhJJMThuUHJvZ3Jlc3NFbnRpdHkiJWh0bWxfaG9vazpiYXNlLmFmdGVyX3RvcF9jb250ZW50X2VuZHMMogEMbnNfbW9iaWxlY3Nw"},
    {"key.name": "html_hook:base.before_body_tag_ends", "data": "{\"progress\": {\"es\": 2}}", "key.id": null, "key": "ahBwfm1vYmlsZWNzcC0yMDE3cjsLEhJJMThuUHJvZ3Jlc3NFbnRpdHkiI2h0bWxfaG9vazpiYXNlLmJlZm9yZV9ib2R5X3RhZ19lbmRzDKIBDG5zX21vYmlsZWNzcA"},
    {"key.name": "html_hook:base.before_head_tag_ends", "data": "{\"progress\": {\"es\": 2}}", "key.id": null, "key": "ahBwfm1vYmlsZWNzcC0yMDE3cjsLEhJJMThuUHJvZ3Jlc3NFbnRpdHkiI2h0bWxfaG9vazpiYXNlLmJlZm9yZV9oZWFkX3RhZ19lbmRzDKIBDG5zX21vYmlsZWNzcA"},
    {"key.name": "html_hook:base.before_navbar_ends", "data": "{\"progress\": {\"es\": 0}}", "key.id": null, "key": "ahBwfm1vYmlsZWNzcC0yMDE3cjkLEhJJMThuUHJvZ3Jlc3NFbnRpdHkiIWh0bWxfaG9vazpiYXNlLmJlZm9yZV9uYXZiYXJfZW5kcwyiAQxuc19tb2JpbGVjc3A"},
    {"key.name": "lesson:101", "data": "{\"progress\": {\"es\": 0}}", "key.id": null, "key": "ahBwfm1vYmlsZWNzcC0yMDE3ciILEhJJMThuUHJvZ3Jlc3NFbnRpdHkiCmxlc3NvbjoxMDEMogEMbnNfbW9iaWxlY3Nw"},
    {"key.name": "lesson:102", "data": "{\"progress\": {\"es\": 0}}", "key.id": null, "key": "ahBwfm1vYmlsZWNzcC0yMDE3ciILEhJJMThuUHJvZ3Jlc3NFbnRpdHkiCmxlc3NvbjoxMDIMogEMbnNfbW9iaWxlY3Nw"},
    {"key.name": "lesson:103", "data": "{\"progress\": {\"es\": 0}}", "key.id": null, "key": "ahBwfm1vYmlsZWNzcC0yMDE3ciILEhJJMThuUHJvZ3Jlc3NFbnRpdHkiCmxlc3NvbjoxMDMMogEMbnNfbW9iaWxlY3Nw"},
    {"key.name": "lesson:105", "data": "{\"progress\": {\"es\": 0}}", "key.id": null, "key": "ahBwfm1vYmlsZWNzcC0yMDE3ciILEhJJMThuUHJvZ3Jlc3NFbnRpdHkiCmxlc3NvbjoxMDUMogEMbnNfbW9iaWxlY3Nw"},
    {"key.name": "lesson:108", "data": "{\"progress\": {\"es\": 0}}", "key.id": null, "key": "ahBwfm1vYmlsZWNzcC0yMDE3ciILEhJJMThuUHJvZ3Jlc3NFbnRpdHkiCmxlc3NvbjoxMDgMogEMbnNfbW9iaWxlY3Nw"},
    {"key.name": "lesson:109", "data": "{\"progress\": {\"es\": 0}}", "key.id": null, "key": "ahBwfm1vYmlsZWNzcC0yMDE3ciILEhJJMThuUHJvZ3Jlc3NFbnRpdHkiCmxlc3NvbjoxMDkMogEMbnNfbW9iaWxlY3Nw"},
    {"key.name": "lesson:110", "data": "{\"progress\": {\"es\": 0}}", "key.id": null, "key": "ahBwfm1vYmlsZWNzcC0yMDE3ciILEhJJMThuUHJvZ3Jlc3NFbnRpdHkiCmxlc3NvbjoxMTAMogEMbnNfbW9iaWxlY3Nw"},
    {"key.name": "lesson:111", "data": "{\"progress\": {\"es\": 0}}", "key.id": null, "key": "ahBwfm1vYmlsZWNzcC0yMDE3ciILEhJJMThuUHJvZ3Jlc3NFbnRpdHkiCmxlc3NvbjoxMTEMogEMbnNfbW9iaWxlY3Nw"},
    {"key.name": "lesson:116", "data": "{\"progress\": {\"es\": 0}}", "key.id": null, "key": "ahBwfm1vYmlsZWNzcC0yMDE3ciILEhJJMThuUHJvZ3Jlc3NFbnRpdHkiCmxlc3NvbjoxMTYMogEMbnNfbW9iaWxlY3Nw"},
    {"key.name": "lesson:122", "data": "{\"progress\": {\"es\": 0}}", "key.id": null, "key": "ahBwfm1vYmlsZWNzcC0yMDE3ciILEhJJMThuUHJvZ3Jlc3NFbnRpdHkiCmxlc3NvbjoxMjIMogEMbnNfbW9iaWxlY3Nw"},
    {"key.name": "lesson:126", "data": "{\"progress\": {\"es\": 0}}", "key.id": null, "key": "ahBwfm1vYmlsZWNzcC0yMDE3ciILEhJJMThuUHJvZ3Jlc3NFbnRpdHkiCmxlc3NvbjoxMjYMogEMbnNfbW9iaWxlY3Nw"},
    {"key.name": "lesson:129", "data": "{\"progress\": {\"es\": 0}}", "key.id": null, "key": "ahBwfm1vYmlsZWNzcC0yMDE3ciILEhJJMThuUHJvZ3Jlc3NFbnRpdHkiCmxlc3NvbjoxMjkMogEMbnNfbW9iaWxlY3Nw"},
    {"key.name": "lesson:130", "data": "{\"progress\": {\"es\": 0}}", "key.id": null, "key": "ahBwfm1vYmlsZWNzcC0yMDE3ciILEhJJMThuUHJvZ3Jlc3NFbnRpdHkiCmxlc3NvbjoxMzAMogEMbnNfbW9iaWxlY3Nw"},
    {"key.name": "lesson:131", "data": "{\"progress\": {\"es\": 0}}", "key.id": null, "key": "ahBwfm1vYmlsZWNzcC0yMDE3ciILEhJJMThuUHJvZ3Jlc3NFbnRpdHkiCmxlc3NvbjoxMzEMogEMbnNfbW9iaWxlY3Nw"},
    {"key.name": "lesson:133", "data": "{\"progress\": {\"es\": 0}}", "key.id": null, "key": "ahBwfm1vYmlsZWNzcC0yMDE3ciILEhJJMThuUHJvZ3Jlc3NFbnRpdHkiCmxlc3NvbjoxMzMMogEMbnNfbW9iaWxlY3Nw"},
    {"key.name": "lesson:134", "data": "{\"progress\": {\"es\": 0}}", "key.id": null, "key": "ahBwfm1vYmlsZWNzcC0yMDE3ciILEhJJMThuUHJvZ3Jlc3NFbnRpdHkiCmxlc3NvbjoxMzQMogEMbnNfbW9iaWxlY3Nw"},
    {"key.name": "lesson:135", "data": "{\"progress\": {\"es\": 0}}", "key.id": null, "key": "ahBwfm1vYmlsZWNzcC0yMDE3ciILEhJJMThuUHJvZ3Jlc3NFbnRpdHkiCmxlc3NvbjoxMzUMogEMbnNfbW9iaWxlY3Nw"},
    {"key.name": "lesson:136", "data": "{\"progress\": {\"es\": 0}}", "key.id": null, "key": "ahBwfm1vYmlsZWNzcC0yMDE3ciILEhJJMThuUHJvZ3Jlc3NFbnRpdHkiCmxlc3NvbjoxMzYMogEMbnNfbW9iaWxlY3Nw"},
    {"key.name": "lesson:137", "data": "{\"progress\": {\"es\": 0}}", "key.id": null, "key": "ahBwfm1vYmlsZWNzcC0yMDE3ciILEhJJMThuUHJvZ3Jlc3NFbnRpdHkiCmxlc3NvbjoxMzcMogEMbnNfbW9iaWxlY3Nw"},
    {"key.name": "lesson:138", "data": "{\"progress\": {\"es\": 0}}", "key.id": null, "key": "ahBwfm1vYmlsZWNzcC0yMDE3ciILEhJJMThuUHJvZ3Jlc3NFbnRpdHkiCmxlc3NvbjoxMzgMogEMbnNfbW9iaWxlY3Nw"},
    {"key.name": "lesson:139", "data": "{\"progress\": {\"es\": 0}}", "key.id": null, "key": "ahBwfm1vYmlsZWNzcC0yMDE3ciILEhJJMThuUHJvZ3Jlc3NFbnRpdHkiCmxlc3NvbjoxMzkMogEMbnNfbW9iaWxlY3Nw"},
    {"key.name": "lesson:143", "data": "{\"progress\": {\"es\": 0}}", "key.id": null, "key": "ahBwfm1vYmlsZWNzcC0yMDE3ciILEhJJMThuUHJvZ3Jlc3NFbnRpdHkiCmxlc3NvbjoxNDMMogEMbnNfbW9iaWxlY3Nw"},
    {"key.name": "lesson:146", "data": "{\"progress\": {\"es\": 0}}", "key.id": null, "key": "ahBwfm1vYmlsZWNzcC0yMDE3ciILEhJJMThuUHJvZ3Jlc3NFbnRpdHkiCmxlc3NvbjoxNDYMogEMbnNfbW9iaWxlY3Nw"},
    {"key.name": "lesson:150", "data": "{\"progress\": {\"es\": 0}}", "key.id": null, "key": "ahBwfm1vYmlsZWNzcC0yMDE3ciILEhJJMThuUHJvZ3Jlc3NFbnRpdHkiCmxlc3NvbjoxNTAMogEMbnNfbW9iaWxlY3Nw"},
    {"key.name": "lesson:151", "data": "{\"progress\": {\"es\": 0}}", "key.id": null, "key": "ahBwfm1vYmlsZWNzcC0yMDE3ciILEhJJMThuUHJvZ3Jlc3NFbnRpdHkiCmxlc3NvbjoxNTEMogEMbnNfbW9iaWxlY3Nw"},
    {"key.name": "lesson:152", "data": "{\"progress\": {\"es\": 0}}", "key.id": null, "key": "ahBwfm1vYmlsZWNzcC0yMDE3ciILEhJJMThuUHJvZ3Jlc3NFbnRpdHkiCmxlc3NvbjoxNTIMogEMbnNfbW9iaWxlY3Nw"},
    {"key.name": "lesson:153", "data": "{\"progress\": {\"es\": 0}}", "key.id": null, "key": "ahBwfm1vYmlsZWNzcC0yMDE3ciILEhJJMThuUHJvZ3Jlc3NFbnRpdHkiCmxlc3NvbjoxNTMMogEMbnNfbW9iaWxlY3Nw"},
    {"key.name": "lesson:154", "data": "{\"progress\": {\"es\": 0}}", "key.id": null, "key": "ahBwfm1vYmlsZWNzcC0yMDE3ciILEhJJMThuUHJvZ3Jlc3NFbnRpdHkiCmxlc3NvbjoxNTQMogEMbnNfbW9iaWxlY3Nw"},
    {"key.name": "lesson:156", "data": "{\"progress\": {\"es\": 0}}", "key.id": null, "key": "ahBwfm1vYmlsZWNzcC0yMDE3ciILEhJJMThuUHJvZ3Jlc3NFbnRpdHkiCmxlc3NvbjoxNTYMogEMbnNfbW9iaWxlY3Nw"},
    {"key.name": "lesson:159", "data": "{\"progress\": {\"es\": 0}}", "key.id": null, "key": "ahBwfm1vYmlsZWNzcC0yMDE3ciILEhJJMThuUHJvZ3Jlc3NFbnRpdHkiCmxlc3NvbjoxNTkMogEMbnNfbW9iaWxlY3Nw"},
    {"key.name": "lesson:160", "data": "{\"progress\": {\"es\": 0}}", "key.id": null, "key": "ahBwfm1vYmlsZWNzcC0yMDE3ciILEhJJMThuUHJvZ3Jlc3NFbnRpdHkiCmxlc3NvbjoxNjAMogEMbnNfbW9iaWxlY3Nw"},
    {"key.name": "lesson:161", "data": "{\"progress\": {\"es\": 0}}", "key.id": null, "key": "ahBwfm1vYmlsZWNzcC0yMDE3ciILEhJJMThuUHJvZ3Jlc3NFbnRpdHkiCmxlc3NvbjoxNjEMogEMbnNfbW9iaWxlY3Nw"},
    {"key.name": "lesson:162", "data": "{\"progress\": {\"es\": 0}}", "key.id": null, "key": "ahBwfm1vYmlsZWNzcC0yMDE3ciILEhJJMThuUHJvZ3Jlc3NFbnRpdHkiCmxlc3NvbjoxNjIMogEMbnNfbW9iaWxlY3Nw"},
    {"key.name": "lesson:163", "data": "{\"progress\": {\"es\": 0}}", "key.id": null, "key": "ahBwfm1vYmlsZWNzcC0yMDE3ciILEhJJMThuUHJvZ3Jlc3NFbnRpdHkiCmxlc3NvbjoxNjMMogEMbnNfbW9iaWxlY3Nw"},
    {"key.name": "lesson:164", "data": "{\"progress\": {\"es\": 0}}", "key.id": null, "key": "ahBwfm1vYmlsZWNzcC0yMDE3ciILEhJJMThuUHJvZ3Jlc3NFbnRpdHkiCmxlc3NvbjoxNjQMogEMbnNfbW9iaWxlY3Nw"},
    {"key.name": "lesson:165", "data": "{\"progress\": {\"es\": 0}}", "key.id": null, "key": "ahBwfm1vYmlsZWNzcC0yMDE3ciILEhJJMThuUHJvZ3Jlc3NFbnRpdHkiCmxlc3NvbjoxNjUMogEMbnNfbW9iaWxlY3Nw"},
    {"key.name": "lesson:166", "data": "{\"progress\": {\"es\": 0}}", "key.id": null, "key": "ahBwfm1vYmlsZWNzcC0yMDE3ciILEhJJMThuUHJvZ3Jlc3NFbnRpdHkiCmxlc3NvbjoxNjYMogEMbnNfbW9iaWxlY3Nw"},
    {"key.name": "lesson:167", "data": "{\"progress\": {\"es\": 0}}", "key.id": null, "key": "ahBwfm1vYmlsZWNzcC0yMDE3ciILEhJJMThuUHJvZ3Jlc3NFbnRpdHkiCmxlc3NvbjoxNjcMogEMbnNfbW9iaWxlY3Nw"},
    {"key.name": "lesson:168", "data": "{\"progress\": {\"es\": 0}}", "key.id": null, "key": "ahBwfm1vYmlsZWNzcC0yMDE3ciILEhJJMThuUHJvZ3Jlc3NFbnRpdHkiCmxlc3NvbjoxNjgMogEMbnNfbW9iaWxlY3Nw"},
    {"key.name": "lesson:169", "data": "{\"progress\": {\"es\": 0}}", "key.id": null, "key": "ahBwfm1vYmlsZWNzcC0yMDE3ciILEhJJMThuUHJvZ3Jlc3NFbnRpdHkiCmxlc3NvbjoxNjkMogEMbnNfbW9iaWxlY3Nw"},
    {"key.name": "lesson:172", "data": "{\"progress\": {\"es\": 0}}", "key.id": null, "key": "ahBwfm1vYmlsZWNzcC0yMDE3ciILEhJJMThuUHJvZ3Jlc3NFbnRpdHkiCmxlc3NvbjoxNzIMogEMbnNfbW9iaWxlY3Nw"},
    {"key.name": "lesson:173", "data": "{\"progress\": {\"es\": 0}}", "key.id": null, "key": "ahBwfm1vYmlsZWNzcC0yMDE3ciILEhJJMThuUHJvZ3Jlc3NFbnRpdHkiCmxlc3NvbjoxNzMMogEMbnNfbW9iaWxlY3Nw"},
    {"key.name": "lesson:177", "data": "{\"progress\": {\"es\": 0}}", "key.id": null, "key": "ahBwfm1vYmlsZWNzcC0yMDE3ciILEhJJMThuUHJvZ3Jlc3NFbnRpdHkiCmxlc3NvbjoxNzcMogEMbnNfbW9iaWxlY3Nw"},
    {"key.name": "lesson:178", "data": "{\"progress\": {\"es\": 0}}", "key.id": null, "key": "ahBwfm1vYmlsZWNzcC0yMDE3ciILEhJJMThuUHJvZ3Jlc3NFbnRpdHkiCmxlc3NvbjoxNzgMogEMbnNfbW9iaWxlY3Nw"},
    {"key.name": "lesson:179", "data": "{\"progress\": {\"es\": 0}}", "key.id": null, "key": "ahBwfm1vYmlsZWNzcC0yMDE3ciILEhJJMThuUHJvZ3Jlc3NFbnRpdHkiCmxlc3NvbjoxNzkMogEMbnNfbW9iaWxlY3Nw"},
    {"key.name": "lesson:181", "data": "{\"progress\": {\"es\": 0}}", "key.id": null, "key": "ahBwfm1vYmlsZWNzcC0yMDE3ciILEhJJMThuUHJvZ3Jlc3NFbnRpdHkiCmxlc3NvbjoxODEMogEMbnNfbW9iaWxlY3Nw"},
    {"key.name": "lesson:182", "data": "{\"progress\": {\"es\": 0}}", "key.id": null, "key": "ahBwfm1vYmlsZWNzcC0yMDE3ciILEhJJMThuUHJvZ3Jlc3NFbnRpdHkiCmxlc3NvbjoxODIMogEMbnNfbW9iaWxlY3Nw"},
    {"key.name": "lesson:183", "data": "{\"progress\": {\"es\": 0}}", "key.id": null, "key": "ahBwfm1vYmlsZWNzcC0yMDE3ciILEhJJMThuUHJvZ3Jlc3NFbnRpdHkiCmxlc3NvbjoxODMMogEMbnNfbW9iaWxlY3Nw"},
    {"key.name": "lesson:184", "data": "{\"progress\": {\"es\": 0}}", "key.id": null, "key": "ahBwfm1vYmlsZWNzcC0yMDE3ciILEhJJMThuUHJvZ3Jlc3NFbnRpdHkiCmxlc3NvbjoxODQMogEMbnNfbW9iaWxlY3Nw"},
    {"key.name": "lesson:185", "data": "{\"progress\": {\"es\": 0}}", "key.id": null, "key": "ahBwfm1vYmlsZWNzcC0yMDE3ciILEhJJMThuUHJvZ3Jlc3NFbnRpdHkiCmxlc3NvbjoxODUMogEMbnNfbW9iaWxlY3Nw"},
    {"key.name": "lesson:186", "data": "{\"progress\": {\"es\": 0}}", "key.id": null, "key": "ahBwfm1vYmlsZWNzcC0yMDE3ciILEhJJMThuUHJvZ3Jlc3NFbnRpdHkiCmxlc3NvbjoxODYMogEMbnNfbW9iaWxlY3Nw"},
    {"key.name": "lesson:187", "data": "{\"progress\": {\"es\": 0}}", "key.id": null, "key": "ahBwfm1vYmlsZWNzcC0yMDE3ciILEhJJMThuUHJvZ3Jlc3NFbnRpdHkiCmxlc3NvbjoxODcMogEMbnNfbW9iaWxlY3Nw"},
    {"key.name": "lesson:188", "data": "{\"progress\": {\"es\": 0}}", "key.id": null, "key": "ahBwfm1vYmlsZWNzcC0yMDE3ciILEhJJMThuUHJvZ3Jlc3NFbnRpdHkiCmxlc3NvbjoxODgMogEMbnNfbW9iaWxlY3Nw"},
    {"key.name": "lesson:189", "data": "{\"progress\": {\"es\": 0}}", "key.id": null, "key": "ahBwfm1vYmlsZWNzcC0yMDE3ciILEhJJMThuUHJvZ3Jlc3NFbnRpdHkiCmxlc3NvbjoxODkMogEMbnNfbW9iaWxlY3Nw"},
    {"key.name": "lesson:190", "data": "{\"progress\": {\"es\": 0}}", "key.id": null, "key": "ahBwfm1vYmlsZWNzcC0yMDE3ciILEhJJMThuUHJvZ3Jlc3NFbnRpdHkiCmxlc3NvbjoxOTAMogEMbnNfbW9iaWxlY3Nw"},
    {"key.name": "lesson:194", "data": "{\"progress\": {\"es\": 0}}", "key.id": null, "key": "ahBwfm1vYmlsZWNzcC0yMDE3ciILEhJJMThuUHJvZ3Jlc3NFbnRpdHkiCmxlc3NvbjoxOTQMogEMbnNfbW9iaWxlY3Nw"},
    {"key.name": "lesson:196", "data": "{\"progress\": {\"es\": 0}}", "key.id": null, "key": "ahBwfm1vYmlsZWNzcC0yMDE3ciILEhJJMThuUHJvZ3Jlc3NFbnRpdHkiCmxlc3NvbjoxOTYMogEMbnNfbW9iaWxlY3Nw"},
    {"key.name": "lesson:197", "data": "{\"progress\": {\"es\": 0}}", "key.id": null, "key": "ahBwfm1vYmlsZWNzcC0yMDE3ciILEhJJMThuUHJvZ3Jlc3NFbnRpdHkiCmxlc3NvbjoxOTcMogEMbnNfbW9iaWxlY3Nw"},
    {"key.name": "lesson:198", "data": "{\"progress\": {\"es\": 0}}", "key.id": null, "key": "ahBwfm1vYmlsZWNzcC0yMDE3ciILEhJJMThuUHJvZ3Jlc3NFbnRpdHkiCmxlc3NvbjoxOTgMogEMbnNfbW9iaWxlY3Nw"},
    {"key.name": "lesson:199", "data": "{\"progress\": {\"es\": 0}}", "key.id": null, "key": "ahBwfm1vYmlsZWNzcC0yMDE3ciILEhJJMThuUHJvZ3Jlc3NFbnRpdHkiCmxlc3NvbjoxOTkMogEMbnNfbW9iaWxlY3Nw"},
    {"key.name": "lesson:200", "data": "{\"progress\": {\"es\": 0}}", "key.id": null, "key": "ahBwfm1vYmlsZWNzcC0yMDE3ciILEhJJMThuUHJvZ3Jlc3NFbnRpdHkiCmxlc3NvbjoyMDAMogEMbnNfbW9iaWxlY3Nw"},
    {"key.name": "lesson:30", "data": "{\"progress\": {\"es\": 0}}", "key.id": null, "key": "ahBwfm1vYmlsZWNzcC0yMDE3ciELEhJJMThuUHJvZ3Jlc3NFbnRpdHkiCWxlc3NvbjozMAyiAQxuc19tb2JpbGVjc3A"},
    {"key.name": "lesson:31", "data": "{\"progress\": {\"es\": 0}}", "key.id": null, "key": "ahBwfm1vYmlsZWNzcC0yMDE3ciELEhJJMThuUHJvZ3Jlc3NFbnRpdHkiCWxlc3NvbjozMQyiAQxuc19tb2JpbGVjc3A"},
    {"key.name": "lesson:34", "data": "{\"progress\": {\"es\": 0}}", "key.id": null, "key": "ahBwfm1vYmlsZWNzcC0yMDE3ciELEhJJMThuUHJvZ3Jlc3NFbnRpdHkiCWxlc3NvbjozNAyiAQxuc19tb2JpbGVjc3A"},
    {"key.name": "lesson:37", "data": "{\"progress\": {\"es\": 0}}", "key.id": null, "key": "ahBwfm1vYmlsZWNzcC0yMDE3ciELEhJJMThuUHJvZ3Jlc3NFbnRpdHkiCWxlc3NvbjozNwyiAQxuc19tb2JpbGVjc3A"},
    {"key.name": "lesson:43", "data": "{\"progress\": {\"es\": 0}}", "key.id": null, "key": "ahBwfm1vYmlsZWNzcC0yMDE3ciELEhJJMThuUHJvZ3Jlc3NFbnRpdHkiCWxlc3Nvbjo0MwyiAQxuc19tb2JpbGVjc3A"},
    {"key.name": "lesson:45", "data": "{\"progress\": {\"es\": 0}}", "key.id": null, "key": "ahBwfm1vYmlsZWNzcC0yMDE3ciELEhJJMThuUHJvZ3Jlc3NFbnRpdHkiCWxlc3Nvbjo0NQyiAQxuc19tb2JpbGVjc3A"},
    {"key.name": "lesson:46", "data": "{\"progress\": {\"es\": 0}}", "key.id": null, "key": "ahBwfm1vYmlsZWNzcC0yMDE3ciELEhJJMThuUHJvZ3Jlc3NFbnRpdHkiCWxlc3Nvbjo0NgyiAQxuc19tb2JpbGVjc3A"},
    {"key.name": "lesson:47", "data": "{\"progress\": {\"es\": 0}}", "key.id": null, "key": "ahBwfm1vYmlsZWNzcC0yMDE3ciELEhJJMThuUHJvZ3Jlc3NFbnRpdHkiCWxlc3Nvbjo0NwyiAQxuc19tb2JpbGVjc3A"},
    {"key.name": "lesson:48", "data": "{\"progress\": {\"es\": 0}, \"is_i18n\": true}", "key.id": null, "key": "ahBwfm1vYmlsZWNzcC0yMDE3ciELEhJJMThuUHJvZ3Jlc3NFbnRpdHkiCWxlc3Nvbjo0OAyiAQxuc19tb2JpbGVjc3A"},
    {"key.name": "lesson:49", "data": "{\"progress\": {\"es\": 0}}", "key.id": null, "key": "ahBwfm1vYmlsZWNzcC0yMDE3ciELEhJJMThuUHJvZ3Jlc3NFbnRpdHkiCWxlc3Nvbjo0OQyiAQxuc19tb2JpbGVjc3A"},
    {"key.name": "lesson:50", "data": "{\"progress\": {\"es\": 0}}", "key.id": null, "key": "ahBwfm1vYmlsZWNzcC0yMDE3ciELEhJJMThuUHJvZ3Jlc3NFbnRpdHkiCWxlc3Nvbjo1MAyiAQxuc19tb2JpbGVjc3A"},
    {"key.name": "lesson:53", "data": "{\"progress\": {\"es\": 0}}", "key.id": null, "key": "ahBwfm1vYmlsZWNzcC0yMDE3ciELEhJJMThuUHJvZ3Jlc3NFbnRpdHkiCWxlc3Nvbjo1MwyiAQxuc19tb2JpbGVjc3A"},
    {"key.name": "lesson:54", "data": "{\"progress\": {\"es\": 0}}", "key.id": null, "key": "ahBwfm1vYmlsZWNzcC0yMDE3ciELEhJJMThuUHJvZ3Jlc3NFbnRpdHkiCWxlc3Nvbjo1NAyiAQxuc19tb2JpbGVjc3A"},
    {"key.name": "lesson:55", "data": "{\"progress\": {\"es\": 0}}", "key.id": null, "key": "ahBwfm1vYmlsZWNzcC0yMDE3ciELEhJJMThuUHJvZ3Jlc3NFbnRpdHkiCWxlc3Nvbjo1NQyiAQxuc19tb2JpbGVjc3A"},
    {"key.name": "lesson:56", "data": "{\"progress\": {\"es\": 0}}", "key.id": null, "key": "ahBwfm1vYmlsZWNzcC0yMDE3ciELEhJJMThuUHJvZ3Jlc3NFbnRpdHkiCWxlc3Nvbjo1NgyiAQxuc19tb2JpbGVjc3A"},
    {"key.name": "lesson:61", "data": "{\"progress\": {\"es\": 0}}", "key.id": null, "key": "ahBwfm1vYmlsZWNzcC0yMDE3ciELEhJJMThuUHJvZ3Jlc3NFbnRpdHkiCWxlc3Nvbjo2MQyiAQxuc19tb2JpbGVjc3A"},
    {"key.name": "lesson:62", "data": "{\"progress\": {\"es\": 0}}", "key.id": null, "key": "ahBwfm1vYmlsZWNzcC0yMDE3ciELEhJJMThuUHJvZ3Jlc3NFbnRpdHkiCWxlc3Nvbjo2MgyiAQxuc19tb2JpbGVjc3A"},
    {"key.name": "lesson:63", "data": "{\"progress\": {\"es\": 0}}", "key.id": null, "key": "ahBwfm1vYmlsZWNzcC0yMDE3ciELEhJJMThuUHJvZ3Jlc3NFbnRpdHkiCWxlc3Nvbjo2MwyiAQxuc19tb2JpbGVjc3A"},
    {"key.name": "lesson:64", "data": "{\"progress\": {\"es\": 0}}", "key.id": null, "key": "ahBwfm1vYmlsZWNzcC0yMDE3ciELEhJJMThuUHJvZ3Jlc3NFbnRpdHkiCWxlc3Nvbjo2NAyiAQxuc19tb2JpbGVjc3A"},
    {"key.name": "lesson:65", "data": "{\"progress\": {\"es\": 0}}", "key.id": null, "key": "ahBwfm1vYmlsZWNzcC0yMDE3ciELEhJJMThuUHJvZ3Jlc3NFbnRpdHkiCWxlc3Nvbjo2NQyiAQxuc19tb2JpbGVjc3A"},
    {"key.name": "lesson:66", "data": "{\"progress\": {\"es\": 0}}", "key.id": null, "key": "ahBwfm1vYmlsZWNzcC0yMDE3ciELEhJJMThuUHJvZ3Jlc3NFbnRpdHkiCWxlc3Nvbjo2NgyiAQxuc19tb2JpbGVjc3A"},
    {"key.name": "lesson:67", "data": "{\"progress\": {\"es\": 0}}", "key.id": null, "key": "ahBwfm1vYmlsZWNzcC0yMDE3ciELEhJJMThuUHJvZ3Jlc3NFbnRpdHkiCWxlc3Nvbjo2NwyiAQxuc19tb2JpbGVjc3A"},
    {"key.name": "lesson:68", "data": "{\"progress\": {\"es\": 0}}", "key.id": null, "key": "ahBwfm1vYmlsZWNzcC0yMDE3ciELEhJJMThuUHJvZ3Jlc3NFbnRpdHkiCWxlc3Nvbjo2OAyiAQxuc19tb2JpbGVjc3A"},
    {"key.name": "lesson:69", "data": "{\"progress\": {\"es\": 0}}", "key.id": null, "key": "ahBwfm1vYmlsZWNzcC0yMDE3ciELEhJJMThuUHJvZ3Jlc3NFbnRpdHkiCWxlc3Nvbjo2OQyiAQxuc19tb2JpbGVjc3A"},
    {"key.name": "lesson:70", "data": "{\"progress\": {\"es\": 0}}", "key.id": null, "key": "ahBwfm1vYmlsZWNzcC0yMDE3ciELEhJJMThuUHJvZ3Jlc3NFbnRpdHkiCWxlc3Nvbjo3MAyiAQxuc19tb2JpbGVjc3A"},
    {"key.name": "lesson:71", "data": "{\"progress\": {\"es\": 0}}", "key.id": null, "key": "ahBwfm1vYmlsZWNzcC0yMDE3ciELEhJJMThuUHJvZ3Jlc3NFbnRpdHkiCWxlc3Nvbjo3MQyiAQxuc19tb2JpbGVjc3A"},
    {"key.name": "lesson:76", "data": "{\"progress\": {\"es\": 0}}", "key.id": null, "key": "ahBwfm1vYmlsZWNzcC0yMDE3ciELEhJJMThuUHJvZ3Jlc3NFbnRpdHkiCWxlc3Nvbjo3NgyiAQxuc19tb2JpbGVjc3A"},
    {"key.name": "lesson:77", "data": "{\"progress\": {\"es\": 0}}", "key.id": null, "key": "ahBwfm1vYmlsZWNzcC0yMDE3ciELEhJJMThuUHJvZ3Jlc3NFbnRpdHkiCWxlc3Nvbjo3NwyiAQxuc19tb2JpbGVjc3A"},
    {"key.name": "lesson:78", "data": "{\"progress\": {\"es\": 0}}", "key.id": null, "key": "ahBwfm1vYmlsZWNzcC0yMDE3ciELEhJJMThuUHJvZ3Jlc3NFbnRpdHkiCWxlc3Nvbjo3OAyiAQxuc19tb2JpbGVjc3A"},
    {"key.name": "lesson:80", "data": "{\"progress\": {\"es\": 0}}", "key.id": null, "key": "ahBwfm1vYmlsZWNzcC0yMDE3ciELEhJJMThuUHJvZ3Jlc3NFbnRpdHkiCWxlc3Nvbjo4MAyiAQxuc19tb2JpbGVjc3A"},
    {"key.name": "lesson:81", "data": "{\"progress\": {\"es\": 0}}", "key.id": null, "key": "ahBwfm1vYmlsZWNzcC0yMDE3ciELEhJJMThuUHJvZ3Jlc3NFbnRpdHkiCWxlc3Nvbjo4MQyiAQxuc19tb2JpbGVjc3A"},
    {"key.name": "lesson:82", "data": "{\"progress\": {\"es\": 0}}", "key.id": null, "key": "ahBwfm1vYmlsZWNzcC0yMDE3ciELEhJJMThuUHJvZ3Jlc3NFbnRpdHkiCWxlc3Nvbjo4MgyiAQxuc19tb2JpbGVjc3A"},
    {"key.name": "lesson:83", "data": "{\"progress\": {\"es\": 0}}", "key.id": null, "key": "ahBwfm1vYmlsZWNzcC0yMDE3ciELEhJJMThuUHJvZ3Jlc3NFbnRpdHkiCWxlc3Nvbjo4MwyiAQxuc19tb2JpbGVjc3A"},
    {"key.name": "lesson:87", "data": "{\"progress\": {\"es\": 0}}", "key.id": null, "key": "ahBwfm1vYmlsZWNzcC0yMDE3ciELEhJJMThuUHJvZ3Jlc3NFbnRpdHkiCWxlc3Nvbjo4NwyiAQxuc19tb2JpbGVjc3A"},
    {"key.name": "lesson:88", "data": "{\"progress\": {\"es\": 0}}", "key.id": null, "key": "ahBwfm1vYmlsZWNzcC0yMDE3ciELEhJJMThuUHJvZ3Jlc3NFbnRpdHkiCWxlc3Nvbjo4OAyiAQxuc19tb2JpbGVjc3A"},
    {"key.name": "lesson:89", "data": "{\"progress\": {\"es\": 0}}", "key.id": null, "key": "ahBwfm1vYmlsZWNzcC0yMDE3ciELEhJJMThuUHJvZ3Jlc3NFbnRpdHkiCWxlc3Nvbjo4OQyiAQxuc19tb2JpbGVjc3A"},
    {"key.name": "lesson:95", "data": "{\"progress\": {\"es\": 0}}", "key.id": null, "key": "ahBwfm1vYmlsZWNzcC0yMDE3ciELEhJJMThuUHJvZ3Jlc3NFbnRpdHkiCWxlc3Nvbjo5NQyiAQxuc19tb2JpbGVjc3A"},
    {"key.name": "lesson:96", "data": "{\"progress\": {\"es\": 0}}", "key.id": null, "key": "ahBwfm1vYmlsZWNzcC0yMDE3ciELEhJJMThuUHJvZ3Jlc3NFbnRpdHkiCWxlc3Nvbjo5NgyiAQxuc19tb2JpbGVjc3A"},
    {"key.name": "lesson:97", "data": "{\"progress\": {\"es\": 0}}", "key.id": null, "key": "ahBwfm1vYmlsZWNzcC0yMDE3ciELEhJJMThuUHJvZ3Jlc3NFbnRpdHkiCWxlc3Nvbjo5NwyiAQxuc19tb2JpbGVjc3A"},
    {"key.name": "lesson:98", "data": "{\"progress\": {\"es\": 0}}", "key.id": null, "key": "ahBwfm1vYmlsZWNzcC0yMDE3ciELEhJJMThuUHJvZ3Jlc3NFbnRpdHkiCWxlc3Nvbjo5OAyiAQxuc19tb2JpbGVjc3A"},
    {"key.name": "lesson:99", "data": "{\"progress\": {\"es\": 0}}", "key.id": null, "key": "ahBwfm1vYmlsZWNzcC0yMDE3ciELEhJJMThuUHJvZ3Jlc3NFbnRpdHkiCWxlc3Nvbjo5OQyiAQxuc19tb2JpbGVjc3A"},
    {"key.name": "link:171", "data": "{\"progress\": {\"es\": 0}}", "key.id": null, "key": "ahBwfm1vYmlsZWNzcC0yMDE3ciALEhJJMThuUHJvZ3Jlc3NFbnRpdHkiCGxpbms6MTcxDKIBDG5zX21vYmlsZWNzcA"},
    {"key.name": "link:193", "data": "{\"progress\": {\"es\": 0}}", "key.id": null, "key": "ahBwfm1vYmlsZWNzcC0yMDE3ciALEhJJMThuUHJvZ3Jlc3NFbnRpdHkiCGxpbms6MTkzDKIBDG5zX21vYmlsZWNzcA"},
    {"key.name": "question_group:5135032834326528", "data": "{\"progress\": {\"es\": 0}}", "key.id": null, "key": "ahBwfm1vYmlsZWNzcC0yMDE3cjcLEhJJMThuUHJvZ3Jlc3NFbnRpdHkiH3F1ZXN0aW9uX2dyb3VwOjUxMzUwMzI4MzQzMjY1MjgMogEMbnNfbW9iaWxlY3Nw"},
    {"key.name": "question_group:5689792285114368", "data": "{\"progress\": {\"es\": 0}}", "key.id": null, "key": "ahBwfm1vYmlsZWNzcC0yMDE3cjcLEhJJMThuUHJvZ3Jlc3NFbnRpdHkiH3F1ZXN0aW9uX2dyb3VwOjU2ODk3OTIyODUxMTQzNjgMogEMbnNfbW9iaWxlY3Nw"},
    {"key.name": "question_group:5728116278296576", "data": "{\"progress\": {\"es\": 0}}", "key.id": null, "key": "ahBwfm1vYmlsZWNzcC0yMDE3cjcLEhJJMThuUHJvZ3Jlc3NFbnRpdHkiH3F1ZXN0aW9uX2dyb3VwOjU3MjgxMTYyNzgyOTY1NzYMogEMbnNfbW9iaWxlY3Nw"},
    {"key.name": "question_group:5741031244955648", "data": "{\"progress\": {\"es\": 0}}", "key.id": null, "key": "ahBwfm1vYmlsZWNzcC0yMDE3cjcLEhJJMThuUHJvZ3Jlc3NFbnRpdHkiH3F1ZXN0aW9uX2dyb3VwOjU3NDEwMzEyNDQ5NTU2NDgMogEMbnNfbW9iaWxlY3Nw"},
    {"key.name": "question_mc:4516674581561344", "data": "{\"progress\": {\"es\": 0}}", "key.id": null, "key": "ahBwfm1vYmlsZWNzcC0yMDE3cjQLEhJJMThuUHJvZ3Jlc3NFbnRpdHkiHHF1ZXN0aW9uX21jOjQ1MTY2NzQ1ODE1NjEzNDQMogEMbnNfbW9iaWxlY3Nw"},
    {"key.name": "question_mc:4654021059018752", "data": "{\"progress\": {\"es\": 0}}", "key.id": null, "key": "ahBwfm1vYmlsZWNzcC0yMDE3cjQLEhJJMThuUHJvZ3Jlc3NFbnRpdHkiHHF1ZXN0aW9uX21jOjQ2NTQwMjEwNTkwMTg3NTIMogEMbnNfbW9iaWxlY3Nw"},
    {"key.name": "question_mc:4665204695629824", "data": "{\"progress\": {\"es\": 0}}", "key.id": null, "key": "ahBwfm1vYmlsZWNzcC0yMDE3cjQLEhJJMThuUHJvZ3Jlc3NFbnRpdHkiHHF1ZXN0aW9uX21jOjQ2NjUyMDQ2OTU2Mjk4MjQMogEMbnNfbW9iaWxlY3Nw"},
    {"key.name": "question_mc:4693196589236224", "data": "{\"progress\": {\"es\": 0}}", "key.id": null, "key": "ahBwfm1vYmlsZWNzcC0yMDE3cjQLEhJJMThuUHJvZ3Jlc3NFbnRpdHkiHHF1ZXN0aW9uX21jOjQ2OTMxOTY1ODkyMzYyMjQMogEMbnNfbW9iaWxlY3Nw"},
    {"key.name": "question_mc:4729986912092160", "data": "{\"progress\": {\"es\": 0}}", "key.id": null, "key": "ahBwfm1vYmlsZWNzcC0yMDE3cjQLEhJJMThuUHJvZ3Jlc3NFbnRpdHkiHHF1ZXN0aW9uX21jOjQ3Mjk5ODY5MTIwOTIxNjAMogEMbnNfbW9iaWxlY3Nw"},
    {"key.name": "question_mc:4735651408773120", "data": "{\"progress\": {\"es\": 0}}", "key.id": null, "key": "ahBwfm1vYmlsZWNzcC0yMDE3cjQLEhJJMThuUHJvZ3Jlc3NFbnRpdHkiHHF1ZXN0aW9uX21jOjQ3MzU2NTE0MDg3NzMxMjAMogEMbnNfbW9iaWxlY3Nw"},
    {"key.name": "question_mc:4742707436060672", "data": "{\"progress\": {\"es\": 0}}", "key.id": null, "key": "ahBwfm1vYmlsZWNzcC0yMDE3cjQLEhJJMThuUHJvZ3Jlc3NFbnRpdHkiHHF1ZXN0aW9uX21jOjQ3NDI3MDc0MzYwNjA2NzIMogEMbnNfbW9iaWxlY3Nw"},
    {"key.name": "question_mc:4758170828275712", "data": "{\"progress\": {\"es\": 0}}", "key.id": null, "key": "ahBwfm1vYmlsZWNzcC0yMDE3cjQLEhJJMThuUHJvZ3Jlc3NFbnRpdHkiHHF1ZXN0aW9uX21jOjQ3NTgxNzA4MjgyNzU3MTIMogEMbnNfbW9iaWxlY3Nw"},
    {"key.name": "question_mc:4762076590374912", "data": "{\"progress\": {\"es\": 0}}", "key.id": null, "key": "ahBwfm1vYmlsZWNzcC0yMDE3cjQLEhJJMThuUHJvZ3Jlc3NFbnRpdHkiHHF1ZXN0aW9uX21jOjQ3NjIwNzY1OTAzNzQ5MTIMogEMbnNfbW9iaWxlY3Nw"},
    {"key.name": "question_mc:4765793674854400", "data": "{\"progress\": {\"es\": 0}}", "key.id": null, "key": "ahBwfm1vYmlsZWNzcC0yMDE3cjQLEhJJMThuUHJvZ3Jlc3NFbnRpdHkiHHF1ZXN0aW9uX21jOjQ3NjU3OTM2NzQ4NTQ0MDAMogEMbnNfbW9iaWxlY3Nw"},
    {"key.name": "question_mc:4791722492035072", "data": "{\"progress\": {\"es\": 0}}", "key.id": null, "key": "ahBwfm1vYmlsZWNzcC0yMDE3cjQLEhJJMThuUHJvZ3Jlc3NFbnRpdHkiHHF1ZXN0aW9uX21jOjQ3OTE3MjI0OTIwMzUwNzIMogEMbnNfbW9iaWxlY3Nw"},
    {"key.name": "question_mc:4848745178988544", "data": "{\"progress\": {\"es\": 0}}", "key.id": null, "key": "ahBwfm1vYmlsZWNzcC0yMDE3cjQLEhJJMThuUHJvZ3Jlc3NFbnRpdHkiHHF1ZXN0aW9uX21jOjQ4NDg3NDUxNzg5ODg1NDQMogEMbnNfbW9iaWxlY3Nw"},
    {"key.name": "question_mc:4856128127107072", "data": "{\"progress\": {\"es\": 0}}", "key.id": null, "key": "ahBwfm1vYmlsZWNzcC0yMDE3cjQLEhJJMThuUHJvZ3Jlc3NFbnRpdHkiHHF1ZXN0aW9uX21jOjQ4NTYxMjgxMjcxMDcwNzIMogEMbnNfbW9iaWxlY3Nw"},
    {"key.name": "question_mc:4856532971814912", "data": "{\"progress\": {\"es\": 0}}", "key.id": null, "key": "ahBwfm1vYmlsZWNzcC0yMDE3cjQLEhJJMThuUHJvZ3Jlc3NFbnRpdHkiHHF1ZXN0aW9uX21jOjQ4NTY1MzI5NzE4MTQ5MTIMogEMbnNfbW9iaWxlY3Nw"},
    {"key.name": "question_mc:4871812710137856", "data": "{\"progress\": {\"es\": 0}}", "key.id": null, "key": "ahBwfm1vYmlsZWNzcC0yMDE3cjQLEhJJMThuUHJvZ3Jlc3NFbnRpdHkiHHF1ZXN0aW9uX21jOjQ4NzE4MTI3MTAxMzc4NTYMogEMbnNfbW9iaWxlY3Nw"},
    {"key.name": "question_mc:4873672575680512", "data": "{\"progress\": {\"es\": 0}}", "key.id": null, "key": "ahBwfm1vYmlsZWNzcC0yMDE3cjQLEhJJMThuUHJvZ3Jlc3NFbnRpdHkiHHF1ZXN0aW9uX21jOjQ4NzM2NzI1NzU2ODA1MTIMogEMbnNfbW9iaWxlY3Nw"},
    {"key.name": "question_mc:4885824369852416", "data": "{\"progress\": {\"es\": 0}}", "key.id": null, "key": "ahBwfm1vYmlsZWNzcC0yMDE3cjQLEhJJMThuUHJvZ3Jlc3NFbnRpdHkiHHF1ZXN0aW9uX21jOjQ4ODU4MjQzNjk4NTI0MTYMogEMbnNfbW9iaWxlY3Nw"},
    {"key.name": "question_mc:4906743662379008", "data": "{\"progress\": {\"es\": 0}}", "key.id": null, "key": "ahBwfm1vYmlsZWNzcC0yMDE3cjQLEhJJMThuUHJvZ3Jlc3NFbnRpdHkiHHF1ZXN0aW9uX21jOjQ5MDY3NDM2NjIzNzkwMDgMogEMbnNfbW9iaWxlY3Nw"},
    {"key.name": "question_mc:4911545570033664", "data": "{\"progress\": {\"es\": 0}}", "key.id": null, "key": "ahBwfm1vYmlsZWNzcC0yMDE3cjQLEhJJMThuUHJvZ3Jlc3NFbnRpdHkiHHF1ZXN0aW9uX21jOjQ5MTE1NDU1NzAwMzM2NjQMogEMbnNfbW9iaWxlY3Nw"},
    {"key.name": "question_mc:4917299846840320", "data": "{\"progress\": {\"es\": 0}}", "key.id": null, "key": "ahBwfm1vYmlsZWNzcC0yMDE3cjQLEhJJMThuUHJvZ3Jlc3NFbnRpdHkiHHF1ZXN0aW9uX21jOjQ5MTcyOTk4NDY4NDAzMjAMogEMbnNfbW9iaWxlY3Nw"},
    {"key.name": "question_mc:4919153316069376", "data": "{\"progress\": {\"es\": 0}}", "key.id": null, "key": "ahBwfm1vYmlsZWNzcC0yMDE3cjQLEhJJMThuUHJvZ3Jlc3NFbnRpdHkiHHF1ZXN0aW9uX21jOjQ5MTkxNTMzMTYwNjkzNzYMogEMbnNfbW9iaWxlY3Nw"},
    {"key.name": "question_mc:4923559616970752", "data": "{\"progress\": {\"es\": 0}}", "key.id": null, "key": "ahBwfm1vYmlsZWNzcC0yMDE3cjQLEhJJMThuUHJvZ3Jlc3NFbnRpdHkiHHF1ZXN0aW9uX21jOjQ5MjM1NTk2MTY5NzA3NTIMogEMbnNfbW9iaWxlY3Nw"},
    {"key.name": "question_mc:4934265158500352", "data": "{\"progress\": {\"es\": 0}}", "key.id": null, "key": "ahBwfm1vYmlsZWNzcC0yMDE3cjQLEhJJMThuUHJvZ3Jlc3NFbnRpdHkiHHF1ZXN0aW9uX21jOjQ5MzQyNjUxNTg1MDAzNTIMogEMbnNfbW9iaWxlY3Nw"},
    {"key.name": "question_mc:4998739966033920", "data": "{\"progress\": {\"es\": 0}}", "key.id": null, "key": "ahBwfm1vYmlsZWNzcC0yMDE3cjQLEhJJMThuUHJvZ3Jlc3NFbnRpdHkiHHF1ZXN0aW9uX21jOjQ5OTg3Mzk5NjYwMzM5MjAMogEMbnNfbW9iaWxlY3Nw"},
    {"key.name": "question_mc:5039850990338048", "data": "{\"progress\": {\"es\": 0}}", "key.id": null, "key": "ahBwfm1vYmlsZWNzcC0yMDE3cjQLEhJJMThuUHJvZ3Jlc3NFbnRpdHkiHHF1ZXN0aW9uX21jOjUwMzk4NTA5OTAzMzgwNDgMogEMbnNfbW9iaWxlY3Nw"},
    {"key.name": "question_mc:5045677147029504", "data": "{\"progress\": {\"es\": 0}}", "key.id": null, "key": "ahBwfm1vYmlsZWNzcC0yMDE3cjQLEhJJMThuUHJvZ3Jlc3NFbnRpdHkiHHF1ZXN0aW9uX21jOjUwNDU2NzcxNDcwMjk1MDQMogEMbnNfbW9iaWxlY3Nw"},
    {"key.name": "question_mc:5050363570814976", "data": "{\"progress\": {\"es\": 0}}", "key.id": null, "key": "ahBwfm1vYmlsZWNzcC0yMDE3cjQLEhJJMThuUHJvZ3Jlc3NFbnRpdHkiHHF1ZXN0aW9uX21jOjUwNTAzNjM1NzA4MTQ5NzYMogEMbnNfbW9iaWxlY3Nw"},
    {"key.name": "question_mc:5072465898242048", "data": "{\"progress\": {\"es\": 0}}", "key.id": null, "key": "ahBwfm1vYmlsZWNzcC0yMDE3cjQLEhJJMThuUHJvZ3Jlc3NFbnRpdHkiHHF1ZXN0aW9uX21jOjUwNzI0NjU4OTgyNDIwNDgMogEMbnNfbW9iaWxlY3Nw"},
    {"key.name": "question_mc:5076324926357504", "data": "{\"progress\": {\"es\": 0}}", "key.id": null, "key": "ahBwfm1vYmlsZWNzcC0yMDE3cjQLEhJJMThuUHJvZ3Jlc3NFbnRpdHkiHHF1ZXN0aW9uX21jOjUwNzYzMjQ5MjYzNTc1MDQMogEMbnNfbW9iaWxlY3Nw"},
    {"key.name": "question_mc:5076734189764608", "data": "{\"progress\": {\"es\": 0}}", "key.id": null, "key": "ahBwfm1vYmlsZWNzcC0yMDE3cjQLEhJJMThuUHJvZ3Jlc3NFbnRpdHkiHHF1ZXN0aW9uX21jOjUwNzY3MzQxODk3NjQ2MDgMogEMbnNfbW9iaWxlY3Nw"},
    {"key.name": "question_mc:5080491044634624", "data": "{\"progress\": {\"es\": 0}}", "key.id": null, "key": "ahBwfm1vYmlsZWNzcC0yMDE3cjQLEhJJMThuUHJvZ3Jlc3NFbnRpdHkiHHF1ZXN0aW9uX21jOjUwODA0OTEwNDQ2MzQ2MjQMogEMbnNfbW9iaWxlY3Nw"},
    {"key.name": "question_mc:5084358662684672", "data": "{\"progress\": {\"es\": 0}}", "key.id": null, "key": "ahBwfm1vYmlsZWNzcC0yMDE3cjQLEhJJMThuUHJvZ3Jlc3NFbnRpdHkiHHF1ZXN0aW9uX21jOjUwODQzNTg2NjI2ODQ2NzIMogEMbnNfbW9iaWxlY3Nw"},
    {"key.name": "question_mc:5091778531164160", "data": "{\"progress\": {\"es\": 0}}", "key.id": null, "key": "ahBwfm1vYmlsZWNzcC0yMDE3cjQLEhJJMThuUHJvZ3Jlc3NFbnRpdHkiHHF1ZXN0aW9uX21jOjUwOTE3Nzg1MzExNjQxNjAMogEMbnNfbW9iaWxlY3Nw"},
    {"key.name": "question_mc:5093824770605056", "data": "{\"progress\": {\"es\": 0}}", "key.id": null, "key": "ahBwfm1vYmlsZWNzcC0yMDE3cjQLEhJJMThuUHJvZ3Jlc3NFbnRpdHkiHHF1ZXN0aW9uX21jOjUwOTM4MjQ3NzA2MDUwNTYMogEMbnNfbW9iaWxlY3Nw"},
    {"key.name": "question_mc:5098144048087040", "data": "{\"progress\": {\"es\": 0}}", "key.id": null, "key": "ahBwfm1vYmlsZWNzcC0yMDE3cjQLEhJJMThuUHJvZ3Jlc3NFbnRpdHkiHHF1ZXN0aW9uX21jOjUwOTgxNDQwNDgwODcwNDAMogEMbnNfbW9iaWxlY3Nw"},
    {"key.name": "question_mc:5098508432441344", "data": "{\"progress\": {\"es\": 0}}", "key.id": null, "key": "ahBwfm1vYmlsZWNzcC0yMDE3cjQLEhJJMThuUHJvZ3Jlc3NFbnRpdHkiHHF1ZXN0aW9uX21jOjUwOTg1MDg0MzI0NDEzNDQMogEMbnNfbW9iaWxlY3Nw"},
    {"key.name": "question_mc:5102821217140736", "data": "{\"progress\": {\"es\": 0}}", "key.id": null, "key": "ahBwfm1vYmlsZWNzcC0yMDE3cjQLEhJJMThuUHJvZ3Jlc3NFbnRpdHkiHHF1ZXN0aW9uX21jOjUxMDI4MjEyMTcxNDA3MzYMogEMbnNfbW9iaWxlY3Nw"},
    {"key.name": "question_mc:5103133306912768", "data": "{\"progress\": {\"es\": 0}}", "key.id": null, "key": "ahBwfm1vYmlsZWNzcC0yMDE3cjQLEhJJMThuUHJvZ3Jlc3NFbnRpdHkiHHF1ZXN0aW9uX21jOjUxMDMxMzMzMDY5MTI3NjgMogEMbnNfbW9iaWxlY3Nw"},
    {"key.name": "question_mc:5113880120393728", "data": "{\"progress\": {\"es\": 0}}", "key.id": null, "key": "ahBwfm1vYmlsZWNzcC0yMDE3cjQLEhJJMThuUHJvZ3Jlc3NFbnRpdHkiHHF1ZXN0aW9uX21jOjUxMTM4ODAxMjAzOTM3MjgMogEMbnNfbW9iaWxlY3Nw"},
    {"key.name": "question_mc:5119577320062976", "data": "{\"progress\": {\"es\": 0}}", "key.id": null, "key": "ahBwfm1vYmlsZWNzcC0yMDE3cjQLEhJJMThuUHJvZ3Jlc3NFbnRpdHkiHHF1ZXN0aW9uX21jOjUxMTk1NzczMjAwNjI5NzYMogEMbnNfbW9iaWxlY3Nw"},
    {"key.name": "question_mc:5123356965732352", "data": "{\"progress\": {\"es\": 0}}", "key.id": null, "key": "ahBwfm1vYmlsZWNzcC0yMDE3cjQLEhJJMThuUHJvZ3Jlc3NFbnRpdHkiHHF1ZXN0aW9uX21jOjUxMjMzNTY5NjU3MzIzNTIMogEMbnNfbW9iaWxlY3Nw"},
    {"key.name": "question_mc:5139076982243328", "data": "{\"progress\": {\"es\": 0}}", "key.id": null, "key": "ahBwfm1vYmlsZWNzcC0yMDE3cjQLEhJJMThuUHJvZ3Jlc3NFbnRpdHkiHHF1ZXN0aW9uX21jOjUxMzkwNzY5ODIyNDMzMjgMogEMbnNfbW9iaWxlY3Nw"},
    {"key.name": "question_mc:5142460119384064", "data": "{\"progress\": {\"es\": 0}}", "key.id": null, "key": "ahBwfm1vYmlsZWNzcC0yMDE3cjQLEhJJMThuUHJvZ3Jlc3NFbnRpdHkiHHF1ZXN0aW9uX21jOjUxNDI0NjAxMTkzODQwNjQMogEMbnNfbW9iaWxlY3Nw"},
    {"key.name": "question_mc:5148883030114304", "data": "{\"progress\": {\"es\": 0}}", "key.id": null, "key": "ahBwfm1vYmlsZWNzcC0yMDE3cjQLEhJJMThuUHJvZ3Jlc3NFbnRpdHkiHHF1ZXN0aW9uX21jOjUxNDg4ODMwMzAxMTQzMDQMogEMbnNfbW9iaWxlY3Nw"},
    {"key.name": "question_mc:5150886206636032", "data": "{\"progress\": {\"es\": 0}}", "key.id": null, "key": "ahBwfm1vYmlsZWNzcC0yMDE3cjQLEhJJMThuUHJvZ3Jlc3NFbnRpdHkiHHF1ZXN0aW9uX21jOjUxNTA4ODYyMDY2MzYwMzIMogEMbnNfbW9iaWxlY3Nw"},
    {"key.name": "question_mc:5151222596108288", "data": "{\"progress\": {\"es\": 0}}", "key.id": null, "key": "ahBwfm1vYmlsZWNzcC0yMDE3cjQLEhJJMThuUHJvZ3Jlc3NFbnRpdHkiHHF1ZXN0aW9uX21jOjUxNTEyMjI1OTYxMDgyODgMogEMbnNfbW9iaWxlY3Nw"},
    {"key.name": "question_mc:5152476843999232", "data": "{\"progress\": {\"es\": 0}}", "key.id": null, "key": "ahBwfm1vYmlsZWNzcC0yMDE3cjQLEhJJMThuUHJvZ3Jlc3NFbnRpdHkiHHF1ZXN0aW9uX21jOjUxNTI0NzY4NDM5OTkyMzIMogEMbnNfbW9iaWxlY3Nw"},
    {"key.name": "question_mc:5155582105354240", "data": "{\"progress\": {\"es\": 0}}", "key.id": null, "key": "ahBwfm1vYmlsZWNzcC0yMDE3cjQLEhJJMThuUHJvZ3Jlc3NFbnRpdHkiHHF1ZXN0aW9uX21jOjUxNTU1ODIxMDUzNTQyNDAMogEMbnNfbW9iaWxlY3Nw"},
    {"key.name": "question_mc:5157289489072128", "data": "{\"progress\": {\"es\": 0}}", "key.id": null, "key": "ahBwfm1vYmlsZWNzcC0yMDE3cjQLEhJJMThuUHJvZ3Jlc3NFbnRpdHkiHHF1ZXN0aW9uX21jOjUxNTcyODk0ODkwNzIxMjgMogEMbnNfbW9iaWxlY3Nw"},
    {"key.name": "question_mc:5162252189564928", "data": "{\"progress\": {\"es\": 0}}", "key.id": null, "key": "ahBwfm1vYmlsZWNzcC0yMDE3cjQLEhJJMThuUHJvZ3Jlc3NFbnRpdHkiHHF1ZXN0aW9uX21jOjUxNjIyNTIxODk1NjQ5MjgMogEMbnNfbW9iaWxlY3Nw"},
    {"key.name": "question_mc:5165166324875264", "data": "{\"progress\": {\"es\": 0}}", "key.id": null, "key": "ahBwfm1vYmlsZWNzcC0yMDE3cjQLEhJJMThuUHJvZ3Jlc3NFbnRpdHkiHHF1ZXN0aW9uX21jOjUxNjUxNjYzMjQ4NzUyNjQMogEMbnNfbW9iaWxlY3Nw"},
    {"key.name": "question_mc:5166251072552960", "data": "{\"progress\": {\"es\": 0}}", "key.id": null, "key": "ahBwfm1vYmlsZWNzcC0yMDE3cjQLEhJJMThuUHJvZ3Jlc3NFbnRpdHkiHHF1ZXN0aW9uX21jOjUxNjYyNTEwNzI1NTI5NjAMogEMbnNfbW9iaWxlY3Nw"},
    {"key.name": "question_mc:5177138009341952", "data": "{\"progress\": {\"es\": 0}}", "key.id": null, "key": "ahBwfm1vYmlsZWNzcC0yMDE3cjQLEhJJMThuUHJvZ3Jlc3NFbnRpdHkiHHF1ZXN0aW9uX21jOjUxNzcxMzgwMDkzNDE5NTIMogEMbnNfbW9iaWxlY3Nw"},
    {"key.name": "question_mc:5182592006488064", "data": "{\"progress\": {\"es\": 0}}", "key.id": null, "key": "ahBwfm1vYmlsZWNzcC0yMDE3cjQLEhJJMThuUHJvZ3Jlc3NFbnRpdHkiHHF1ZXN0aW9uX21jOjUxODI1OTIwMDY0ODgwNjQMogEMbnNfbW9iaWxlY3Nw"},
    {"key.name": "question_mc:5183218760286208", "data": "{\"progress\": {\"es\": 0}}", "key.id": null, "key": "ahBwfm1vYmlsZWNzcC0yMDE3cjQLEhJJMThuUHJvZ3Jlc3NFbnRpdHkiHHF1ZXN0aW9uX21jOjUxODMyMTg3NjAyODYyMDgMogEMbnNfbW9iaWxlY3Nw"},
    {"key.name": "question_mc:5185895078559744", "data": "{\"progress\": {\"es\": 0}}", "key.id": null, "key": "ahBwfm1vYmlsZWNzcC0yMDE3cjQLEhJJMThuUHJvZ3Jlc3NFbnRpdHkiHHF1ZXN0aW9uX21jOjUxODU4OTUwNzg1NTk3NDQMogEMbnNfbW9iaWxlY3Nw"},
    {"key.name": "question_mc:5187135082594304", "data": "{\"progress\": {\"es\": 0}}", "key.id": null, "key": "ahBwfm1vYmlsZWNzcC0yMDE3cjQLEhJJMThuUHJvZ3Jlc3NFbnRpdHkiHHF1ZXN0aW9uX21jOjUxODcxMzUwODI1OTQzMDQMogEMbnNfbW9iaWxlY3Nw"},
    {"key.name": "question_mc:5189486661074944", "data": "{\"progress\": {\"es\": 0}}", "key.id": null, "key": "ahBwfm1vYmlsZWNzcC0yMDE3cjQLEhJJMThuUHJvZ3Jlc3NFbnRpdHkiHHF1ZXN0aW9uX21jOjUxODk0ODY2NjEwNzQ5NDQMogEMbnNfbW9iaWxlY3Nw"},
    {"key.name": "question_mc:5191002700644352", "data": "{\"progress\": {\"es\": 0}}", "key.id": null, "key": "ahBwfm1vYmlsZWNzcC0yMDE3cjQLEhJJMThuUHJvZ3Jlc3NFbnRpdHkiHHF1ZXN0aW9uX21jOjUxOTEwMDI3MDA2NDQzNTIMogEMbnNfbW9iaWxlY3Nw"},
    {"key.name": "question_mc:5191954035900416", "data": "{\"progress\": {\"es\": 0}}", "key.id": null, "key": "ahBwfm1vYmlsZWNzcC0yMDE3cjQLEhJJMThuUHJvZ3Jlc3NFbnRpdHkiHHF1ZXN0aW9uX21jOjUxOTE5NTQwMzU5MDA0MTYMogEMbnNfbW9iaWxlY3Nw"},
    {"key.name": "question_mc:5196564985282560", "data": "{\"progress\": {\"es\": 0}}", "key.id": null, "key": "ahBwfm1vYmlsZWNzcC0yMDE3cjQLEhJJMThuUHJvZ3Jlc3NFbnRpdHkiHHF1ZXN0aW9uX21jOjUxOTY1NjQ5ODUyODI1NjAMogEMbnNfbW9iaWxlY3Nw"},
    {"key.name": "question_mc:5210264002625536", "data": "{\"progress\": {\"es\": 0}}", "key.id": null, "key": "ahBwfm1vYmlsZWNzcC0yMDE3cjQLEhJJMThuUHJvZ3Jlc3NFbnRpdHkiHHF1ZXN0aW9uX21jOjUyMTAyNjQwMDI2MjU1MzYMogEMbnNfbW9iaWxlY3Nw"},
    {"key.name": "question_mc:5211729575280640", "data": "{\"progress\": {\"es\": 0}}", "key.id": null, "key": "ahBwfm1vYmlsZWNzcC0yMDE3cjQLEhJJMThuUHJvZ3Jlc3NFbnRpdHkiHHF1ZXN0aW9uX21jOjUyMTE3Mjk1NzUyODA2NDAMogEMbnNfbW9iaWxlY3Nw"},
    {"key.name": "question_mc:5224544600064000", "data": "{\"progress\": {\"es\": 0}}", "key.id": null, "key": "ahBwfm1vYmlsZWNzcC0yMDE3cjQLEhJJMThuUHJvZ3Jlc3NFbnRpdHkiHHF1ZXN0aW9uX21jOjUyMjQ1NDQ2MDAwNjQwMDAMogEMbnNfbW9iaWxlY3Nw"},
    {"key.name": "question_mc:5231342912536576", "data": "{\"progress\": {\"es\": 0}}", "key.id": null, "key": "ahBwfm1vYmlsZWNzcC0yMDE3cjQLEhJJMThuUHJvZ3Jlc3NFbnRpdHkiHHF1ZXN0aW9uX21jOjUyMzEzNDI5MTI1MzY1NzYMogEMbnNfbW9iaWxlY3Nw"},
    {"key.name": "question_mc:5232016014442496", "data": "{\"progress\": {\"es\": 0}}", "key.id": null, "key": "ahBwfm1vYmlsZWNzcC0yMDE3cjQLEhJJMThuUHJvZ3Jlc3NFbnRpdHkiHHF1ZXN0aW9uX21jOjUyMzIwMTYwMTQ0NDI0OTYMogEMbnNfbW9iaWxlY3Nw"},
    {"key.name": "question_mc:5235357460201472", "data": "{\"progress\": {\"es\": 0}}", "key.id": null, "key": "ahBwfm1vYmlsZWNzcC0yMDE3cjQLEhJJMThuUHJvZ3Jlc3NFbnRpdHkiHHF1ZXN0aW9uX21jOjUyMzUzNTc0NjAyMDE0NzIMogEMbnNfbW9iaWxlY3Nw"},
    {"key.name": "question_mc:5279640837947392", "data": "{\"progress\": {\"es\": 0}}", "key.id": null, "key": "ahBwfm1vYmlsZWNzcC0yMDE3cjQLEhJJMThuUHJvZ3Jlc3NFbnRpdHkiHHF1ZXN0aW9uX21jOjUyNzk2NDA4Mzc5NDczOTIMogEMbnNfbW9iaWxlY3Nw"},
    {"key.name": "question_mc:5320841015328768", "data": "{\"progress\": {\"es\": 0}}", "key.id": null, "key": "ahBwfm1vYmlsZWNzcC0yMDE3cjQLEhJJMThuUHJvZ3Jlc3NFbnRpdHkiHHF1ZXN0aW9uX21jOjUzMjA4NDEwMTUzMjg3NjgMogEMbnNfbW9iaWxlY3Nw"},
    {"key.name": "question_mc:5345946061766656", "data": "{\"progress\": {\"es\": 0}}", "key.id": null, "key": "ahBwfm1vYmlsZWNzcC0yMDE3cjQLEhJJMThuUHJvZ3Jlc3NFbnRpdHkiHHF1ZXN0aW9uX21jOjUzNDU5NDYwNjE3NjY2NTYMogEMbnNfbW9iaWxlY3Nw"},
    {"key.name": "question_mc:5393900109824000", "data": "{\"progress\": {\"es\": 0}}", "key.id": null, "key": "ahBwfm1vYmlsZWNzcC0yMDE3cjQLEhJJMThuUHJvZ3Jlc3NFbnRpdHkiHHF1ZXN0aW9uX21jOjUzOTM5MDAxMDk4MjQwMDAMogEMbnNfbW9iaWxlY3Nw"},
    {"key.name": "question_mc:5399273165291520", "data": "{\"progress\": {\"es\": 0}}", "key.id": null, "key": "ahBwfm1vYmlsZWNzcC0yMDE3cjQLEhJJMThuUHJvZ3Jlc3NFbnRpdHkiHHF1ZXN0aW9uX21jOjUzOTkyNzMxNjUyOTE1MjAMogEMbnNfbW9iaWxlY3Nw"},
    {"key.name": "question_mc:5401035224907776", "data": "{\"progress\": {\"es\": 0}}", "key.id": null, "key": "ahBwfm1vYmlsZWNzcC0yMDE3cjQLEhJJMThuUHJvZ3Jlc3NFbnRpdHkiHHF1ZXN0aW9uX21jOjU0MDEwMzUyMjQ5MDc3NzYMogEMbnNfbW9iaWxlY3Nw"},
    {"key.name": "question_mc:5412442751369216", "data": "{\"progress\": {\"es\": 0}}", "key.id": null, "key": "ahBwfm1vYmlsZWNzcC0yMDE3cjQLEhJJMThuUHJvZ3Jlc3NFbnRpdHkiHHF1ZXN0aW9uX21jOjU0MTI0NDI3NTEzNjkyMTYMogEMbnNfbW9iaWxlY3Nw"},
    {"key.name": "question_mc:5415703544856576", "data": "{\"progress\": {\"es\": 0}}", "key.id": null, "key": "ahBwfm1vYmlsZWNzcC0yMDE3cjQLEhJJMThuUHJvZ3Jlc3NFbnRpdHkiHHF1ZXN0aW9uX21jOjU0MTU3MDM1NDQ4NTY1NzYMogEMbnNfbW9iaWxlY3Nw"},
    {"key.name": "question_mc:5457763253616640", "data": "{\"progress\": {\"es\": 0}}", "key.id": null, "key": "ahBwfm1vYmlsZWNzcC0yMDE3cjQLEhJJMThuUHJvZ3Jlc3NFbnRpdHkiHHF1ZXN0aW9uX21jOjU0NTc3NjMyNTM2MTY2NDAMogEMbnNfbW9iaWxlY3Nw"},
    {"key.name": "question_mc:5461578503684096", "data": "{\"progress\": {\"es\": 0}}", "key.id": null, "key": "ahBwfm1vYmlsZWNzcC0yMDE3cjQLEhJJMThuUHJvZ3Jlc3NFbnRpdHkiHHF1ZXN0aW9uX21jOjU0NjE1Nzg1MDM2ODQwOTYMogEMbnNfbW9iaWxlY3Nw"},
    {"key.name": "question_mc:5482103269490688", "data": "{\"progress\": {\"es\": 0}}", "key.id": null, "key": "ahBwfm1vYmlsZWNzcC0yMDE3cjQLEhJJMThuUHJvZ3Jlc3NFbnRpdHkiHHF1ZXN0aW9uX21jOjU0ODIxMDMyNjk0OTA2ODgMogEMbnNfbW9iaWxlY3Nw"},
    {"key.name": "question_mc:5488406570205184", "data": "{\"progress\": {\"es\": 0}}", "key.id": null, "key": "ahBwfm1vYmlsZWNzcC0yMDE3cjQLEhJJMThuUHJvZ3Jlc3NFbnRpdHkiHHF1ZXN0aW9uX21jOjU0ODg0MDY1NzAyMDUxODQMogEMbnNfbW9iaWxlY3Nw"},
    {"key.name": "question_mc:5509995290427392", "data": "{\"progress\": {\"es\": 0}}", "key.id": null, "key": "ahBwfm1vYmlsZWNzcC0yMDE3cjQLEhJJMThuUHJvZ3Jlc3NFbnRpdHkiHHF1ZXN0aW9uX21jOjU1MDk5OTUyOTA0MjczOTIMogEMbnNfbW9iaWxlY3Nw"},
    {"key.name": "question_mc:5527817961865216", "data": "{\"progress\": {\"es\": 0}}", "key.id": null, "key": "ahBwfm1vYmlsZWNzcC0yMDE3cjQLEhJJMThuUHJvZ3Jlc3NFbnRpdHkiHHF1ZXN0aW9uX21jOjU1Mjc4MTc5NjE4NjUyMTYMogEMbnNfbW9iaWxlY3Nw"},
    {"key.name": "question_mc:5528639810568192", "data": "{\"progress\": {\"es\": 0}}", "key.id": null, "key": "ahBwfm1vYmlsZWNzcC0yMDE3cjQLEhJJMThuUHJvZ3Jlc3NFbnRpdHkiHHF1ZXN0aW9uX21jOjU1Mjg2Mzk4MTA1NjgxOTIMogEMbnNfbW9iaWxlY3Nw"},
    {"key.name": "question_mc:5549879240687616", "data": "{\"progress\": {\"es\": 0}}", "key.id": null, "key": "ahBwfm1vYmlsZWNzcC0yMDE3cjQLEhJJMThuUHJvZ3Jlc3NFbnRpdHkiHHF1ZXN0aW9uX21jOjU1NDk4NzkyNDA2ODc2MTYMogEMbnNfbW9iaWxlY3Nw"},
    {"key.name": "question_mc:5557132019630080", "data": "{\"progress\": {\"es\": 0}}", "key.id": null, "key": "ahBwfm1vYmlsZWNzcC0yMDE3cjQLEhJJMThuUHJvZ3Jlc3NFbnRpdHkiHHF1ZXN0aW9uX21jOjU1NTcxMzIwMTk2MzAwODAMogEMbnNfbW9iaWxlY3Nw"},
    {"key.name": "question_mc:5562641372151808", "data": "{\"progress\": {\"es\": 0}}", "key.id": null, "key": "ahBwfm1vYmlsZWNzcC0yMDE3cjQLEhJJMThuUHJvZ3Jlc3NFbnRpdHkiHHF1ZXN0aW9uX21jOjU1NjI2NDEzNzIxNTE4MDgMogEMbnNfbW9iaWxlY3Nw"},
    {"key.name": "question_mc:5592645023825920", "data": "{\"progress\": {\"es\": 0}}", "key.id": null, "key": "ahBwfm1vYmlsZWNzcC0yMDE3cjQLEhJJMThuUHJvZ3Jlc3NFbnRpdHkiHHF1ZXN0aW9uX21jOjU1OTI2NDUwMjM4MjU5MjAMogEMbnNfbW9iaWxlY3Nw"},
    {"key.name": "question_mc:5602443530338304", "data": "{\"progress\": {\"es\": 0}}", "key.id": null, "key": "ahBwfm1vYmlsZWNzcC0yMDE3cjQLEhJJMThuUHJvZ3Jlc3NFbnRpdHkiHHF1ZXN0aW9uX21jOjU2MDI0NDM1MzAzMzgzMDQMogEMbnNfbW9iaWxlY3Nw"},
    {"key.name": "question_mc:5629499534213120", "data": "{\"progress\": {\"es\": 0}}", "key.id": null, "key": "ahBwfm1vYmlsZWNzcC0yMDE3cjQLEhJJMThuUHJvZ3Jlc3NFbnRpdHkiHHF1ZXN0aW9uX21jOjU2Mjk0OTk1MzQyMTMxMjAMogEMbnNfbW9iaWxlY3Nw"},
    {"key.name": "question_mc:5630721452408832", "data": "{\"progress\": {\"es\": 0}}", "key.id": null, "key": "ahBwfm1vYmlsZWNzcC0yMDE3cjQLEhJJMThuUHJvZ3Jlc3NFbnRpdHkiHHF1ZXN0aW9uX21jOjU2MzA3MjE0NTI0MDg4MzIMogEMbnNfbW9iaWxlY3Nw"},
    {"key.name": "question_mc:5631768182915072", "data": "{\"progress\": {\"es\": 0}}", "key.id": null, "key": "ahBwfm1vYmlsZWNzcC0yMDE3cjQLEhJJMThuUHJvZ3Jlc3NFbnRpdHkiHHF1ZXN0aW9uX21jOjU2MzE3NjgxODI5MTUwNzIMogEMbnNfbW9iaWxlY3Nw"},
    {"key.name": "question_mc:5634387206995968", "data": "{\"progress\": {\"es\": 0}}", "key.id": null, "key": "ahBwfm1vYmlsZWNzcC0yMDE3cjQLEhJJMThuUHJvZ3Jlc3NFbnRpdHkiHHF1ZXN0aW9uX21jOjU2MzQzODcyMDY5OTU5NjgMogEMbnNfbW9iaWxlY3Nw"},
    {"key.name": "question_mc:5635415851663360", "data": "{\"progress\": {\"es\": 0}}", "key.id": null, "key": "ahBwfm1vYmlsZWNzcC0yMDE3cjQLEhJJMThuUHJvZ3Jlc3NFbnRpdHkiHHF1ZXN0aW9uX21jOjU2MzU0MTU4NTE2NjMzNjAMogEMbnNfbW9iaWxlY3Nw"},
    {"key.name": "question_mc:5636470266134528", "data": "{\"progress\": {\"es\": 0}}", "key.id": null, "key": "ahBwfm1vYmlsZWNzcC0yMDE3cjQLEhJJMThuUHJvZ3Jlc3NFbnRpdHkiHHF1ZXN0aW9uX21jOjU2MzY0NzAyNjYxMzQ1MjgMogEMbnNfbW9iaWxlY3Nw"},
    {"key.name": "question_mc:5637952600276992", "data": "{\"progress\": {\"es\": 0}}", "key.id": null, "key": "ahBwfm1vYmlsZWNzcC0yMDE3cjQLEhJJMThuUHJvZ3Jlc3NFbnRpdHkiHHF1ZXN0aW9uX21jOjU2Mzc5NTI2MDAyNzY5OTIMogEMbnNfbW9iaWxlY3Nw"},
    {"key.name": "question_mc:5639274879778816", "data": "{\"progress\": {\"es\": 0}}", "key.id": null, "key": "ahBwfm1vYmlsZWNzcC0yMDE3cjQLEhJJMThuUHJvZ3Jlc3NFbnRpdHkiHHF1ZXN0aW9uX21jOjU2MzkyNzQ4Nzk3Nzg4MTYMogEMbnNfbW9iaWxlY3Nw"},
    {"key.name": "question_mc:5643440998055936", "data": "{\"progress\": {\"es\": 0}}", "key.id": null, "key": "ahBwfm1vYmlsZWNzcC0yMDE3cjQLEhJJMThuUHJvZ3Jlc3NFbnRpdHkiHHF1ZXN0aW9uX21jOjU2NDM0NDA5OTgwNTU5MzYMogEMbnNfbW9iaWxlY3Nw"},
    {"key.name": "question_mc:5647308616105984", "data": "{\"progress\": {\"es\": 0}}", "key.id": null, "key": "ahBwfm1vYmlsZWNzcC0yMDE3cjQLEhJJMThuUHJvZ3Jlc3NFbnRpdHkiHHF1ZXN0aW9uX21jOjU2NDczMDg2MTYxMDU5ODQMogEMbnNfbW9iaWxlY3Nw"},
    {"key.name": "question_mc:5650435463446528", "data": "{\"progress\": {\"es\": 0}}", "key.id": null, "key": "ahBwfm1vYmlsZWNzcC0yMDE3cjQLEhJJMThuUHJvZ3Jlc3NFbnRpdHkiHHF1ZXN0aW9uX21jOjU2NTA0MzU0NjM0NDY1MjgMogEMbnNfbW9iaWxlY3Nw"},
    {"key.name": "question_mc:5651442522128384", "data": "{\"progress\": {\"es\": 0}}", "key.id": null, "key": "ahBwfm1vYmlsZWNzcC0yMDE3cjQLEhJJMThuUHJvZ3Jlc3NFbnRpdHkiHHF1ZXN0aW9uX21jOjU2NTE0NDI1MjIxMjgzODQMogEMbnNfbW9iaWxlY3Nw"},
    {"key.name": "question_mc:5653803764285440", "data": "{\"progress\": {\"es\": 0}}", "key.id": null, "key": "ahBwfm1vYmlsZWNzcC0yMDE3cjQLEhJJMThuUHJvZ3Jlc3NFbnRpdHkiHHF1ZXN0aW9uX21jOjU2NTM4MDM3NjQyODU0NDAMogEMbnNfbW9iaWxlY3Nw"},
    {"key.name": "question_mc:5655294990352384", "data": "{\"progress\": {\"es\": 0}}", "key.id": null, "key": "ahBwfm1vYmlsZWNzcC0yMDE3cjQLEhJJMThuUHJvZ3Jlc3NFbnRpdHkiHHF1ZXN0aW9uX21jOjU2NTUyOTQ5OTAzNTIzODQMogEMbnNfbW9iaWxlY3Nw"},
    {"key.name": "question_mc:5655608640405504", "data": "{\"progress\": {\"es\": 0}}", "key.id": null, "key": "ahBwfm1vYmlsZWNzcC0yMDE3cjQLEhJJMThuUHJvZ3Jlc3NFbnRpdHkiHHF1ZXN0aW9uX21jOjU2NTU2MDg2NDA0MDU1MDQMogEMbnNfbW9iaWxlY3Nw"},
    {"key.name": "question_mc:5656042515988480", "data": "{\"progress\": {\"es\": 0}}", "key.id": null, "key": "ahBwfm1vYmlsZWNzcC0yMDE3cjQLEhJJMThuUHJvZ3Jlc3NFbnRpdHkiHHF1ZXN0aW9uX21jOjU2NTYwNDI1MTU5ODg0ODAMogEMbnNfbW9iaWxlY3Nw"},
    {"key.name": "question_mc:5656774724026368", "data": "{\"progress\": {\"es\": 0}}", "key.id": null, "key": "ahBwfm1vYmlsZWNzcC0yMDE3cjQLEhJJMThuUHJvZ3Jlc3NFbnRpdHkiHHF1ZXN0aW9uX21jOjU2NTY3NzQ3MjQwMjYzNjgMogEMbnNfbW9iaWxlY3Nw"},
    {"key.name": "question_mc:5657382461898752", "data": "{\"progress\": {\"es\": 0}}", "key.id": null, "key": "ahBwfm1vYmlsZWNzcC0yMDE3cjQLEhJJMThuUHJvZ3Jlc3NFbnRpdHkiHHF1ZXN0aW9uX21jOjU2NTczODI0NjE4OTg3NTIMogEMbnNfbW9iaWxlY3Nw"},
    {"key.name": "question_mc:5657759429165056", "data": "{\"progress\": {\"es\": 0}}", "key.id": null, "key": "ahBwfm1vYmlsZWNzcC0yMDE3cjQLEhJJMThuUHJvZ3Jlc3NFbnRpdHkiHHF1ZXN0aW9uX21jOjU2NTc3NTk0MjkxNjUwNTYMogEMbnNfbW9iaWxlY3Nw"},
    {"key.name": "question_mc:5659915653742592", "data": "{\"progress\": {\"es\": 0}}", "key.id": null, "key": "ahBwfm1vYmlsZWNzcC0yMDE3cjQLEhJJMThuUHJvZ3Jlc3NFbnRpdHkiHHF1ZXN0aW9uX21jOjU2NTk5MTU2NTM3NDI1OTIMogEMbnNfbW9iaWxlY3Nw"},
    {"key.name": "question_mc:5661094001508352", "data": "{\"progress\": {\"es\": 0}}", "key.id": null, "key": "ahBwfm1vYmlsZWNzcC0yMDE3cjQLEhJJMThuUHJvZ3Jlc3NFbnRpdHkiHHF1ZXN0aW9uX21jOjU2NjEwOTQwMDE1MDgzNTIMogEMbnNfbW9iaWxlY3Nw"},
    {"key.name": "question_mc:5661458385862656", "data": "{\"progress\": {\"es\": 0}}", "key.id": null, "key": "ahBwfm1vYmlsZWNzcC0yMDE3cjQLEhJJMThuUHJvZ3Jlc3NFbnRpdHkiHHF1ZXN0aW9uX21jOjU2NjE0NTgzODU4NjI2NTYMogEMbnNfbW9iaWxlY3Nw"},
    {"key.name": "question_mc:5663741160980480", "data": "{\"progress\": {\"es\": 0}}", "key.id": null, "key": "ahBwfm1vYmlsZWNzcC0yMDE3cjQLEhJJMThuUHJvZ3Jlc3NFbnRpdHkiHHF1ZXN0aW9uX21jOjU2NjM3NDExNjA5ODA0ODAMogEMbnNfbW9iaWxlY3Nw"},
    {"key.name": "question_mc:5667168544882688", "data": "{\"progress\": {\"es\": 0}}", "key.id": null, "key": "ahBwfm1vYmlsZWNzcC0yMDE3cjQLEhJJMThuUHJvZ3Jlc3NFbnRpdHkiHHF1ZXN0aW9uX21jOjU2NjcxNjg1NDQ4ODI2ODgMogEMbnNfbW9iaWxlY3Nw"},
    {"key.name": "question_mc:5668235307384832", "data": "{\"progress\": {\"es\": 0}}", "key.id": null, "key": "ahBwfm1vYmlsZWNzcC0yMDE3cjQLEhJJMThuUHJvZ3Jlc3NFbnRpdHkiHHF1ZXN0aW9uX21jOjU2NjgyMzUzMDczODQ4MzIMogEMbnNfbW9iaWxlY3Nw"},
    {"key.name": "question_mc:5668600916475904", "data": "{\"progress\": {\"es\": 0}}", "key.id": null, "key": "ahBwfm1vYmlsZWNzcC0yMDE3cjQLEhJJMThuUHJvZ3Jlc3NFbnRpdHkiHHF1ZXN0aW9uX21jOjU2Njg2MDA5MTY0NzU5MDQMogEMbnNfbW9iaWxlY3Nw"},
    {"key.name": "question_mc:5669283816275968", "data": "{\"progress\": {\"es\": 0}}", "key.id": null, "key": "ahBwfm1vYmlsZWNzcC0yMDE3cjQLEhJJMThuUHJvZ3Jlc3NFbnRpdHkiHHF1ZXN0aW9uX21jOjU2NjkyODM4MTYyNzU5NjgMogEMbnNfbW9iaWxlY3Nw"},
    {"key.name": "question_mc:5669476368384000", "data": "{\"progress\": {\"es\": 0}}", "key.id": null, "key": "ahBwfm1vYmlsZWNzcC0yMDE3cjQLEhJJMThuUHJvZ3Jlc3NFbnRpdHkiHHF1ZXN0aW9uX21jOjU2Njk0NzYzNjgzODQwMDAMogEMbnNfbW9iaWxlY3Nw"},
    {"key.name": "question_mc:5671321778257920", "data": "{\"progress\": {\"es\": 0}}", "key.id": null, "key": "ahBwfm1vYmlsZWNzcC0yMDE3cjQLEhJJMThuUHJvZ3Jlc3NFbnRpdHkiHHF1ZXN0aW9uX21jOjU2NzEzMjE3NzgyNTc5MjAMogEMbnNfbW9iaWxlY3Nw"},
    {"key.name": "question_mc:5673385510043648", "data": "{\"progress\": {\"es\": 0}}", "key.id": null, "key": "ahBwfm1vYmlsZWNzcC0yMDE3cjQLEhJJMThuUHJvZ3Jlc3NFbnRpdHkiHHF1ZXN0aW9uX21jOjU2NzMzODU1MTAwNDM2NDgMogEMbnNfbW9iaWxlY3Nw"},
    {"key.name": "question_mc:5676325415157760", "data": "{\"progress\": {\"es\": 0}}", "key.id": null, "key": "ahBwfm1vYmlsZWNzcC0yMDE3cjQLEhJJMThuUHJvZ3Jlc3NFbnRpdHkiHHF1ZXN0aW9uX21jOjU2NzYzMjU0MTUxNTc3NjAMogEMbnNfbW9iaWxlY3Nw"},
    {"key.name": "question_mc:5676455606353920", "data": "{\"progress\": {\"es\": 0}}", "key.id": null, "key": "ahBwfm1vYmlsZWNzcC0yMDE3cjQLEhJJMThuUHJvZ3Jlc3NFbnRpdHkiHHF1ZXN0aW9uX21jOjU2NzY0NTU2MDYzNTM5MjAMogEMbnNfbW9iaWxlY3Nw"},
    {"key.name": "question_mc:5676830073815040", "data": "{\"progress\": {\"es\": 0}}", "key.id": null, "key": "ahBwfm1vYmlsZWNzcC0yMDE3cjQLEhJJMThuUHJvZ3Jlc3NFbnRpdHkiHHF1ZXN0aW9uX21jOjU2NzY4MzAwNzM4MTUwNDAMogEMbnNfbW9iaWxlY3Nw"},
    {"key.name": "question_mc:5677619357941760", "data": "{\"progress\": {\"es\": 0}}", "key.id": null, "key": "ahBwfm1vYmlsZWNzcC0yMDE3cjQLEhJJMThuUHJvZ3Jlc3NFbnRpdHkiHHF1ZXN0aW9uX21jOjU2Nzc2MTkzNTc5NDE3NjAMogEMbnNfbW9iaWxlY3Nw"},
    {"key.name": "question_mc:5678091720458240", "data": "{\"progress\": {\"es\": 0}}", "key.id": null, "key": "ahBwfm1vYmlsZWNzcC0yMDE3cjQLEhJJMThuUHJvZ3Jlc3NFbnRpdHkiHHF1ZXN0aW9uX21jOjU2NzgwOTE3MjA0NTgyNDAMogEMbnNfbW9iaWxlY3Nw"},
    {"key.name": "question_mc:5678807906254848", "data": "{\"progress\": {\"es\": 0}}", "key.id": null, "key": "ahBwfm1vYmlsZWNzcC0yMDE3cjQLEhJJMThuUHJvZ3Jlc3NFbnRpdHkiHHF1ZXN0aW9uX21jOjU2Nzg4MDc5MDYyNTQ4NDgMogEMbnNfbW9iaWxlY3Nw"},
    {"key.name": "question_mc:5681717746597888", "data": "{\"progress\": {\"es\": 0}}", "key.id": null, "key": "ahBwfm1vYmlsZWNzcC0yMDE3cjQLEhJJMThuUHJvZ3Jlc3NFbnRpdHkiHHF1ZXN0aW9uX21jOjU2ODE3MTc3NDY1OTc4ODgMogEMbnNfbW9iaWxlY3Nw"},
    {"key.name": "question_mc:5684049913839616", "data": "{\"progress\": {\"es\": 0}}", "key.id": null, "key": "ahBwfm1vYmlsZWNzcC0yMDE3cjQLEhJJMThuUHJvZ3Jlc3NFbnRpdHkiHHF1ZXN0aW9uX21jOjU2ODQwNDk5MTM4Mzk2MTYMogEMbnNfbW9iaWxlY3Nw"},
    {"key.name": "question_mc:5685265389584384", "data": "{\"progress\": {\"es\": 0}}", "key.id": null, "key": "ahBwfm1vYmlsZWNzcC0yMDE3cjQLEhJJMThuUHJvZ3Jlc3NFbnRpdHkiHHF1ZXN0aW9uX21jOjU2ODUyNjUzODk1ODQzODQMogEMbnNfbW9iaWxlY3Nw"},
    {"key.name": "question_mc:5686820520067072", "data": "{\"progress\": {\"es\": 0}}", "key.id": null, "key": "ahBwfm1vYmlsZWNzcC0yMDE3cjQLEhJJMThuUHJvZ3Jlc3NFbnRpdHkiHHF1ZXN0aW9uX21jOjU2ODY4MjA1MjAwNjcwNzIMogEMbnNfbW9iaWxlY3Nw"},
    {"key.name": "question_mc:5690820929781760", "data": "{\"progress\": {\"es\": 0}}", "key.id": null, "key": "ahBwfm1vYmlsZWNzcC0yMDE3cjQLEhJJMThuUHJvZ3Jlc3NFbnRpdHkiHHF1ZXN0aW9uX21jOjU2OTA4MjA5Mjk3ODE3NjAMogEMbnNfbW9iaWxlY3Nw"},
    {"key.name": "question_mc:5692201761767424", "data": "{\"progress\": {\"es\": 0}}", "key.id": null, "key": "ahBwfm1vYmlsZWNzcC0yMDE3cjQLEhJJMThuUHJvZ3Jlc3NFbnRpdHkiHHF1ZXN0aW9uX21jOjU2OTIyMDE3NjE3Njc0MjQMogEMbnNfbW9iaWxlY3Nw"},
    {"key.name": "question_mc:5693417237512192", "data": "{\"progress\": {\"es\": 0}}", "key.id": null, "key": "ahBwfm1vYmlsZWNzcC0yMDE3cjQLEhJJMThuUHJvZ3Jlc3NFbnRpdHkiHHF1ZXN0aW9uX21jOjU2OTM0MTcyMzc1MTIxOTIMogEMbnNfbW9iaWxlY3Nw"},
    {"key.name": "question_mc:5694639155707904", "data": "{\"progress\": {\"es\": 0}}", "key.id": null, "key": "ahBwfm1vYmlsZWNzcC0yMDE3cjQLEhJJMThuUHJvZ3Jlc3NFbnRpdHkiHHF1ZXN0aW9uX21jOjU2OTQ2MzkxNTU3MDc5MDQMogEMbnNfbW9iaWxlY3Nw"},
    {"key.name": "question_mc:5697493825224704", "data": "{\"progress\": {\"es\": 0}}", "key.id": null, "key": "ahBwfm1vYmlsZWNzcC0yMDE3cjQLEhJJMThuUHJvZ3Jlc3NFbnRpdHkiHHF1ZXN0aW9uX21jOjU2OTc0OTM4MjUyMjQ3MDQMogEMbnNfbW9iaWxlY3Nw"},
    {"key.name": "question_mc:5697982787747840", "data": "{\"progress\": {\"es\": 0}}", "key.id": null, "key": "ahBwfm1vYmlsZWNzcC0yMDE3cjQLEhJJMThuUHJvZ3Jlc3NFbnRpdHkiHHF1ZXN0aW9uX21jOjU2OTc5ODI3ODc3NDc4NDAMogEMbnNfbW9iaWxlY3Nw"},
    {"key.name": "question_mc:5699190361423872", "data": "{\"progress\": {\"es\": 0}}", "key.id": null, "key": "ahBwfm1vYmlsZWNzcC0yMDE3cjQLEhJJMThuUHJvZ3Jlc3NFbnRpdHkiHHF1ZXN0aW9uX21jOjU2OTkxOTAzNjE0MjM4NzIMogEMbnNfbW9iaWxlY3Nw"},
    {"key.name": "question_mc:5699788435619840", "data": "{\"progress\": {\"es\": 0}}", "key.id": null, "key": "ahBwfm1vYmlsZWNzcC0yMDE3cjQLEhJJMThuUHJvZ3Jlc3NFbnRpdHkiHHF1ZXN0aW9uX21jOjU2OTk3ODg0MzU2MTk4NDAMogEMbnNfbW9iaWxlY3Nw"},
    {"key.name": "question_mc:5701867585667072", "data": "{\"progress\": {\"es\": 0}}", "key.id": null, "key": "ahBwfm1vYmlsZWNzcC0yMDE3cjQLEhJJMThuUHJvZ3Jlc3NFbnRpdHkiHHF1ZXN0aW9uX21jOjU3MDE4Njc1ODU2NjcwNzIMogEMbnNfbW9iaWxlY3Nw"},
    {"key.name": "question_mc:5707274949492736", "data": "{\"progress\": {\"es\": 0}}", "key.id": null, "key": "ahBwfm1vYmlsZWNzcC0yMDE3cjQLEhJJMThuUHJvZ3Jlc3NFbnRpdHkiHHF1ZXN0aW9uX21jOjU3MDcyNzQ5NDk0OTI3MzYMogEMbnNfbW9iaWxlY3Nw"},
    {"key.name": "question_mc:5707702298738688", "data": "{\"progress\": {\"es\": 0}}", "key.id": null, "key": "ahBwfm1vYmlsZWNzcC0yMDE3cjQLEhJJMThuUHJvZ3Jlc3NFbnRpdHkiHHF1ZXN0aW9uX21jOjU3MDc3MDIyOTg3Mzg2ODgMogEMbnNfbW9iaWxlY3Nw"},
    {"key.name": "question_mc:5708573640228864", "data": "{\"progress\": {\"es\": 0}}", "key.id": null, "key": "ahBwfm1vYmlsZWNzcC0yMDE3cjQLEhJJMThuUHJvZ3Jlc3NFbnRpdHkiHHF1ZXN0aW9uX21jOjU3MDg1NzM2NDAyMjg4NjQMogEMbnNfbW9iaWxlY3Nw"},
    {"key.name": "question_mc:5709068098338816", "data": "{\"progress\": {\"es\": 0}}", "key.id": null, "key": "ahBwfm1vYmlsZWNzcC0yMDE3cjQLEhJJMThuUHJvZ3Jlc3NFbnRpdHkiHHF1ZXN0aW9uX21jOjU3MDkwNjgwOTgzMzg4MTYMogEMbnNfbW9iaWxlY3Nw"},
    {"key.name": "question_mc:5711832983535616", "data": "{\"progress\": {\"es\": 0}}", "key.id": null, "key": "ahBwfm1vYmlsZWNzcC0yMDE3cjQLEhJJMThuUHJvZ3Jlc3NFbnRpdHkiHHF1ZXN0aW9uX21jOjU3MTE4MzI5ODM1MzU2MTYMogEMbnNfbW9iaWxlY3Nw"},
    {"key.name": "question_mc:5713626594803712", "data": "{\"progress\": {\"es\": 0}}", "key.id": null, "key": "ahBwfm1vYmlsZWNzcC0yMDE3cjQLEhJJMThuUHJvZ3Jlc3NFbnRpdHkiHHF1ZXN0aW9uX21jOjU3MTM2MjY1OTQ4MDM3MTIMogEMbnNfbW9iaWxlY3Nw"},
    {"key.name": "question_mc:5715350830186496", "data": "{\"progress\": {\"es\": 0}}", "key.id": null, "key": "ahBwfm1vYmlsZWNzcC0yMDE3cjQLEhJJMThuUHJvZ3Jlc3NFbnRpdHkiHHF1ZXN0aW9uX21jOjU3MTUzNTA4MzAxODY0OTYMogEMbnNfbW9iaWxlY3Nw"},
    {"key.name": "question_mc:5715426797420544", "data": "{\"progress\": {\"es\": 0}}", "key.id": null, "key": "ahBwfm1vYmlsZWNzcC0yMDE3cjQLEhJJMThuUHJvZ3Jlc3NFbnRpdHkiHHF1ZXN0aW9uX21jOjU3MTU0MjY3OTc0MjA1NDQMogEMbnNfbW9iaWxlY3Nw"},
    {"key.name": "question_mc:5716755318046720", "data": "{\"progress\": {\"es\": 0}}", "key.id": null, "key": "ahBwfm1vYmlsZWNzcC0yMDE3cjQLEhJJMThuUHJvZ3Jlc3NFbnRpdHkiHHF1ZXN0aW9uX21jOjU3MTY3NTUzMTgwNDY3MjAMogEMbnNfbW9iaWxlY3Nw"},
    {"key.name": "question_mc:5718998062727168", "data": "{\"progress\": {\"es\": 0}}", "key.id": null, "key": "ahBwfm1vYmlsZWNzcC0yMDE3cjQLEhJJMThuUHJvZ3Jlc3NFbnRpdHkiHHF1ZXN0aW9uX21jOjU3MTg5OTgwNjI3MjcxNjgMogEMbnNfbW9iaWxlY3Nw"},
    {"key.name": "question_mc:5720742171770880", "data": "{\"progress\": {\"es\": 0}}", "key.id": null, "key": "ahBwfm1vYmlsZWNzcC0yMDE3cjQLEhJJMThuUHJvZ3Jlc3NFbnRpdHkiHHF1ZXN0aW9uX21jOjU3MjA3NDIxNzE3NzA4ODAMogEMbnNfbW9iaWxlY3Nw"},
    {"key.name": "question_mc:5721036024709120", "data": "{\"progress\": {\"es\": 0}}", "key.id": null, "key": "ahBwfm1vYmlsZWNzcC0yMDE3cjQLEhJJMThuUHJvZ3Jlc3NFbnRpdHkiHHF1ZXN0aW9uX21jOjU3MjEwMzYwMjQ3MDkxMjAMogEMbnNfbW9iaWxlY3Nw"},
    {"key.name": "question_mc:5721869516800000", "data": "{\"progress\": {\"es\": 0}}", "key.id": null, "key": "ahBwfm1vYmlsZWNzcC0yMDE3cjQLEhJJMThuUHJvZ3Jlc3NFbnRpdHkiHHF1ZXN0aW9uX21jOjU3MjE4Njk1MTY4MDAwMDAMogEMbnNfbW9iaWxlY3Nw"},
    {"key.name": "question_mc:5724547815833600", "data": "{\"progress\": {\"es\": 0}}", "key.id": null, "key": "ahBwfm1vYmlsZWNzcC0yMDE3cjQLEhJJMThuUHJvZ3Jlc3NFbnRpdHkiHHF1ZXN0aW9uX21jOjU3MjQ1NDc4MTU4MzM2MDAMogEMbnNfbW9iaWxlY3Nw"},
    {"key.name": "question_mc:5725198804320256", "data": "{\"progress\": {\"es\": 0}}", "key.id": null, "key": "ahBwfm1vYmlsZWNzcC0yMDE3cjQLEhJJMThuUHJvZ3Jlc3NFbnRpdHkiHHF1ZXN0aW9uX21jOjU3MjUxOTg4MDQzMjAyNTYMogEMbnNfbW9iaWxlY3Nw"},
    {"key.name": "question_mc:5725202142986240", "data": "{\"progress\": {\"es\": 0}}", "key.id": null, "key": "ahBwfm1vYmlsZWNzcC0yMDE3cjQLEhJJMThuUHJvZ3Jlc3NFbnRpdHkiHHF1ZXN0aW9uX21jOjU3MjUyMDIxNDI5ODYyNDAMogEMbnNfbW9iaWxlY3Nw"},
    {"key.name": "question_mc:5726334924881920", "data": "{\"progress\": {\"es\": 0}}", "key.id": null, "key": "ahBwfm1vYmlsZWNzcC0yMDE3cjQLEhJJMThuUHJvZ3Jlc3NFbnRpdHkiHHF1ZXN0aW9uX21jOjU3MjYzMzQ5MjQ4ODE5MjAMogEMbnNfbW9iaWxlY3Nw"},
    {"key.name": "question_mc:5728415315394560", "data": "{\"progress\": {\"es\": 0}}", "key.id": null, "key": "ahBwfm1vYmlsZWNzcC0yMDE3cjQLEhJJMThuUHJvZ3Jlc3NFbnRpdHkiHHF1ZXN0aW9uX21jOjU3Mjg0MTUzMTUzOTQ1NjAMogEMbnNfbW9iaWxlY3Nw"},
    {"key.name": "question_mc:5729692658171904", "data": "{\"progress\": {\"es\": 0}}", "key.id": null, "key": "ahBwfm1vYmlsZWNzcC0yMDE3cjQLEhJJMThuUHJvZ3Jlc3NFbnRpdHkiHHF1ZXN0aW9uX21jOjU3Mjk2OTI2NTgxNzE5MDQMogEMbnNfbW9iaWxlY3Nw"},
    {"key.name": "question_mc:5732694713434112", "data": "{\"progress\": {\"es\": 0}}", "key.id": null, "key": "ahBwfm1vYmlsZWNzcC0yMDE3cjQLEhJJMThuUHJvZ3Jlc3NFbnRpdHkiHHF1ZXN0aW9uX21jOjU3MzI2OTQ3MTM0MzQxMTIMogEMbnNfbW9iaWxlY3Nw"},
    {"key.name": "question_mc:5733935958982656", "data": "{\"progress\": {\"es\": 0}}", "key.id": null, "key": "ahBwfm1vYmlsZWNzcC0yMDE3cjQLEhJJMThuUHJvZ3Jlc3NFbnRpdHkiHHF1ZXN0aW9uX21jOjU3MzM5MzU5NTg5ODI2NTYMogEMbnNfbW9iaWxlY3Nw"},
    {"key.name": "question_mc:5734977488551936", "data": "{\"progress\": {\"es\": 0}}", "key.id": null, "key": "ahBwfm1vYmlsZWNzcC0yMDE3cjQLEhJJMThuUHJvZ3Jlc3NFbnRpdHkiHHF1ZXN0aW9uX21jOjU3MzQ5Nzc0ODg1NTE5MzYMogEMbnNfbW9iaWxlY3Nw"},
    {"key.name": "question_mc:5735735550279680", "data": "{\"progress\": {\"es\": 0}}", "key.id": null, "key": "ahBwfm1vYmlsZWNzcC0yMDE3cjQLEhJJMThuUHJvZ3Jlc3NFbnRpdHkiHHF1ZXN0aW9uX21jOjU3MzU3MzU1NTAyNzk2ODAMogEMbnNfbW9iaWxlY3Nw"},
    {"key.name": "question_mc:5737979670691840", "data": "{\"progress\": {\"es\": 0}}", "key.id": null, "key": "ahBwfm1vYmlsZWNzcC0yMDE3cjQLEhJJMThuUHJvZ3Jlc3NFbnRpdHkiHHF1ZXN0aW9uX21jOjU3Mzc5Nzk2NzA2OTE4NDAMogEMbnNfbW9iaWxlY3Nw"},
    {"key.name": "question_mc:5738443654037504", "data": "{\"progress\": {\"es\": 0}}", "key.id": null, "key": "ahBwfm1vYmlsZWNzcC0yMDE3cjQLEhJJMThuUHJvZ3Jlc3NFbnRpdHkiHHF1ZXN0aW9uX21jOjU3Mzg0NDM2NTQwMzc1MDQMogEMbnNfbW9iaWxlY3Nw"},
    {"key.name": "question_mc:5738600293466112", "data": "{\"progress\": {\"es\": 0}}", "key.id": null, "key": "ahBwfm1vYmlsZWNzcC0yMDE3cjQLEhJJMThuUHJvZ3Jlc3NFbnRpdHkiHHF1ZXN0aW9uX21jOjU3Mzg2MDAyOTM0NjYxMTIMogEMbnNfbW9iaWxlY3Nw"},
    {"key.name": "question_mc:5740423507083264", "data": "{\"progress\": {\"es\": 0}}", "key.id": null, "key": "ahBwfm1vYmlsZWNzcC0yMDE3cjQLEhJJMThuUHJvZ3Jlc3NFbnRpdHkiHHF1ZXN0aW9uX21jOjU3NDA0MjM1MDcwODMyNjQMogEMbnNfbW9iaWxlY3Nw"},
    {"key.name": "question_mc:5742457442533376", "data": "{\"progress\": {\"es\": 0}}", "key.id": null, "key": "ahBwfm1vYmlsZWNzcC0yMDE3cjQLEhJJMThuUHJvZ3Jlc3NFbnRpdHkiHHF1ZXN0aW9uX21jOjU3NDI0NTc0NDI1MzMzNzYMogEMbnNfbW9iaWxlY3Nw"},
    {"key.name": "question_mc:5743114304094208", "data": "{\"progress\": {\"es\": 0}}", "key.id": null, "key": "ahBwfm1vYmlsZWNzcC0yMDE3cjQLEhJJMThuUHJvZ3Jlc3NFbnRpdHkiHHF1ZXN0aW9uX21jOjU3NDMxMTQzMDQwOTQyMDgMogEMbnNfbW9iaWxlY3Nw"},
    {"key.name": "question_mc:5743868070854656", "data": "{\"progress\": {\"es\": 0}}", "key.id": null, "key": "ahBwfm1vYmlsZWNzcC0yMDE3cjQLEhJJMThuUHJvZ3Jlc3NFbnRpdHkiHHF1ZXN0aW9uX21jOjU3NDM4NjgwNzA4NTQ2NTYMogEMbnNfbW9iaWxlY3Nw"},
    {"key.name": "question_mc:5745062340198400", "data": "{\"progress\": {\"es\": 0}}", "key.id": null, "key": "ahBwfm1vYmlsZWNzcC0yMDE3cjQLEhJJMThuUHJvZ3Jlc3NFbnRpdHkiHHF1ZXN0aW9uX21jOjU3NDUwNjIzNDAxOTg0MDAMogEMbnNfbW9iaWxlY3Nw"},
    {"key.name": "question_mc:5747976207073280", "data": "{\"progress\": {\"es\": 0}}", "key.id": null, "key": "ahBwfm1vYmlsZWNzcC0yMDE3cjQLEhJJMThuUHJvZ3Jlc3NFbnRpdHkiHHF1ZXN0aW9uX21jOjU3NDc5NzYyMDcwNzMyODAMogEMbnNfbW9iaWxlY3Nw"},
    {"key.name": "question_mc:5748576697188352", "data": "{\"progress\": {\"es\": 0}}", "key.id": null, "key": "ahBwfm1vYmlsZWNzcC0yMDE3cjQLEhJJMThuUHJvZ3Jlc3NFbnRpdHkiHHF1ZXN0aW9uX21jOjU3NDg1NzY2OTcxODgzNTIMogEMbnNfbW9iaWxlY3Nw"},
    {"key.name": "question_mc:5748755743637504", "data": "{\"progress\": {\"es\": 0}}", "key.id": null, "key": "ahBwfm1vYmlsZWNzcC0yMDE3cjQLEhJJMThuUHJvZ3Jlc3NFbnRpdHkiHHF1ZXN0aW9uX21jOjU3NDg3NTU3NDM2Mzc1MDQMogEMbnNfbW9iaWxlY3Nw"},
    {"key.name": "question_mc:5749695211110400", "data": "{\"progress\": {\"es\": 0}}", "key.id": null, "key": "ahBwfm1vYmlsZWNzcC0yMDE3cjQLEhJJMThuUHJvZ3Jlc3NFbnRpdHkiHHF1ZXN0aW9uX21jOjU3NDk2OTUyMTExMTA0MDAMogEMbnNfbW9iaWxlY3Nw"},
    {"key.name": "question_mc:5750085036015616", "data": "{\"progress\": {\"es\": 0}}", "key.id": null, "key": "ahBwfm1vYmlsZWNzcC0yMDE3cjQLEhJJMThuUHJvZ3Jlc3NFbnRpdHkiHHF1ZXN0aW9uX21jOjU3NTAwODUwMzYwMTU2MTYMogEMbnNfbW9iaWxlY3Nw"},
    {"key.name": "question_mc:5752281458802688", "data": "{\"progress\": {\"es\": 0}}", "key.id": null, "key": "ahBwfm1vYmlsZWNzcC0yMDE3cjQLEhJJMThuUHJvZ3Jlc3NFbnRpdHkiHHF1ZXN0aW9uX21jOjU3NTIyODE0NTg4MDI2ODgMogEMbnNfbW9iaWxlY3Nw"},
    {"key.name": "question_mc:5753952654065664", "data": "{\"progress\": {\"es\": 0}}", "key.id": null, "key": "ahBwfm1vYmlsZWNzcC0yMDE3cjQLEhJJMThuUHJvZ3Jlc3NFbnRpdHkiHHF1ZXN0aW9uX21jOjU3NTM5NTI2NTQwNjU2NjQMogEMbnNfbW9iaWxlY3Nw"},
    {"key.name": "question_mc:5754903989321728", "data": "{\"progress\": {\"es\": 0}}", "key.id": null, "key": "ahBwfm1vYmlsZWNzcC0yMDE3cjQLEhJJMThuUHJvZ3Jlc3NFbnRpdHkiHHF1ZXN0aW9uX21jOjU3NTQ5MDM5ODkzMjE3MjgMogEMbnNfbW9iaWxlY3Nw"},
    {"key.name": "question_mc:5756035713204224", "data": "{\"progress\": {\"es\": 0}}", "key.id": null, "key": "ahBwfm1vYmlsZWNzcC0yMDE3cjQLEhJJMThuUHJvZ3Jlc3NFbnRpdHkiHHF1ZXN0aW9uX21jOjU3NTYwMzU3MTMyMDQyMjQMogEMbnNfbW9iaWxlY3Nw"},
    {"key.name": "question_mc:5757191143292928", "data": "{\"progress\": {\"es\": 0}}", "key.id": null, "key": "ahBwfm1vYmlsZWNzcC0yMDE3cjQLEhJJMThuUHJvZ3Jlc3NFbnRpdHkiHHF1ZXN0aW9uX21jOjU3NTcxOTExNDMyOTI5MjgMogEMbnNfbW9iaWxlY3Nw"},
    {"key.name": "question_mc:5757334940811264", "data": "{\"progress\": {\"es\": 0}}", "key.id": null, "key": "ahBwfm1vYmlsZWNzcC0yMDE3cjQLEhJJMThuUHJvZ3Jlc3NFbnRpdHkiHHF1ZXN0aW9uX21jOjU3NTczMzQ5NDA4MTEyNjQMogEMbnNfbW9iaWxlY3Nw"},
    {"key.name": "question_mc:5759778777202688", "data": "{\"progress\": {\"es\": 0}}", "key.id": null, "key": "ahBwfm1vYmlsZWNzcC0yMDE3cjQLEhJJMThuUHJvZ3Jlc3NFbnRpdHkiHHF1ZXN0aW9uX21jOjU3NTk3Nzg3NzcyMDI2ODgMogEMbnNfbW9iaWxlY3Nw"},
    {"key.name": "question_mc:5761540401659904", "data": "{\"progress\": {\"es\": 0}}", "key.id": null, "key": "ahBwfm1vYmlsZWNzcC0yMDE3cjQLEhJJMThuUHJvZ3Jlc3NFbnRpdHkiHHF1ZXN0aW9uX21jOjU3NjE1NDA0MDE2NTk5MDQMogEMbnNfbW9iaWxlY3Nw"},
    {"key.name": "question_mc:5763418761986048", "data": "{\"progress\": {\"es\": 0}}", "key.id": null, "key": "ahBwfm1vYmlsZWNzcC0yMDE3cjQLEhJJMThuUHJvZ3Jlc3NFbnRpdHkiHHF1ZXN0aW9uX21jOjU3NjM0MTg3NjE5ODYwNDgMogEMbnNfbW9iaWxlY3Nw"},
    {"key.name": "question_mc:5764640680181760", "data": "{\"progress\": {\"es\": 0}}", "key.id": null, "key": "ahBwfm1vYmlsZWNzcC0yMDE3cjQLEhJJMThuUHJvZ3Jlc3NFbnRpdHkiHHF1ZXN0aW9uX21jOjU3NjQ2NDA2ODAxODE3NjAMogEMbnNfbW9iaWxlY3Nw"},
    {"key.name": "question_mc:5766466041282560", "data": "{\"progress\": {\"es\": 0}}", "key.id": null, "key": "ahBwfm1vYmlsZWNzcC0yMDE3cjQLEhJJMThuUHJvZ3Jlc3NFbnRpdHkiHHF1ZXN0aW9uX21jOjU3NjY0NjYwNDEyODI1NjAMogEMbnNfbW9iaWxlY3Nw"},
    {"key.name": "question_mc:5767494685949952", "data": "{\"progress\": {\"es\": 0}}", "key.id": null, "key": "ahBwfm1vYmlsZWNzcC0yMDE3cjQLEhJJMThuUHJvZ3Jlc3NFbnRpdHkiHHF1ZXN0aW9uX21jOjU3Njc0OTQ2ODU5NDk5NTIMogEMbnNfbW9iaWxlY3Nw"},
    {"key.name": "question_mc:5768755258851328", "data": "{\"progress\": {\"es\": 0}}", "key.id": null, "key": "ahBwfm1vYmlsZWNzcC0yMDE3cjQLEhJJMThuUHJvZ3Jlc3NFbnRpdHkiHHF1ZXN0aW9uX21jOjU3Njg3NTUyNTg4NTEzMjgMogEMbnNfbW9iaWxlY3Nw"},
    {"key.name": "question_mc:5769720821186560", "data": "{\"progress\": {\"es\": 0}}", "key.id": null, "key": "ahBwfm1vYmlsZWNzcC0yMDE3cjQLEhJJMThuUHJvZ3Jlc3NFbnRpdHkiHHF1ZXN0aW9uX21jOjU3Njk3MjA4MjExODY1NjAMogEMbnNfbW9iaWxlY3Nw"},
    {"key.name": "question_mc:5776602466091008", "data": "{\"progress\": {\"es\": 0}}", "key.id": null, "key": "ahBwfm1vYmlsZWNzcC0yMDE3cjQLEhJJMThuUHJvZ3Jlc3NFbnRpdHkiHHF1ZXN0aW9uX21jOjU3NzY2MDI0NjYwOTEwMDgMogEMbnNfbW9iaWxlY3Nw"},
    {"key.name": "question_mc:5806108052553728", "data": "{\"progress\": {\"es\": 0}}", "key.id": null, "key": "ahBwfm1vYmlsZWNzcC0yMDE3cjQLEhJJMThuUHJvZ3Jlc3NFbnRpdHkiHHF1ZXN0aW9uX21jOjU4MDYxMDgwNTI1NTM3MjgMogEMbnNfbW9iaWxlY3Nw"},
    {"key.name": "question_mc:5823144704081920", "data": "{\"progress\": {\"es\": 0}}", "key.id": null, "key": "ahBwfm1vYmlsZWNzcC0yMDE3cjQLEhJJMThuUHJvZ3Jlc3NFbnRpdHkiHHF1ZXN0aW9uX21jOjU4MjMxNDQ3MDQwODE5MjAMogEMbnNfbW9iaWxlY3Nw"},
    {"key.name": "question_mc:5839929017892864", "data": "{\"progress\": {\"es\": 0}}", "key.id": null, "key": "ahBwfm1vYmlsZWNzcC0yMDE3cjQLEhJJMThuUHJvZ3Jlc3NFbnRpdHkiHHF1ZXN0aW9uX21jOjU4Mzk5MjkwMTc4OTI4NjQMogEMbnNfbW9iaWxlY3Nw"},
    {"key.name": "question_mc:5844559451914240", "data": "{\"progress\": {\"es\": 0}}", "key.id": null, "key": "ahBwfm1vYmlsZWNzcC0yMDE3cjQLEhJJMThuUHJvZ3Jlc3NFbnRpdHkiHHF1ZXN0aW9uX21jOjU4NDQ1NTk0NTE5MTQyNDAMogEMbnNfbW9iaWxlY3Nw"},
    {"key.name": "question_mc:5850472842788864", "data": "{\"progress\": {\"es\": 0}}", "key.id": null, "key": "ahBwfm1vYmlsZWNzcC0yMDE3cjQLEhJJMThuUHJvZ3Jlc3NFbnRpdHkiHHF1ZXN0aW9uX21jOjU4NTA0NzI4NDI3ODg4NjQMogEMbnNfbW9iaWxlY3Nw"},
    {"key.name": "question_mc:5865560332042240", "data": "{\"progress\": {\"es\": 0}}", "key.id": null, "key": "ahBwfm1vYmlsZWNzcC0yMDE3cjQLEhJJMThuUHJvZ3Jlc3NFbnRpdHkiHHF1ZXN0aW9uX21jOjU4NjU1NjAzMzIwNDIyNDAMogEMbnNfbW9iaWxlY3Nw"},
    {"key.name": "question_mc:5868607342903296", "data": "{\"progress\": {\"es\": 0}}", "key.id": null, "key": "ahBwfm1vYmlsZWNzcC0yMDE3cjQLEhJJMThuUHJvZ3Jlc3NFbnRpdHkiHHF1ZXN0aW9uX21jOjU4Njg2MDczNDI5MDMyOTYMogEMbnNfbW9iaWxlY3Nw"},
    {"key.name": "question_mc:5904433913266176", "data": "{\"progress\": {\"es\": 0}}", "key.id": null, "key": "ahBwfm1vYmlsZWNzcC0yMDE3cjQLEhJJMThuUHJvZ3Jlc3NFbnRpdHkiHHF1ZXN0aW9uX21jOjU5MDQ0MzM5MTMyNjYxNzYMogEMbnNfbW9iaWxlY3Nw"},
    {"key.name": "question_mc:5913357523615744", "data": "{\"progress\": {\"es\": 0}}", "key.id": null, "key": "ahBwfm1vYmlsZWNzcC0yMDE3cjQLEhJJMThuUHJvZ3Jlc3NFbnRpdHkiHHF1ZXN0aW9uX21jOjU5MTMzNTc1MjM2MTU3NDQMogEMbnNfbW9iaWxlY3Nw"},
    {"key.name": "question_mc:5917995205394432", "data": "{\"progress\": {\"es\": 0}}", "key.id": null, "key": "ahBwfm1vYmlsZWNzcC0yMDE3cjQLEhJJMThuUHJvZ3Jlc3NFbnRpdHkiHHF1ZXN0aW9uX21jOjU5MTc5OTUyMDUzOTQ0MzIMogEMbnNfbW9iaWxlY3Nw"},
    {"key.name": "question_mc:5921159119896576", "data": "{\"progress\": {\"es\": 0}}", "key.id": null, "key": "ahBwfm1vYmlsZWNzcC0yMDE3cjQLEhJJMThuUHJvZ3Jlc3NFbnRpdHkiHHF1ZXN0aW9uX21jOjU5MjExNTkxMTk4OTY1NzYMogEMbnNfbW9iaWxlY3Nw"},
    {"key.name": "question_mc:5941684030406656", "data": "{\"progress\": {\"es\": 0}}", "key.id": null, "key": "ahBwfm1vYmlsZWNzcC0yMDE3cjQLEhJJMThuUHJvZ3Jlc3NFbnRpdHkiHHF1ZXN0aW9uX21jOjU5NDE2ODQwMzA0MDY2NTYMogEMbnNfbW9iaWxlY3Nw"},
    {"key.name": "question_mc:5942828555304960", "data": "{\"progress\": {\"es\": 0}}", "key.id": null, "key": "ahBwfm1vYmlsZWNzcC0yMDE3cjQLEhJJMThuUHJvZ3Jlc3NFbnRpdHkiHHF1ZXN0aW9uX21jOjU5NDI4Mjg1NTUzMDQ5NjAMogEMbnNfbW9iaWxlY3Nw"},
    {"key.name": "question_mc:5944648363147264", "data": "{\"progress\": {\"es\": 0}}", "key.id": null, "key": "ahBwfm1vYmlsZWNzcC0yMDE3cjQLEhJJMThuUHJvZ3Jlc3NFbnRpdHkiHHF1ZXN0aW9uX21jOjU5NDQ2NDgzNjMxNDcyNjQMogEMbnNfbW9iaWxlY3Nw"},
    {"key.name": "question_mc:5947246147272704", "data": "{\"progress\": {\"es\": 0}}", "key.id": null, "key": "ahBwfm1vYmlsZWNzcC0yMDE3cjQLEhJJMThuUHJvZ3Jlc3NFbnRpdHkiHHF1ZXN0aW9uX21jOjU5NDcyNDYxNDcyNzI3MDQMogEMbnNfbW9iaWxlY3Nw"},
    {"key.name": "question_mc:5952726156443648", "data": "{\"progress\": {\"es\": 0}}", "key.id": null, "key": "ahBwfm1vYmlsZWNzcC0yMDE3cjQLEhJJMThuUHJvZ3Jlc3NFbnRpdHkiHHF1ZXN0aW9uX21jOjU5NTI3MjYxNTY0NDM2NDgMogEMbnNfbW9iaWxlY3Nw"},
    {"key.name": "question_mc:5959747320676352", "data": "{\"progress\": {\"es\": 0}}", "key.id": null, "key": "ahBwfm1vYmlsZWNzcC0yMDE3cjQLEhJJMThuUHJvZ3Jlc3NFbnRpdHkiHHF1ZXN0aW9uX21jOjU5NTk3NDczMjA2NzYzNTIMogEMbnNfbW9iaWxlY3Nw"},
    {"key.name": "question_mc:5981474378481664", "data": "{\"progress\": {\"es\": 0}}", "key.id": null, "key": "ahBwfm1vYmlsZWNzcC0yMDE3cjQLEhJJMThuUHJvZ3Jlc3NFbnRpdHkiHHF1ZXN0aW9uX21jOjU5ODE0NzQzNzg0ODE2NjQMogEMbnNfbW9iaWxlY3Nw"},
    {"key.name": "question_mc:5983646179655680", "data": "{\"progress\": {\"es\": 0}}", "key.id": null, "key": "ahBwfm1vYmlsZWNzcC0yMDE3cjQLEhJJMThuUHJvZ3Jlc3NFbnRpdHkiHHF1ZXN0aW9uX21jOjU5ODM2NDYxNzk2NTU2ODAMogEMbnNfbW9iaWxlY3Nw"},
    {"key.name": "question_mc:6000951559192576", "data": "{\"progress\": {\"es\": 0}}", "key.id": null, "key": "ahBwfm1vYmlsZWNzcC0yMDE3cjQLEhJJMThuUHJvZ3Jlc3NFbnRpdHkiHHF1ZXN0aW9uX21jOjYwMDA5NTE1NTkxOTI1NzYMogEMbnNfbW9iaWxlY3Nw"},
    {"key.name": "question_mc:6020713207037952", "data": "{\"progress\": {\"es\": 0}}", "key.id": null, "key": "ahBwfm1vYmlsZWNzcC0yMDE3cjQLEhJJMThuUHJvZ3Jlc3NFbnRpdHkiHHF1ZXN0aW9uX21jOjYwMjA3MTMyMDcwMzc5NTIMogEMbnNfbW9iaWxlY3Nw"},
    {"key.name": "question_mc:6022158195097600", "data": "{\"progress\": {\"es\": 0}}", "key.id": null, "key": "ahBwfm1vYmlsZWNzcC0yMDE3cjQLEhJJMThuUHJvZ3Jlc3NFbnRpdHkiHHF1ZXN0aW9uX21jOjYwMjIxNTgxOTUwOTc2MDAMogEMbnNfbW9iaWxlY3Nw"},
    {"key.name": "question_mc:6028020389249024", "data": "{\"progress\": {\"es\": 0}}", "key.id": null, "key": "ahBwfm1vYmlsZWNzcC0yMDE3cjQLEhJJMThuUHJvZ3Jlc3NFbnRpdHkiHHF1ZXN0aW9uX21jOjYwMjgwMjAzODkyNDkwMjQMogEMbnNfbW9iaWxlY3Nw"},
    {"key.name": "question_mc:6043199753682944", "data": "{\"progress\": {\"es\": 0}}", "key.id": null, "key": "ahBwfm1vYmlsZWNzcC0yMDE3cjQLEhJJMThuUHJvZ3Jlc3NFbnRpdHkiHHF1ZXN0aW9uX21jOjYwNDMxOTk3NTM2ODI5NDQMogEMbnNfbW9iaWxlY3Nw"},
    {"key.name": "question_mc:6153130504880128", "data": "{\"progress\": {\"es\": 0}}", "key.id": null, "key": "ahBwfm1vYmlsZWNzcC0yMDE3cjQLEhJJMThuUHJvZ3Jlc3NFbnRpdHkiHHF1ZXN0aW9uX21jOjYxNTMxMzA1MDQ4ODAxMjgMogEMbnNfbW9iaWxlY3Nw"},
    {"key.name": "question_mc:6200564275740672", "data": "{\"progress\": {\"es\": 0}}", "key.id": null, "key": "ahBwfm1vYmlsZWNzcC0yMDE3cjQLEhJJMThuUHJvZ3Jlc3NFbnRpdHkiHHF1ZXN0aW9uX21jOjYyMDA1NjQyNzU3NDA2NzIMogEMbnNfbW9iaWxlY3Nw"},
    {"key.name": "question_mc:6203420981592064", "data": "{\"progress\": {\"es\": 0}}", "key.id": null, "key": "ahBwfm1vYmlsZWNzcC0yMDE3cjQLEhJJMThuUHJvZ3Jlc3NFbnRpdHkiHHF1ZXN0aW9uX21jOjYyMDM0MjA5ODE1OTIwNjQMogEMbnNfbW9iaWxlY3Nw"},
    {"key.name": "question_mc:6206390951477248", "data": "{\"progress\": {\"es\": 0}}", "key.id": null, "key": "ahBwfm1vYmlsZWNzcC0yMDE3cjQLEhJJMThuUHJvZ3Jlc3NFbnRpdHkiHHF1ZXN0aW9uX21jOjYyMDYzOTA5NTE0NzcyNDgMogEMbnNfbW9iaWxlY3Nw"},
    {"key.name": "question_mc:6220057805848576", "data": "{\"progress\": {\"es\": 0}}", "key.id": null, "key": "ahBwfm1vYmlsZWNzcC0yMDE3cjQLEhJJMThuUHJvZ3Jlc3NFbnRpdHkiHHF1ZXN0aW9uX21jOjYyMjAwNTc4MDU4NDg1NzYMogEMbnNfbW9iaWxlY3Nw"},
    {"key.name": "question_mc:6229827960963072", "data": "{\"progress\": {\"es\": 0}}", "key.id": null, "key": "ahBwfm1vYmlsZWNzcC0yMDE3cjQLEhJJMThuUHJvZ3Jlc3NFbnRpdHkiHHF1ZXN0aW9uX21jOjYyMjk4Mjc5NjA5NjMwNzIMogEMbnNfbW9iaWxlY3Nw"},
    {"key.name": "question_mc:6260020060618752", "data": "{\"progress\": {\"es\": 0}}", "key.id": null, "key": "ahBwfm1vYmlsZWNzcC0yMDE3cjQLEhJJMThuUHJvZ3Jlc3NFbnRpdHkiHHF1ZXN0aW9uX21jOjYyNjAwMjAwNjA2MTg3NTIMogEMbnNfbW9iaWxlY3Nw"},
    {"key.name": "question_mc:6277220263788544", "data": "{\"progress\": {\"es\": 0}}", "key.id": null, "key": "ahBwfm1vYmlsZWNzcC0yMDE3cjQLEhJJMThuUHJvZ3Jlc3NFbnRpdHkiHHF1ZXN0aW9uX21jOjYyNzcyMjAyNjM3ODg1NDQMogEMbnNfbW9iaWxlY3Nw"},
    {"key.name": "question_mc:6282790142214144", "data": "{\"progress\": {\"es\": 0}}", "key.id": null, "key": "ahBwfm1vYmlsZWNzcC0yMDE3cjQLEhJJMThuUHJvZ3Jlc3NFbnRpdHkiHHF1ZXN0aW9uX21jOjYyODI3OTAxNDIyMTQxNDQMogEMbnNfbW9iaWxlY3Nw"},
    {"key.name": "question_mc:6283545911754752", "data": "{\"progress\": {\"es\": 0}}", "key.id": null, "key": "ahBwfm1vYmlsZWNzcC0yMDE3cjQLEhJJMThuUHJvZ3Jlc3NFbnRpdHkiHHF1ZXN0aW9uX21jOjYyODM1NDU5MTE3NTQ3NTIMogEMbnNfbW9iaWxlY3Nw"},
    {"key.name": "question_mc:6285036869386240", "data": "{\"progress\": {\"es\": 0}}", "key.id": null, "key": "ahBwfm1vYmlsZWNzcC0yMDE3cjQLEhJJMThuUHJvZ3Jlc3NFbnRpdHkiHHF1ZXN0aW9uX21jOjYyODUwMzY4NjkzODYyNDAMogEMbnNfbW9iaWxlY3Nw"},
    {"key.name": "question_mc:6307760695148544", "data": "{\"progress\": {\"es\": 0}}", "key.id": null, "key": "ahBwfm1vYmlsZWNzcC0yMDE3cjQLEhJJMThuUHJvZ3Jlc3NFbnRpdHkiHHF1ZXN0aW9uX21jOjYzMDc3NjA2OTUxNDg1NDQMogEMbnNfbW9iaWxlY3Nw"},
    {"key.name": "question_mc:6310704559685632", "data": "{\"progress\": {\"es\": 0}}", "key.id": null, "key": "ahBwfm1vYmlsZWNzcC0yMDE3cjQLEhJJMThuUHJvZ3Jlc3NFbnRpdHkiHHF1ZXN0aW9uX21jOjYzMTA3MDQ1NTk2ODU2MzIMogEMbnNfbW9iaWxlY3Nw"},
    {"key.name": "question_mc:6312261979209728", "data": "{\"progress\": {\"es\": 0}}", "key.id": null, "key": "ahBwfm1vYmlsZWNzcC0yMDE3cjQLEhJJMThuUHJvZ3Jlc3NFbnRpdHkiHHF1ZXN0aW9uX21jOjYzMTIyNjE5NzkyMDk3MjgMogEMbnNfbW9iaWxlY3Nw"},
    {"key.name": "question_mc:6315386567917568", "data": "{\"progress\": {\"es\": 0}}", "key.id": null, "key": "ahBwfm1vYmlsZWNzcC0yMDE3cjQLEhJJMThuUHJvZ3Jlc3NFbnRpdHkiHHF1ZXN0aW9uX21jOjYzMTUzODY1Njc5MTc1NjgMogEMbnNfbW9iaWxlY3Nw"},
    {"key.name": "question_mc:6316902607486976", "data": "{\"progress\": {\"es\": 0}}", "key.id": null, "key": "ahBwfm1vYmlsZWNzcC0yMDE3cjQLEhJJMThuUHJvZ3Jlc3NFbnRpdHkiHHF1ZXN0aW9uX21jOjYzMTY5MDI2MDc0ODY5NzYMogEMbnNfbW9iaWxlY3Nw"},
    {"key.name": "question_mc:6321091106570240", "data": "{\"progress\": {\"es\": 0}}", "key.id": null, "key": "ahBwfm1vYmlsZWNzcC0yMDE3cjQLEhJJMThuUHJvZ3Jlc3NFbnRpdHkiHHF1ZXN0aW9uX21jOjYzMjEwOTExMDY1NzAyNDAMogEMbnNfbW9iaWxlY3Nw"},
    {"key.name": "question_mc:6321481042624512", "data": "{\"progress\": {\"es\": 0}}", "key.id": null, "key": "ahBwfm1vYmlsZWNzcC0yMDE3cjQLEhJJMThuUHJvZ3Jlc3NFbnRpdHkiHHF1ZXN0aW9uX21jOjYzMjE0ODEwNDI2MjQ1MTIMogEMbnNfbW9iaWxlY3Nw"},
    {"key.name": "question_mc:6327864102223872", "data": "{\"progress\": {\"es\": 0}}", "key.id": null, "key": "ahBwfm1vYmlsZWNzcC0yMDE3cjQLEhJJMThuUHJvZ3Jlc3NFbnRpdHkiHHF1ZXN0aW9uX21jOjYzMjc4NjQxMDIyMjM4NzIMogEMbnNfbW9iaWxlY3Nw"},
    {"key.name": "question_mc:6331549016391680", "data": "{\"progress\": {\"es\": 0}}", "key.id": null, "key": "ahBwfm1vYmlsZWNzcC0yMDE3cjQLEhJJMThuUHJvZ3Jlc3NFbnRpdHkiHHF1ZXN0aW9uX21jOjYzMzE1NDkwMTYzOTE2ODAMogEMbnNfbW9iaWxlY3Nw"},
    {"key.name": "question_mc:6356712290254848", "data": "{\"progress\": {\"es\": 0}}", "key.id": null, "key": "ahBwfm1vYmlsZWNzcC0yMDE3cjQLEhJJMThuUHJvZ3Jlc3NFbnRpdHkiHHF1ZXN0aW9uX21jOjYzNTY3MTIyOTAyNTQ4NDgMogEMbnNfbW9iaWxlY3Nw"},
    {"key.name": "question_mc:6368606396874752", "data": "{\"progress\": {\"es\": 0}}", "key.id": null, "key": "ahBwfm1vYmlsZWNzcC0yMDE3cjQLEhJJMThuUHJvZ3Jlc3NFbnRpdHkiHHF1ZXN0aW9uX21jOjYzNjg2MDYzOTY4NzQ3NTIMogEMbnNfbW9iaWxlY3Nw"},
    {"key.name": "question_mc:6373441858961408", "data": "{\"progress\": {\"es\": 0}}", "key.id": null, "key": "ahBwfm1vYmlsZWNzcC0yMDE3cjQLEhJJMThuUHJvZ3Jlc3NFbnRpdHkiHHF1ZXN0aW9uX21jOjYzNzM0NDE4NTg5NjE0MDgMogEMbnNfbW9iaWxlY3Nw"},
    {"key.name": "question_mc:6376369896292352", "data": "{\"progress\": {\"es\": 0}}", "key.id": null, "key": "ahBwfm1vYmlsZWNzcC0yMDE3cjQLEhJJMThuUHJvZ3Jlc3NFbnRpdHkiHHF1ZXN0aW9uX21jOjYzNzYzNjk4OTYyOTIzNTIMogEMbnNfbW9iaWxlY3Nw"},
    {"key.name": "question_mc:6406114849587200", "data": "{\"progress\": {\"es\": 0}}", "key.id": null, "key": "ahBwfm1vYmlsZWNzcC0yMDE3cjQLEhJJMThuUHJvZ3Jlc3NFbnRpdHkiHHF1ZXN0aW9uX21jOjY0MDYxMTQ4NDk1ODcyMDAMogEMbnNfbW9iaWxlY3Nw"},
    {"key.name": "question_mc:6407509405335552", "data": "{\"progress\": {\"es\": 0}}", "key.id": null, "key": "ahBwfm1vYmlsZWNzcC0yMDE3cjQLEhJJMThuUHJvZ3Jlc3NFbnRpdHkiHHF1ZXN0aW9uX21jOjY0MDc1MDk0MDUzMzU1NTIMogEMbnNfbW9iaWxlY3Nw"},
    {"key.name": "question_mc:6423324246671360", "data": "{\"progress\": {\"es\": 0}}", "key.id": null, "key": "ahBwfm1vYmlsZWNzcC0yMDE3cjQLEhJJMThuUHJvZ3Jlc3NFbnRpdHkiHHF1ZXN0aW9uX21jOjY0MjMzMjQyNDY2NzEzNjAMogEMbnNfbW9iaWxlY3Nw"},
    {"key.name": "question_mc:6480012731482112", "data": "{\"progress\": {\"es\": 0}}", "key.id": null, "key": "ahBwfm1vYmlsZWNzcC0yMDE3cjQLEhJJMThuUHJvZ3Jlc3NFbnRpdHkiHHF1ZXN0aW9uX21jOjY0ODAwMTI3MzE0ODIxMTIMogEMbnNfbW9iaWxlY3Nw"},
    {"key.name": "question_mc:6505778508726272", "data": "{\"progress\": {\"es\": 0}}", "key.id": null, "key": "ahBwfm1vYmlsZWNzcC0yMDE3cjQLEhJJMThuUHJvZ3Jlc3NFbnRpdHkiHHF1ZXN0aW9uX21jOjY1MDU3Nzg1MDg3MjYyNzIMogEMbnNfbW9iaWxlY3Nw"},
    {"key.name": "question_mc:6541603451699200", "data": "{\"progress\": {\"es\": 0}}", "key.id": null, "key": "ahBwfm1vYmlsZWNzcC0yMDE3cjQLEhJJMThuUHJvZ3Jlc3NFbnRpdHkiHHF1ZXN0aW9uX21jOjY1NDE2MDM0NTE2OTkyMDAMogEMbnNfbW9iaWxlY3Nw"},
    {"key.name": "question_mc:6544095673581568", "data": "{\"progress\": {\"es\": 0}}", "key.id": null, "key": "ahBwfm1vYmlsZWNzcC0yMDE3cjQLEhJJMThuUHJvZ3Jlc3NFbnRpdHkiHHF1ZXN0aW9uX21jOjY1NDQwOTU2NzM1ODE1NjgMogEMbnNfbW9iaWxlY3Nw"},
    {"key.name": "question_mc:6548720480944128", "data": "{\"progress\": {\"es\": 0}}", "key.id": null, "key": "ahBwfm1vYmlsZWNzcC0yMDE3cjQLEhJJMThuUHJvZ3Jlc3NFbnRpdHkiHHF1ZXN0aW9uX21jOjY1NDg3MjA0ODA5NDQxMjgMogEMbnNfbW9iaWxlY3Nw"},
    {"key.name": "question_mc:6641295866986496", "data": "{\"progress\": {\"es\": 0}}", "key.id": null, "key": "ahBwfm1vYmlsZWNzcC0yMDE3cjQLEhJJMThuUHJvZ3Jlc3NFbnRpdHkiHHF1ZXN0aW9uX21jOjY2NDEyOTU4NjY5ODY0OTYMogEMbnNfbW9iaWxlY3Nw"},
    {"key.name": "question_mc:6692973869793280", "data": "{\"progress\": {\"es\": 0}}", "key.id": null, "key": "ahBwfm1vYmlsZWNzcC0yMDE3cjQLEhJJMThuUHJvZ3Jlc3NFbnRpdHkiHHF1ZXN0aW9uX21jOjY2OTI5NzM4Njk3OTMyODAMogEMbnNfbW9iaWxlY3Nw"},
    {"key.name": "question_sa:4968993844625408", "data": "{\"progress\": {\"es\": 0}}", "key.id": null, "key": "ahBwfm1vYmlsZWNzcC0yMDE3cjQLEhJJMThuUHJvZ3Jlc3NFbnRpdHkiHHF1ZXN0aW9uX3NhOjQ5Njg5OTM4NDQ2MjU0MDgMogEMbnNfbW9iaWxlY3Nw"},
    {"key.name": "question_sa:5077521074749440", "data": "{\"progress\": {\"es\": 0}}", "key.id": null, "key": "ahBwfm1vYmlsZWNzcC0yMDE3cjQLEhJJMThuUHJvZ3Jlc3NFbnRpdHkiHHF1ZXN0aW9uX3NhOjUwNzc1MjEwNzQ3NDk0NDAMogEMbnNfbW9iaWxlY3Nw"},
    {"key.name": "question_sa:5108371824836608", "data": "{\"progress\": {\"es\": 0}}", "key.id": null, "key": "ahBwfm1vYmlsZWNzcC0yMDE3cjQLEhJJMThuUHJvZ3Jlc3NFbnRpdHkiHHF1ZXN0aW9uX3NhOjUxMDgzNzE4MjQ4MzY2MDgMogEMbnNfbW9iaWxlY3Nw"},
    {"key.name": "question_sa:5111298845048832", "data": "{\"progress\": {\"es\": 0}}", "key.id": null, "key": "ahBwfm1vYmlsZWNzcC0yMDE3cjQLEhJJMThuUHJvZ3Jlc3NFbnRpdHkiHHF1ZXN0aW9uX3NhOjUxMTEyOTg4NDUwNDg4MzIMogEMbnNfbW9iaWxlY3Nw"},
    {"key.name": "question_sa:5132477927522304", "data": "{\"progress\": {\"es\": 0}}", "key.id": null, "key": "ahBwfm1vYmlsZWNzcC0yMDE3cjQLEhJJMThuUHJvZ3Jlc3NFbnRpdHkiHHF1ZXN0aW9uX3NhOjUxMzI0Nzc5Mjc1MjIzMDQMogEMbnNfbW9iaWxlY3Nw"},
    {"key.name": "question_sa:5134120153776128", "data": "{\"progress\": {\"es\": 0}}", "key.id": null, "key": "ahBwfm1vYmlsZWNzcC0yMDE3cjQLEhJJMThuUHJvZ3Jlc3NFbnRpdHkiHHF1ZXN0aW9uX3NhOjUxMzQxMjAxNTM3NzYxMjgMogEMbnNfbW9iaWxlY3Nw"},
    {"key.name": "question_sa:5175029717270528", "data": "{\"progress\": {\"es\": 0}}", "key.id": null, "key": "ahBwfm1vYmlsZWNzcC0yMDE3cjQLEhJJMThuUHJvZ3Jlc3NFbnRpdHkiHHF1ZXN0aW9uX3NhOjUxNzUwMjk3MTcyNzA1MjgMogEMbnNfbW9iaWxlY3Nw"},
    {"key.name": "question_sa:5177473553661952", "data": "{\"progress\": {\"es\": 0}}", "key.id": null, "key": "ahBwfm1vYmlsZWNzcC0yMDE3cjQLEhJJMThuUHJvZ3Jlc3NFbnRpdHkiHHF1ZXN0aW9uX3NhOjUxNzc0NzM1NTM2NjE5NTIMogEMbnNfbW9iaWxlY3Nw"},
    {"key.name": "question_sa:5186362072367104", "data": "{\"progress\": {\"es\": 0}}", "key.id": null, "key": "ahBwfm1vYmlsZWNzcC0yMDE3cjQLEhJJMThuUHJvZ3Jlc3NFbnRpdHkiHHF1ZXN0aW9uX3NhOjUxODYzNjIwNzIzNjcxMDQMogEMbnNfbW9iaWxlY3Nw"},
    {"key.name": "question_sa:5187793219223552", "data": "{\"progress\": {\"es\": 0}}", "key.id": null, "key": "ahBwfm1vYmlsZWNzcC0yMDE3cjQLEhJJMThuUHJvZ3Jlc3NFbnRpdHkiHHF1ZXN0aW9uX3NhOjUxODc3OTMyMTkyMjM1NTIMogEMbnNfbW9iaWxlY3Nw"},
    {"key.name": "question_sa:5195581135781888", "data": "{\"progress\": {\"es\": 0}}", "key.id": null, "key": "ahBwfm1vYmlsZWNzcC0yMDE3cjQLEhJJMThuUHJvZ3Jlc3NFbnRpdHkiHHF1ZXN0aW9uX3NhOjUxOTU1ODExMzU3ODE4ODgMogEMbnNfbW9iaWxlY3Nw"},
    {"key.name": "question_sa:5260588385042432", "data": "{\"progress\": {\"es\": 0}}", "key.id": null, "key": "ahBwfm1vYmlsZWNzcC0yMDE3cjQLEhJJMThuUHJvZ3Jlc3NFbnRpdHkiHHF1ZXN0aW9uX3NhOjUyNjA1ODgzODUwNDI0MzIMogEMbnNfbW9iaWxlY3Nw"},
    {"key.name": "question_sa:5332167583334400", "data": "{\"progress\": {\"es\": 0}}", "key.id": null, "key": "ahBwfm1vYmlsZWNzcC0yMDE3cjQLEhJJMThuUHJvZ3Jlc3NFbnRpdHkiHHF1ZXN0aW9uX3NhOjUzMzIxNjc1ODMzMzQ0MDAMogEMbnNfbW9iaWxlY3Nw"},
    {"key.name": "question_sa:5450595686154240", "data": "{\"progress\": {\"es\": 0}}", "key.id": null, "key": "ahBwfm1vYmlsZWNzcC0yMDE3cjQLEhJJMThuUHJvZ3Jlc3NFbnRpdHkiHHF1ZXN0aW9uX3NhOjU0NTA1OTU2ODYxNTQyNDAMogEMbnNfbW9iaWxlY3Nw"},
    {"key.name": "question_sa:5560227894132736", "data": "{\"progress\": {\"es\": 0}}", "key.id": null, "key": "ahBwfm1vYmlsZWNzcC0yMDE3cjQLEhJJMThuUHJvZ3Jlc3NFbnRpdHkiHHF1ZXN0aW9uX3NhOjU1NjAyMjc4OTQxMzI3MzYMogEMbnNfbW9iaWxlY3Nw"},
    {"key.name": "question_sa:5640471028170752", "data": "{\"progress\": {\"es\": 0}}", "key.id": null, "key": "ahBwfm1vYmlsZWNzcC0yMDE3cjQLEhJJMThuUHJvZ3Jlc3NFbnRpdHkiHHF1ZXN0aW9uX3NhOjU2NDA0NzEwMjgxNzA3NTIMogEMbnNfbW9iaWxlY3Nw"},
    {"key.name": "question_sa:5641332169113600", "data": "{\"progress\": {\"es\": 0}}", "key.id": null, "key": "ahBwfm1vYmlsZWNzcC0yMDE3cjQLEhJJMThuUHJvZ3Jlc3NFbnRpdHkiHHF1ZXN0aW9uX3NhOjU2NDEzMzIxNjkxMTM2MDAMogEMbnNfbW9iaWxlY3Nw"},
    {"key.name": "question_sa:5645478960037888", "data": "{\"progress\": {\"es\": 0}}", "key.id": null, "key": "ahBwfm1vYmlsZWNzcC0yMDE3cjQLEhJJMThuUHJvZ3Jlc3NFbnRpdHkiHHF1ZXN0aW9uX3NhOjU2NDU0Nzg5NjAwMzc4ODgMogEMbnNfbW9iaWxlY3Nw"},
    {"key.name": "question_sa:5649050225344512", "data": "{\"progress\": {\"es\": 0}}", "key.id": null, "key": "ahBwfm1vYmlsZWNzcC0yMDE3cjQLEhJJMThuUHJvZ3Jlc3NFbnRpdHkiHHF1ZXN0aW9uX3NhOjU2NDkwNTAyMjUzNDQ1MTIMogEMbnNfbW9iaWxlY3Nw"},
    {"key.name": "question_sa:5651874166341632", "data": "{\"progress\": {\"es\": 0}}", "key.id": null, "key": "ahBwfm1vYmlsZWNzcC0yMDE3cjQLEhJJMThuUHJvZ3Jlc3NFbnRpdHkiHHF1ZXN0aW9uX3NhOjU2NTE4NzQxNjYzNDE2MzIMogEMbnNfbW9iaWxlY3Nw"},
    {"key.name": "question_sa:5653164804014080", "data": "{\"progress\": {\"es\": 0}}", "key.id": null, "key": "ahBwfm1vYmlsZWNzcC0yMDE3cjQLEhJJMThuUHJvZ3Jlc3NFbnRpdHkiHHF1ZXN0aW9uX3NhOjU2NTMxNjQ4MDQwMTQwODAMogEMbnNfbW9iaWxlY3Nw"},
    {"key.name": "question_sa:5659645909663744", "data": "{\"progress\": {\"es\": 0}}", "key.id": null, "key": "ahBwfm1vYmlsZWNzcC0yMDE3cjQLEhJJMThuUHJvZ3Jlc3NFbnRpdHkiHHF1ZXN0aW9uX3NhOjU2NTk2NDU5MDk2NjM3NDQMogEMbnNfbW9iaWxlY3Nw"},
    {"key.name": "question_sa:5674248798470144", "data": "{\"progress\": {\"es\": 0}}", "key.id": null, "key": "ahBwfm1vYmlsZWNzcC0yMDE3cjQLEhJJMThuUHJvZ3Jlc3NFbnRpdHkiHHF1ZXN0aW9uX3NhOjU2NzQyNDg3OTg0NzAxNDQMogEMbnNfbW9iaWxlY3Nw"},
    {"key.name": "question_sa:5686306919153664", "data": "{\"progress\": {\"es\": 0}}", "key.id": null, "key": "ahBwfm1vYmlsZWNzcC0yMDE3cjQLEhJJMThuUHJvZ3Jlc3NFbnRpdHkiHHF1ZXN0aW9uX3NhOjU2ODYzMDY5MTkxNTM2NjQMogEMbnNfbW9iaWxlY3Nw"},
    {"key.name": "question_sa:5688737870643200", "data": "{\"progress\": {\"es\": 0}}", "key.id": null, "key": "ahBwfm1vYmlsZWNzcC0yMDE3cjQLEhJJMThuUHJvZ3Jlc3NFbnRpdHkiHHF1ZXN0aW9uX3NhOjU2ODg3Mzc4NzA2NDMyMDAMogEMbnNfbW9iaWxlY3Nw"},
    {"key.name": "question_sa:5697070107197440", "data": "{\"progress\": {\"es\": 0}}", "key.id": null, "key": "ahBwfm1vYmlsZWNzcC0yMDE3cjQLEhJJMThuUHJvZ3Jlc3NFbnRpdHkiHHF1ZXN0aW9uX3NhOjU2OTcwNzAxMDcxOTc0NDAMogEMbnNfbW9iaWxlY3Nw"},
    {"key.name": "question_sa:5700735861784576", "data": "{\"progress\": {\"es\": 0}}", "key.id": null, "key": "ahBwfm1vYmlsZWNzcC0yMDE3cjQLEhJJMThuUHJvZ3Jlc3NFbnRpdHkiHHF1ZXN0aW9uX3NhOjU3MDA3MzU4NjE3ODQ1NzYMogEMbnNfbW9iaWxlY3Nw"},
    {"key.name": "question_sa:5703128158568448", "data": "{\"progress\": {\"es\": 0}}", "key.id": null, "key": "ahBwfm1vYmlsZWNzcC0yMDE3cjQLEhJJMThuUHJvZ3Jlc3NFbnRpdHkiHHF1ZXN0aW9uX3NhOjU3MDMxMjgxNTg1Njg0NDgMogEMbnNfbW9iaWxlY3Nw"},
    {"key.name": "question_sa:5711312218750976", "data": "{\"progress\": {\"es\": 0}}", "key.id": null, "key": "ahBwfm1vYmlsZWNzcC0yMDE3cjQLEhJJMThuUHJvZ3Jlc3NFbnRpdHkiHHF1ZXN0aW9uX3NhOjU3MTEzMTIyMTg3NTA5NzYMogEMbnNfbW9iaWxlY3Nw"},
    {"key.name": "question_sa:5713144022302720", "data": "{\"progress\": {\"es\": 0}}", "key.id": null, "key": "ahBwfm1vYmlsZWNzcC0yMDE3cjQLEhJJMThuUHJvZ3Jlc3NFbnRpdHkiHHF1ZXN0aW9uX3NhOjU3MTMxNDQwMjIzMDI3MjAMogEMbnNfbW9iaWxlY3Nw"},
    {"key.name": "question_sa:5716985880510464", "data": "{\"progress\": {\"es\": 0}}", "key.id": null, "key": "ahBwfm1vYmlsZWNzcC0yMDE3cjQLEhJJMThuUHJvZ3Jlc3NFbnRpdHkiHHF1ZXN0aW9uX3NhOjU3MTY5ODU4ODA1MTA0NjQMogEMbnNfbW9iaWxlY3Nw"},
    {"key.name": "question_sa:5717271485874176", "data": "{\"progress\": {\"es\": 0}}", "key.id": null, "key": "ahBwfm1vYmlsZWNzcC0yMDE3cjQLEhJJMThuUHJvZ3Jlc3NFbnRpdHkiHHF1ZXN0aW9uX3NhOjU3MTcyNzE0ODU4NzQxNzYMogEMbnNfbW9iaWxlY3Nw"},
    {"key.name": "question_sa:5718532058775552", "data": "{\"progress\": {\"es\": 0}}", "key.id": null, "key": "ahBwfm1vYmlsZWNzcC0yMDE3cjQLEhJJMThuUHJvZ3Jlc3NFbnRpdHkiHHF1ZXN0aW9uX3NhOjU3MTg1MzIwNTg3NzU1NTIMogEMbnNfbW9iaWxlY3Nw"},
    {"key.name": "question_sa:5730192894984192", "data": "{\"progress\": {\"es\": 0}}", "key.id": null, "key": "ahBwfm1vYmlsZWNzcC0yMDE3cjQLEhJJMThuUHJvZ3Jlc3NFbnRpdHkiHHF1ZXN0aW9uX3NhOjU3MzAxOTI4OTQ5ODQxOTIMogEMbnNfbW9iaWxlY3Nw"},
    {"key.name": "question_sa:5752142325350400", "data": "{\"progress\": {\"es\": 0}}", "key.id": null, "key": "ahBwfm1vYmlsZWNzcC0yMDE3cjQLEhJJMThuUHJvZ3Jlc3NFbnRpdHkiHHF1ZXN0aW9uX3NhOjU3NTIxNDIzMjUzNTA0MDAMogEMbnNfbW9iaWxlY3Nw"},
    {"key.name": "question_sa:5758531089203200", "data": "{\"progress\": {\"es\": 0}}", "key.id": null, "key": "ahBwfm1vYmlsZWNzcC0yMDE3cjQLEhJJMThuUHJvZ3Jlc3NFbnRpdHkiHHF1ZXN0aW9uX3NhOjU3NTg1MzEwODkyMDMyMDAMogEMbnNfbW9iaWxlY3Nw"},
    {"key.name": "question_sa:5813418774757376", "data": "{\"progress\": {\"es\": 0}}", "key.id": null, "key": "ahBwfm1vYmlsZWNzcC0yMDE3cjQLEhJJMThuUHJvZ3Jlc3NFbnRpdHkiHHF1ZXN0aW9uX3NhOjU4MTM0MTg3NzQ3NTczNzYMogEMbnNfbW9iaWxlY3Nw"},
    {"key.name": "question_sa:5839500500533248", "data": "{\"progress\": {\"es\": 0}}", "key.id": null, "key": "ahBwfm1vYmlsZWNzcC0yMDE3cjQLEhJJMThuUHJvZ3Jlc3NFbnRpdHkiHHF1ZXN0aW9uX3NhOjU4Mzk1MDA1MDA1MzMyNDgMogEMbnNfbW9iaWxlY3Nw"},
    {"key.name": "question_sa:6058211957276672", "data": "{\"progress\": {\"es\": 0}}", "key.id": null, "key": "ahBwfm1vYmlsZWNzcC0yMDE3cjQLEhJJMThuUHJvZ3Jlc3NFbnRpdHkiHHF1ZXN0aW9uX3NhOjYwNTgyMTE5NTcyNzY2NzIMogEMbnNfbW9iaWxlY3Nw"},
    {"key.name": "question_sa:6234271731679232", "data": "{\"progress\": {\"es\": 0}}", "key.id": null, "key": "ahBwfm1vYmlsZWNzcC0yMDE3cjQLEhJJMThuUHJvZ3Jlc3NFbnRpdHkiHHF1ZXN0aW9uX3NhOjYyMzQyNzE3MzE2NzkyMzIMogEMbnNfbW9iaWxlY3Nw"},
    {"key.name": "question_sa:6268469368586240", "data": "{\"progress\": {\"es\": 0}}", "key.id": null, "key": "ahBwfm1vYmlsZWNzcC0yMDE3cjQLEhJJMThuUHJvZ3Jlc3NFbnRpdHkiHHF1ZXN0aW9uX3NhOjYyNjg0NjkzNjg1ODYyNDAMogEMbnNfbW9iaWxlY3Nw"},
    {"key.name": "question_sa:6308147668975616", "data": "{\"progress\": {\"es\": 0}}", "key.id": null, "key": "ahBwfm1vYmlsZWNzcC0yMDE3cjQLEhJJMThuUHJvZ3Jlc3NFbnRpdHkiHHF1ZXN0aW9uX3NhOjYzMDgxNDc2Njg5NzU2MTYMogEMbnNfbW9iaWxlY3Nw"},
    {"key.name": "question_sa:6483030902308864", "data": "{\"progress\": {\"es\": 0}}", "key.id": null, "key": "ahBwfm1vYmlsZWNzcC0yMDE3cjQLEhJJMThuUHJvZ3Jlc3NFbnRpdHkiHHF1ZXN0aW9uX3NhOjY0ODMwMzA5MDIzMDg4NjQMogEMbnNfbW9iaWxlY3Nw"},
    {"key.name": "question_sa:6545390312620032", "data": "{\"progress\": {\"es\": 0}}", "key.id": null, "key": "ahBwfm1vYmlsZWNzcC0yMDE3cjQLEhJJMThuUHJvZ3Jlc3NFbnRpdHkiHHF1ZXN0aW9uX3NhOjY1NDUzOTAzMTI2MjAwMzIMogEMbnNfbW9iaWxlY3Nw"},
    {"key.name": "question_sa:6588675001417728", "data": "{\"progress\": {\"es\": 0}}", "key.id": null, "key": "ahBwfm1vYmlsZWNzcC0yMDE3cjQLEhJJMThuUHJvZ3Jlc3NFbnRpdHkiHHF1ZXN0aW9uX3NhOjY1ODg2NzUwMDE0MTc3MjgMogEMbnNfbW9iaWxlY3Nw"},
    {"key.name": "unit:1", "data": "{\"progress\": {\"es\": 0}}", "key.id": null, "key": "ahBwfm1vYmlsZWNzcC0yMDE3ch4LEhJJMThuUHJvZ3Jlc3NFbnRpdHkiBnVuaXQ6MQyiAQxuc19tb2JpbGVjc3A"},
    {"key.name": "unit:127", "data": "{\"progress\": {\"es\": 0}}", "key.id": null, "key": "ahBwfm1vYmlsZWNzcC0yMDE3ciALEhJJMThuUHJvZ3Jlc3NFbnRpdHkiCHVuaXQ6MTI3DKIBDG5zX21vYmlsZWNzcA"},
    {"key.name": "unit:149", "data": "{\"progress\": {\"es\": 0}}", "key.id": null, "key": "ahBwfm1vYmlsZWNzcC0yMDE3ciALEhJJMThuUHJvZ3Jlc3NFbnRpdHkiCHVuaXQ6MTQ5DKIBDG5zX21vYmlsZWNzcA"},
    {"key.name": "unit:175", "data": "{\"progress\": {\"es\": 0}}", "key.id": null, "key": "ahBwfm1vYmlsZWNzcC0yMDE3ciALEhJJMThuUHJvZ3Jlc3NFbnRpdHkiCHVuaXQ6MTc1DKIBDG5zX21vYmlsZWNzcA"},
    {"key.name": "unit:176", "data": "{\"progress\": {\"es\": 0}}", "key.id": null, "key": "ahBwfm1vYmlsZWNzcC0yMDE3ciALEhJJMThuUHJvZ3Jlc3NFbnRpdHkiCHVuaXQ6MTc2DKIBDG5zX21vYmlsZWNzcA"},
    {"key.name": "unit:19", "data": "{\"progress\": {\"es\": 0}}", "key.id": null, "key": "ahBwfm1vYmlsZWNzcC0yMDE3ch8LEhJJMThuUHJvZ3Jlc3NFbnRpdHkiB3VuaXQ6MTkMogEMbnNfbW9iaWxlY3Nw"},
    {"key.name": "unit:22", "data": "{\"progress\": {\"es\": 0}}", "key.id": null, "key": "ahBwfm1vYmlsZWNzcC0yMDE3ch8LEhJJMThuUHJvZ3Jlc3NFbnRpdHkiB3VuaXQ6MjIMogEMbnNfbW9iaWxlY3Nw"},
    {"key.name": "unit:23", "data": "{\"progress\": {\"es\": 0}}", "key.id": null, "key": "ahBwfm1vYmlsZWNzcC0yMDE3ch8LEhJJMThuUHJvZ3Jlc3NFbnRpdHkiB3VuaXQ6MjMMogEMbnNfbW9iaWxlY3Nw"},
    {"key.name": "unit:24", "data": "{\"progress\": {\"es\": 0}}", "key.id": null, "key": "ahBwfm1vYmlsZWNzcC0yMDE3ch8LEhJJMThuUHJvZ3Jlc3NFbnRpdHkiB3VuaXQ6MjQMogEMbnNfbW9iaWxlY3Nw"},
    {"key.name": "unit:25", "data": "{\"progress\": {\"es\": 0}}", "key.id": null, "key": "ahBwfm1vYmlsZWNzcC0yMDE3ch8LEhJJMThuUHJvZ3Jlc3NFbnRpdHkiB3VuaXQ6MjUMogEMbnNfbW9iaWxlY3Nw"},
    {"key.name": "unit:26", "data": "{\"progress\": {\"es\": 0}}", "key.id": null, "key": "ahBwfm1vYmlsZWNzcC0yMDE3ch8LEhJJMThuUHJvZ3Jlc3NFbnRpdHkiB3VuaXQ6MjYMogEMbnNfbW9iaWxlY3Nw"}
]}
