{"rows": [
    {"key.name": "None", "data": "{\"version\": \"1.0\", \"type\": 2, \"description\": \"[es] language\", \"title\": \"es\"}", "key.id": 4564337628807168, "key": "ahBwfm1vYmlsZWNzcC0yMDE3chgLEgtMYWJlbEVudGl0eRiAgIDY2ueNCAyiAQxuc19tb2JpbGVjc3A"},
    {"key.name": "None", "data": "{\"version\": \"1.0\", \"type\": 2, \"description\": \"[en_US] language\", \"title\": \"en_US\"}", "key.id": 5135011007168512, "key": "ahBwfm1vYmlsZWNzcC0yMDE3chgLEgtMYWJlbEVudGl0eRiAgIDYvsiPCQyiAQxuc19tb2JpbGVjc3A"}
]}
