{"rows": [
    {"key.name": "assessment:115", "data": "{\"progress\": {\"es\": 0}}", "key.id": null, "key": "ahBwfm1vYmlsZWNzcC0yMDE3ciYLEhJJMThuUHJvZ3Jlc3NFbnRpdHkiDmFzc2Vzc21lbnQ6MTE1DKIBEm5zX3RlYWNoX21vYmlsZWNzcA"},
    {"key.name": "assessment:121", "data": "{\"progress\": {\"es\": 0}}", "key.id": null, "key": "ahBwfm1vYmlsZWNzcC0yMDE3ciYLEhJJMThuUHJvZ3Jlc3NFbnRpdHkiDmFzc2Vzc21lbnQ6MTIxDKIBEm5zX3RlYWNoX21vYmlsZWNzcA"},
    {"key.name": "assessment:122", "data": "{\"progress\": {\"es\": 0}}", "key.id": null, "key": "ahBwfm1vYmlsZWNzcC0yMDE3ciYLEhJJMThuUHJvZ3Jlc3NFbnRpdHkiDmFzc2Vzc21lbnQ6MTIyDKIBEm5zX3RlYWNoX21vYmlsZWNzcA"},
    {"key.name": "assessment:135", "data": "{\"progress\": {\"es\": 0}}", "key.id": null, "key": "ahBwfm1vYmlsZWNzcC0yMDE3ciYLEhJJMThuUHJvZ3Jlc3NFbnRpdHkiDmFzc2Vzc21lbnQ6MTM1DKIBEm5zX3RlYWNoX21vYmlsZWNzcA"},
    {"key.name": "assessment:136", "data": "{\"progress\": {\"es\": 0}}", "key.id": null, "key": "ahBwfm1vYmlsZWNzcC0yMDE3ciYLEhJJMThuUHJvZ3Jlc3NFbnRpdHkiDmFzc2Vzc21lbnQ6MTM2DKIBEm5zX3RlYWNoX21vYmlsZWNzcA"},
    {"key.name": "assessment:35", "data": "{\"progress\": {\"es\": 0}}", "key.id": null, "key": "ahBwfm1vYmlsZWNzcC0yMDE3ciULEhJJMThuUHJvZ3Jlc3NFbnRpdHkiDWFzc2Vzc21lbnQ6MzUMogESbnNfdGVhY2hfbW9iaWxlY3Nw"},
    {"key.name": "course_settings:assessment", "data": "{\"progress\": {\"es\": 2}}", "key.id": null, "key": "ahBwfm1vYmlsZWNzcC0yMDE3cjILEhJJMThuUHJvZ3Jlc3NFbnRpdHkiGmNvdXJzZV9zZXR0aW5nczphc3Nlc3NtZW50DKIBEm5zX3RlYWNoX21vYmlsZWNzcA"},
    {"key.name": "course_settings:forums", "data": "{\"progress\": {\"es\": 0}}", "key.id": null, "key": "ahBwfm1vYmlsZWNzcC0yMDE3ci4LEhJJMThuUHJvZ3Jlc3NFbnRpdHkiFmNvdXJzZV9zZXR0aW5nczpmb3J1bXMMogESbnNfdGVhY2hfbW9iaWxlY3Nw"},
    {"key.name": "course_settings:homepage", "data": "{\"progress\": {\"es\": 0}}", "key.id": null, "key": "ahBwfm1vYmlsZWNzcC0yMDE3cjALEhJJMThuUHJvZ3Jlc3NFbnRpdHkiGGNvdXJzZV9zZXR0aW5nczpob21lcGFnZQyiARJuc190ZWFjaF9tb2JpbGVjc3A"},
    {"key.name": "course_settings:invitation", "data": "{\"progress\": {\"es\": 2}}", "key.id": null, "key": "ahBwfm1vYmlsZWNzcC0yMDE3cjILEhJJMThuUHJvZ3Jlc3NFbnRpdHkiGmNvdXJzZV9zZXR0aW5nczppbnZpdGF0aW9uDKIBEm5zX3RlYWNoX21vYmlsZWNzcA"},
    {"key.name": "course_settings:registration", "data": "{\"progress\": {\"es\": 0}}", "key.id": null, "key": "ahBwfm1vYmlsZWNzcC0yMDE3cjQLEhJJMThuUHJvZ3Jlc3NFbnRpdHkiHGNvdXJzZV9zZXR0aW5nczpyZWdpc3RyYXRpb24MogESbnNfdGVhY2hfbW9iaWxlY3Nw"},
    {"key.name": "html_hook:base.after_body_tag_begins", "data": "{\"progress\": {\"es\": 2}}", "key.id": null, "key": "ahBwfm1vYmlsZWNzcC0yMDE3cjwLEhJJMThuUHJvZ3Jlc3NFbnRpdHkiJGh0bWxfaG9vazpiYXNlLmFmdGVyX2JvZHlfdGFnX2JlZ2lucwyiARJuc190ZWFjaF9tb2JpbGVjc3A"},
    {"key.name": "html_hook:base.after_main_content_ends", "data": "{\"progress\": {\"es\": 2}}", "key.id": null, "key": "ahBwfm1vYmlsZWNzcC0yMDE3cj4LEhJJMThuUHJvZ3Jlc3NFbnRpdHkiJmh0bWxfaG9vazpiYXNlLmFmdGVyX21haW5fY29udGVudF9lbmRzDKIBEm5zX3RlYWNoX21vYmlsZWNzcA"},
    {"key.name": "html_hook:base.after_navbar_begins", "data": "{\"progress\": {\"es\": 2}}", "key.id": null, "key": "ahBwfm1vYmlsZWNzcC0yMDE3cjoLEhJJMThuUHJvZ3Jlc3NFbnRpdHkiImh0bWxfaG9vazpiYXNlLmFmdGVyX25hdmJhcl9iZWdpbnMMogESbnNfdGVhY2hfbW9iaWxlY3Nw"},
    {"key.name": "html_hook:base.after_top_content_ends", "data": "{\"progress\": {\"es\": 2}}", "key.id": null, "key": "ahBwfm1vYmlsZWNzcC0yMDE3cj0LEhJJMThuUHJvZ3Jlc3NFbnRpdHkiJWh0bWxfaG9vazpiYXNlLmFmdGVyX3RvcF9jb250ZW50X2VuZHMMogESbnNfdGVhY2hfbW9iaWxlY3Nw"},
    {"key.name": "html_hook:base.before_body_tag_ends", "data": "{\"progress\": {\"es\": 2}}", "key.id": null, "key": "ahBwfm1vYmlsZWNzcC0yMDE3cjsLEhJJMThuUHJvZ3Jlc3NFbnRpdHkiI2h0bWxfaG9vazpiYXNlLmJlZm9yZV9ib2R5X3RhZ19lbmRzDKIBEm5zX3RlYWNoX21vYmlsZWNzcA"},
    {"key.name": "html_hook:base.before_head_tag_ends", "data": "{\"progress\": {\"es\": 2}}", "key.id": null, "key": "ahBwfm1vYmlsZWNzcC0yMDE3cjsLEhJJMThuUHJvZ3Jlc3NFbnRpdHkiI2h0bWxfaG9vazpiYXNlLmJlZm9yZV9oZWFkX3RhZ19lbmRzDKIBEm5zX3RlYWNoX21vYmlsZWNzcA"},
    {"key.name": "html_hook:base.before_navbar_ends", "data": "{\"progress\": {\"es\": 0}}", "key.id": null, "key": "ahBwfm1vYmlsZWNzcC0yMDE3cjkLEhJJMThuUHJvZ3Jlc3NFbnRpdHkiIWh0bWxfaG9vazpiYXNlLmJlZm9yZV9uYXZiYXJfZW5kcwyiARJuc190ZWFjaF9tb2JpbGVjc3A"},
    {"key.name": "lesson:101", "data": "{\"progress\": {\"es\": 0}}", "key.id": null, "key": "ahBwfm1vYmlsZWNzcC0yMDE3ciILEhJJMThuUHJvZ3Jlc3NFbnRpdHkiCmxlc3NvbjoxMDEMogESbnNfdGVhY2hfbW9iaWxlY3Nw"},
    {"key.name": "lesson:102", "data": "{\"progress\": {\"es\": 0}}", "key.id": null, "key": "ahBwfm1vYmlsZWNzcC0yMDE3ciILEhJJMThuUHJvZ3Jlc3NFbnRpdHkiCmxlc3NvbjoxMDIMogESbnNfdGVhY2hfbW9iaWxlY3Nw"},
    {"key.name": "lesson:105", "data": "{\"progress\": {\"es\": 0}}", "key.id": null, "key": "ahBwfm1vYmlsZWNzcC0yMDE3ciILEhJJMThuUHJvZ3Jlc3NFbnRpdHkiCmxlc3NvbjoxMDUMogESbnNfdGVhY2hfbW9iaWxlY3Nw"},
    {"key.name": "lesson:106", "data": "{\"progress\": {\"es\": 0}}", "key.id": null, "key": "ahBwfm1vYmlsZWNzcC0yMDE3ciILEhJJMThuUHJvZ3Jlc3NFbnRpdHkiCmxlc3NvbjoxMDYMogESbnNfdGVhY2hfbW9iaWxlY3Nw"},
    {"key.name": "lesson:107", "data": "{\"progress\": {\"es\": 0}}", "key.id": null, "key": "ahBwfm1vYmlsZWNzcC0yMDE3ciILEhJJMThuUHJvZ3Jlc3NFbnRpdHkiCmxlc3NvbjoxMDcMogESbnNfdGVhY2hfbW9iaWxlY3Nw"},
    {"key.name": "lesson:108", "data": "{\"progress\": {\"es\": 0}}", "key.id": null, "key": "ahBwfm1vYmlsZWNzcC0yMDE3ciILEhJJMThuUHJvZ3Jlc3NFbnRpdHkiCmxlc3NvbjoxMDgMogESbnNfdGVhY2hfbW9iaWxlY3Nw"},
    {"key.name": "lesson:109", "data": "{\"progress\": {\"es\": 0}}", "key.id": null, "key": "ahBwfm1vYmlsZWNzcC0yMDE3ciILEhJJMThuUHJvZ3Jlc3NFbnRpdHkiCmxlc3NvbjoxMDkMogESbnNfdGVhY2hfbW9iaWxlY3Nw"},
    {"key.name": "lesson:110", "data": "{\"progress\": {\"es\": 0}}", "key.id": null, "key": "ahBwfm1vYmlsZWNzcC0yMDE3ciILEhJJMThuUHJvZ3Jlc3NFbnRpdHkiCmxlc3NvbjoxMTAMogESbnNfdGVhY2hfbW9iaWxlY3Nw"},
    {"key.name": "lesson:112", "data": "{\"progress\": {\"es\": 0}}", "key.id": null, "key": "ahBwfm1vYmlsZWNzcC0yMDE3ciILEhJJMThuUHJvZ3Jlc3NFbnRpdHkiCmxlc3NvbjoxMTIMogESbnNfdGVhY2hfbW9iaWxlY3Nw"},
    {"key.name": "lesson:113", "data": "{\"progress\": {\"es\": 0}}", "key.id": null, "key": "ahBwfm1vYmlsZWNzcC0yMDE3ciILEhJJMThuUHJvZ3Jlc3NFbnRpdHkiCmxlc3NvbjoxMTMMogESbnNfdGVhY2hfbW9iaWxlY3Nw"},
    {"key.name": "lesson:114", "data": "{\"progress\": {\"es\": 0}}", "key.id": null, "key": "ahBwfm1vYmlsZWNzcC0yMDE3ciILEhJJMThuUHJvZ3Jlc3NFbnRpdHkiCmxlc3NvbjoxMTQMogESbnNfdGVhY2hfbW9iaWxlY3Nw"},
    {"key.name": "lesson:117", "data": "{\"progress\": {\"es\": 0}}", "key.id": null, "key": "ahBwfm1vYmlsZWNzcC0yMDE3ciILEhJJMThuUHJvZ3Jlc3NFbnRpdHkiCmxlc3NvbjoxMTcMogESbnNfdGVhY2hfbW9iaWxlY3Nw"},
    {"key.name": "lesson:120", "data": "{\"progress\": {\"es\": 0}}", "key.id": null, "key": "ahBwfm1vYmlsZWNzcC0yMDE3ciILEhJJMThuUHJvZ3Jlc3NFbnRpdHkiCmxlc3NvbjoxMjAMogESbnNfdGVhY2hfbW9iaWxlY3Nw"},
    {"key.name": "lesson:123", "data": "{\"progress\": {\"es\": 0}}", "key.id": null, "key": "ahBwfm1vYmlsZWNzcC0yMDE3ciILEhJJMThuUHJvZ3Jlc3NFbnRpdHkiCmxlc3NvbjoxMjMMogESbnNfdGVhY2hfbW9iaWxlY3Nw"},
    {"key.name": "lesson:125", "data": "{\"progress\": {\"es\": 0}}", "key.id": null, "key": "ahBwfm1vYmlsZWNzcC0yMDE3ciILEhJJMThuUHJvZ3Jlc3NFbnRpdHkiCmxlc3NvbjoxMjUMogESbnNfdGVhY2hfbW9iaWxlY3Nw"},
    {"key.name": "lesson:127", "data": "{\"progress\": {\"es\": 0}}", "key.id": null, "key": "ahBwfm1vYmlsZWNzcC0yMDE3ciILEhJJMThuUHJvZ3Jlc3NFbnRpdHkiCmxlc3NvbjoxMjcMogESbnNfdGVhY2hfbW9iaWxlY3Nw"},
    {"key.name": "lesson:128", "data": "{\"progress\": {\"es\": 0}}", "key.id": null, "key": "ahBwfm1vYmlsZWNzcC0yMDE3ciILEhJJMThuUHJvZ3Jlc3NFbnRpdHkiCmxlc3NvbjoxMjgMogESbnNfdGVhY2hfbW9iaWxlY3Nw"},
    {"key.name": "lesson:129", "data": "{\"progress\": {\"es\": 0}}", "key.id": null, "key": "ahBwfm1vYmlsZWNzcC0yMDE3ciILEhJJMThuUHJvZ3Jlc3NFbnRpdHkiCmxlc3NvbjoxMjkMogESbnNfdGVhY2hfbW9iaWxlY3Nw"},
    {"key.name": "lesson:130", "data": "{\"progress\": {\"es\": 0}}", "key.id": null, "key": "ahBwfm1vYmlsZWNzcC0yMDE3ciILEhJJMThuUHJvZ3Jlc3NFbnRpdHkiCmxlc3NvbjoxMzAMogESbnNfdGVhY2hfbW9iaWxlY3Nw"},
    {"key.name": "lesson:132", "data": "{\"progress\": {\"es\": 0}}", "key.id": null, "key": "ahBwfm1vYmlsZWNzcC0yMDE3ciILEhJJMThuUHJvZ3Jlc3NFbnRpdHkiCmxlc3NvbjoxMzIMogESbnNfdGVhY2hfbW9iaWxlY3Nw"},
    {"key.name": "lesson:137", "data": "{\"progress\": {\"es\": 0}}", "key.id": null, "key": "ahBwfm1vYmlsZWNzcC0yMDE3ciILEhJJMThuUHJvZ3Jlc3NFbnRpdHkiCmxlc3NvbjoxMzcMogESbnNfdGVhY2hfbW9iaWxlY3Nw"},
    {"key.name": "lesson:138", "data": "{\"progress\": {\"es\": 0}}", "key.id": null, "key": "ahBwfm1vYmlsZWNzcC0yMDE3ciILEhJJMThuUHJvZ3Jlc3NFbnRpdHkiCmxlc3NvbjoxMzgMogESbnNfdGVhY2hfbW9iaWxlY3Nw"},
    {"key.name": "lesson:139", "data": "{\"progress\": {\"es\": 0}}", "key.id": null, "key": "ahBwfm1vYmlsZWNzcC0yMDE3ciILEhJJMThuUHJvZ3Jlc3NFbnRpdHkiCmxlc3NvbjoxMzkMogESbnNfdGVhY2hfbW9iaWxlY3Nw"},
    {"key.name": "lesson:141", "data": "{\"progress\": {\"es\": 0}}", "key.id": null, "key": "ahBwfm1vYmlsZWNzcC0yMDE3ciILEhJJMThuUHJvZ3Jlc3NFbnRpdHkiCmxlc3NvbjoxNDEMogESbnNfdGVhY2hfbW9iaWxlY3Nw"},
    {"key.name": "lesson:142", "data": "{\"progress\": {\"es\": 0}}", "key.id": null, "key": "ahBwfm1vYmlsZWNzcC0yMDE3ciILEhJJMThuUHJvZ3Jlc3NFbnRpdHkiCmxlc3NvbjoxNDIMogESbnNfdGVhY2hfbW9iaWxlY3Nw"},
    {"key.name": "lesson:144", "data": "{\"progress\": {\"es\": 0}}", "key.id": null, "key": "ahBwfm1vYmlsZWNzcC0yMDE3ciILEhJJMThuUHJvZ3Jlc3NFbnRpdHkiCmxlc3NvbjoxNDQMogESbnNfdGVhY2hfbW9iaWxlY3Nw"},
    {"key.name": "lesson:145", "data": "{\"progress\": {\"es\": 0}}", "key.id": null, "key": "ahBwfm1vYmlsZWNzcC0yMDE3ciILEhJJMThuUHJvZ3Jlc3NFbnRpdHkiCmxlc3NvbjoxNDUMogESbnNfdGVhY2hfbW9iaWxlY3Nw"},
    {"key.name": "lesson:146", "data": "{\"progress\": {\"es\": 0}}", "key.id": null, "key": "ahBwfm1vYmlsZWNzcC0yMDE3ciILEhJJMThuUHJvZ3Jlc3NFbnRpdHkiCmxlc3NvbjoxNDYMogESbnNfdGVhY2hfbW9iaWxlY3Nw"},
    {"key.name": "lesson:147", "data": "{\"progress\": {\"es\": 0}}", "key.id": null, "key": "ahBwfm1vYmlsZWNzcC0yMDE3ciILEhJJMThuUHJvZ3Jlc3NFbnRpdHkiCmxlc3NvbjoxNDcMogESbnNfdGVhY2hfbW9iaWxlY3Nw"},
    {"key.name": "lesson:148", "data": "{\"progress\": {\"es\": 0}}", "key.id": null, "key": "ahBwfm1vYmlsZWNzcC0yMDE3ciILEhJJMThuUHJvZ3Jlc3NFbnRpdHkiCmxlc3NvbjoxNDgMogESbnNfdGVhY2hfbW9iaWxlY3Nw"},
    {"key.name": "lesson:149", "data": "{\"progress\": {\"es\": 0}}", "key.id": null, "key": "ahBwfm1vYmlsZWNzcC0yMDE3ciILEhJJMThuUHJvZ3Jlc3NFbnRpdHkiCmxlc3NvbjoxNDkMogESbnNfdGVhY2hfbW9iaWxlY3Nw"},
    {"key.name": "lesson:150", "data": "{\"progress\": {\"es\": 0}}", "key.id": null, "key": "ahBwfm1vYmlsZWNzcC0yMDE3ciILEhJJMThuUHJvZ3Jlc3NFbnRpdHkiCmxlc3NvbjoxNTAMogESbnNfdGVhY2hfbW9iaWxlY3Nw"},
    {"key.name": "lesson:151", "data": "{\"progress\": {\"es\": 0}}", "key.id": null, "key": "ahBwfm1vYmlsZWNzcC0yMDE3ciILEhJJMThuUHJvZ3Jlc3NFbnRpdHkiCmxlc3NvbjoxNTEMogESbnNfdGVhY2hfbW9iaWxlY3Nw"},
    {"key.name": "lesson:152", "data": "{\"progress\": {\"es\": 0}}", "key.id": null, "key": "ahBwfm1vYmlsZWNzcC0yMDE3ciILEhJJMThuUHJvZ3Jlc3NFbnRpdHkiCmxlc3NvbjoxNTIMogESbnNfdGVhY2hfbW9iaWxlY3Nw"},
    {"key.name": "lesson:153", "data": "{\"progress\": {\"es\": 0}}", "key.id": null, "key": "ahBwfm1vYmlsZWNzcC0yMDE3ciILEhJJMThuUHJvZ3Jlc3NFbnRpdHkiCmxlc3NvbjoxNTMMogESbnNfdGVhY2hfbW9iaWxlY3Nw"},
    {"key.name": "lesson:157", "data": "{\"progress\": {\"es\": 0}}", "key.id": null, "key": "ahBwfm1vYmlsZWNzcC0yMDE3ciILEhJJMThuUHJvZ3Jlc3NFbnRpdHkiCmxlc3NvbjoxNTcMogESbnNfdGVhY2hfbW9iaWxlY3Nw"},
    {"key.name": "lesson:160", "data": "{\"progress\": {\"es\": 0}}", "key.id": null, "key": "ahBwfm1vYmlsZWNzcC0yMDE3ciILEhJJMThuUHJvZ3Jlc3NFbnRpdHkiCmxlc3NvbjoxNjAMogESbnNfdGVhY2hfbW9iaWxlY3Nw"},
    {"key.name": "lesson:161", "data": "{\"progress\": {\"es\": 0}}", "key.id": null, "key": "ahBwfm1vYmlsZWNzcC0yMDE3ciILEhJJMThuUHJvZ3Jlc3NFbnRpdHkiCmxlc3NvbjoxNjEMogESbnNfdGVhY2hfbW9iaWxlY3Nw"},
    {"key.name": "lesson:162", "data": "{\"progress\": {\"es\": 0}}", "key.id": null, "key": "ahBwfm1vYmlsZWNzcC0yMDE3ciILEhJJMThuUHJvZ3Jlc3NFbnRpdHkiCmxlc3NvbjoxNjIMogESbnNfdGVhY2hfbW9iaWxlY3Nw"},
    {"key.name": "lesson:163", "data": "{\"progress\": {\"es\": 0}}", "key.id": null, "key": "ahBwfm1vYmlsZWNzcC0yMDE3ciILEhJJMThuUHJvZ3Jlc3NFbnRpdHkiCmxlc3NvbjoxNjMMogESbnNfdGVhY2hfbW9iaWxlY3Nw"},
    {"key.name": "lesson:165", "data": "{\"progress\": {\"es\": 0}}", "key.id": null, "key": "ahBwfm1vYmlsZWNzcC0yMDE3ciILEhJJMThuUHJvZ3Jlc3NFbnRpdHkiCmxlc3NvbjoxNjUMogESbnNfdGVhY2hfbW9iaWxlY3Nw"},
    {"key.name": "lesson:166", "data": "{\"progress\": {\"es\": 0}}", "key.id": null, "key": "ahBwfm1vYmlsZWNzcC0yMDE3ciILEhJJMThuUHJvZ3Jlc3NFbnRpdHkiCmxlc3NvbjoxNjYMogESbnNfdGVhY2hfbW9iaWxlY3Nw"},
    {"key.name": "lesson:167", "data": "{\"progress\": {\"es\": 0}}", "key.id": null, "key": "ahBwfm1vYmlsZWNzcC0yMDE3ciILEhJJMThuUHJvZ3Jlc3NFbnRpdHkiCmxlc3NvbjoxNjcMogESbnNfdGVhY2hfbW9iaWxlY3Nw"},
    {"key.name": "lesson:169", "data": "{\"progress\": {\"es\": 0}}", "key.id": null, "key": "ahBwfm1vYmlsZWNzcC0yMDE3ciILEhJJMThuUHJvZ3Jlc3NFbnRpdHkiCmxlc3NvbjoxNjkMogESbnNfdGVhY2hfbW9iaWxlY3Nw"},
    {"key.name": "lesson:17", "data": "{\"progress\": {\"es\": 0}}", "key.id": null, "key": "ahBwfm1vYmlsZWNzcC0yMDE3ciELEhJJMThuUHJvZ3Jlc3NFbnRpdHkiCWxlc3NvbjoxNwyiARJuc190ZWFjaF9tb2JpbGVjc3A"},
    {"key.name": "lesson:170", "data": "{\"progress\": {\"es\": 0}}", "key.id": null, "key": "ahBwfm1vYmlsZWNzcC0yMDE3ciILEhJJMThuUHJvZ3Jlc3NFbnRpdHkiCmxlc3NvbjoxNzAMogESbnNfdGVhY2hfbW9iaWxlY3Nw"},
    {"key.name": "lesson:172", "data": "{\"progress\": {\"es\": 0}}", "key.id": null, "key": "ahBwfm1vYmlsZWNzcC0yMDE3ciILEhJJMThuUHJvZ3Jlc3NFbnRpdHkiCmxlc3NvbjoxNzIMogESbnNfdGVhY2hfbW9iaWxlY3Nw"},
    {"key.name": "lesson:173", "data": "{\"progress\": {\"es\": 0}}", "key.id": null, "key": "ahBwfm1vYmlsZWNzcC0yMDE3ciILEhJJMThuUHJvZ3Jlc3NFbnRpdHkiCmxlc3NvbjoxNzMMogESbnNfdGVhY2hfbW9iaWxlY3Nw"},
    {"key.name": "lesson:174", "data": "{\"progress\": {\"es\": 0}}", "key.id": null, "key": "ahBwfm1vYmlsZWNzcC0yMDE3ciILEhJJMThuUHJvZ3Jlc3NFbnRpdHkiCmxlc3NvbjoxNzQMogESbnNfdGVhY2hfbW9iaWxlY3Nw"},
    {"key.name": "lesson:175", "data": "{\"progress\": {\"es\": 0}}", "key.id": null, "key": "ahBwfm1vYmlsZWNzcC0yMDE3ciILEhJJMThuUHJvZ3Jlc3NFbnRpdHkiCmxlc3NvbjoxNzUMogESbnNfdGVhY2hfbW9iaWxlY3Nw"},
    {"key.name": "lesson:176", "data": "{\"progress\": {\"es\": 0}}", "key.id": null, "key": "ahBwfm1vYmlsZWNzcC0yMDE3ciILEhJJMThuUHJvZ3Jlc3NFbnRpdHkiCmxlc3NvbjoxNzYMogESbnNfdGVhY2hfbW9iaWxlY3Nw"},
    {"key.name": "lesson:177", "data": "{\"progress\": {\"es\": 0}}", "key.id": null, "key": "ahBwfm1vYmlsZWNzcC0yMDE3ciILEhJJMThuUHJvZ3Jlc3NFbnRpdHkiCmxlc3NvbjoxNzcMogESbnNfdGVhY2hfbW9iaWxlY3Nw"},
    {"key.name": "lesson:179", "data": "{\"progress\": {\"es\": 0}}", "key.id": null, "key": "ahBwfm1vYmlsZWNzcC0yMDE3ciILEhJJMThuUHJvZ3Jlc3NFbnRpdHkiCmxlc3NvbjoxNzkMogESbnNfdGVhY2hfbW9iaWxlY3Nw"},
    {"key.name": "lesson:18", "data": "{\"progress\": {\"es\": 0}}", "key.id": null, "key": "ahBwfm1vYmlsZWNzcC0yMDE3ciELEhJJMThuUHJvZ3Jlc3NFbnRpdHkiCWxlc3NvbjoxOAyiARJuc190ZWFjaF9tb2JpbGVjc3A"},
    {"key.name": "lesson:180", "data": "{\"progress\": {\"es\": 0}}", "key.id": null, "key": "ahBwfm1vYmlsZWNzcC0yMDE3ciILEhJJMThuUHJvZ3Jlc3NFbnRpdHkiCmxlc3NvbjoxODAMogESbnNfdGVhY2hfbW9iaWxlY3Nw"},
    {"key.name": "lesson:181", "data": "{\"progress\": {\"es\": 0}}", "key.id": null, "key": "ahBwfm1vYmlsZWNzcC0yMDE3ciILEhJJMThuUHJvZ3Jlc3NFbnRpdHkiCmxlc3NvbjoxODEMogESbnNfdGVhY2hfbW9iaWxlY3Nw"},
    {"key.name": "lesson:182", "data": "{\"progress\": {\"es\": 0}}", "key.id": null, "key": "ahBwfm1vYmlsZWNzcC0yMDE3ciILEhJJMThuUHJvZ3Jlc3NFbnRpdHkiCmxlc3NvbjoxODIMogESbnNfdGVhY2hfbW9iaWxlY3Nw"},
    {"key.name": "lesson:184", "data": "{\"progress\": {\"es\": 0}}", "key.id": null, "key": "ahBwfm1vYmlsZWNzcC0yMDE3ciILEhJJMThuUHJvZ3Jlc3NFbnRpdHkiCmxlc3NvbjoxODQMogESbnNfdGVhY2hfbW9iaWxlY3Nw"},
    {"key.name": "lesson:185", "data": "{\"progress\": {\"es\": 0}}", "key.id": null, "key": "ahBwfm1vYmlsZWNzcC0yMDE3ciILEhJJMThuUHJvZ3Jlc3NFbnRpdHkiCmxlc3NvbjoxODUMogESbnNfdGVhY2hfbW9iaWxlY3Nw"},
    {"key.name": "lesson:186", "data": "{\"progress\": {\"es\": 0}}", "key.id": null, "key": "ahBwfm1vYmlsZWNzcC0yMDE3ciILEhJJMThuUHJvZ3Jlc3NFbnRpdHkiCmxlc3NvbjoxODYMogESbnNfdGVhY2hfbW9iaWxlY3Nw"},
    {"key.name": "lesson:187", "data": "{\"progress\": {\"es\": 0}}", "key.id": null, "key": "ahBwfm1vYmlsZWNzcC0yMDE3ciILEhJJMThuUHJvZ3Jlc3NFbnRpdHkiCmxlc3NvbjoxODcMogESbnNfdGVhY2hfbW9iaWxlY3Nw"},
    {"key.name": "lesson:188", "data": "{\"progress\": {\"es\": 0}}", "key.id": null, "key": "ahBwfm1vYmlsZWNzcC0yMDE3ciILEhJJMThuUHJvZ3Jlc3NFbnRpdHkiCmxlc3NvbjoxODgMogESbnNfdGVhY2hfbW9iaWxlY3Nw"},
    {"key.name": "lesson:189", "data": "{\"progress\": {\"es\": 0}}", "key.id": null, "key": "ahBwfm1vYmlsZWNzcC0yMDE3ciILEhJJMThuUHJvZ3Jlc3NFbnRpdHkiCmxlc3NvbjoxODkMogESbnNfdGVhY2hfbW9iaWxlY3Nw"},
    {"key.name": "lesson:19", "data": "{\"progress\": {\"es\": 0}}", "key.id": null, "key": "ahBwfm1vYmlsZWNzcC0yMDE3ciELEhJJMThuUHJvZ3Jlc3NFbnRpdHkiCWxlc3NvbjoxOQyiARJuc190ZWFjaF9tb2JpbGVjc3A"},
    {"key.name": "lesson:190", "data": "{\"progress\": {\"es\": 0}}", "key.id": null, "key": "ahBwfm1vYmlsZWNzcC0yMDE3ciILEhJJMThuUHJvZ3Jlc3NFbnRpdHkiCmxlc3NvbjoxOTAMogESbnNfdGVhY2hfbW9iaWxlY3Nw"},
    {"key.name": "lesson:191", "data": "{\"progress\": {\"es\": 0}}", "key.id": null, "key": "ahBwfm1vYmlsZWNzcC0yMDE3ciILEhJJMThuUHJvZ3Jlc3NFbnRpdHkiCmxlc3NvbjoxOTEMogESbnNfdGVhY2hfbW9iaWxlY3Nw"},
    {"key.name": "lesson:192", "data": "{\"progress\": {\"es\": 0}}", "key.id": null, "key": "ahBwfm1vYmlsZWNzcC0yMDE3ciILEhJJMThuUHJvZ3Jlc3NFbnRpdHkiCmxlc3NvbjoxOTIMogESbnNfdGVhY2hfbW9iaWxlY3Nw"},
    {"key.name": "lesson:193", "data": "{\"progress\": {\"es\": 0}}", "key.id": null, "key": "ahBwfm1vYmlsZWNzcC0yMDE3ciILEhJJMThuUHJvZ3Jlc3NFbnRpdHkiCmxlc3NvbjoxOTMMogESbnNfdGVhY2hfbW9iaWxlY3Nw"},
    {"key.name": "lesson:194", "data": "{\"progress\": {\"es\": 0}}", "key.id": null, "key": "ahBwfm1vYmlsZWNzcC0yMDE3ciILEhJJMThuUHJvZ3Jlc3NFbnRpdHkiCmxlc3NvbjoxOTQMogESbnNfdGVhY2hfbW9iaWxlY3Nw"},
    {"key.name": "lesson:195", "data": "{\"progress\": {\"es\": 0}}", "key.id": null, "key": "ahBwfm1vYmlsZWNzcC0yMDE3ciILEhJJMThuUHJvZ3Jlc3NFbnRpdHkiCmxlc3NvbjoxOTUMogESbnNfdGVhY2hfbW9iaWxlY3Nw"},
    {"key.name": "lesson:20", "data": "{\"progress\": {\"es\": 0}}", "key.id": null, "key": "ahBwfm1vYmlsZWNzcC0yMDE3ciELEhJJMThuUHJvZ3Jlc3NFbnRpdHkiCWxlc3NvbjoyMAyiARJuc190ZWFjaF9tb2JpbGVjc3A"},
    {"key.name": "lesson:22", "data": "{\"progress\": {\"es\": 0}}", "key.id": null, "key": "ahBwfm1vYmlsZWNzcC0yMDE3ciELEhJJMThuUHJvZ3Jlc3NFbnRpdHkiCWxlc3NvbjoyMgyiARJuc190ZWFjaF9tb2JpbGVjc3A"},
    {"key.name": "lesson:23", "data": "{\"progress\": {\"es\": 0}}", "key.id": null, "key": "ahBwfm1vYmlsZWNzcC0yMDE3ciELEhJJMThuUHJvZ3Jlc3NFbnRpdHkiCWxlc3NvbjoyMwyiARJuc190ZWFjaF9tb2JpbGVjc3A"},
    {"key.name": "lesson:24", "data": "{\"progress\": {\"es\": 0}}", "key.id": null, "key": "ahBwfm1vYmlsZWNzcC0yMDE3ciELEhJJMThuUHJvZ3Jlc3NFbnRpdHkiCWxlc3NvbjoyNAyiARJuc190ZWFjaF9tb2JpbGVjc3A"},
    {"key.name": "lesson:25", "data": "{\"progress\": {\"es\": 0}}", "key.id": null, "key": "ahBwfm1vYmlsZWNzcC0yMDE3ciELEhJJMThuUHJvZ3Jlc3NFbnRpdHkiCWxlc3NvbjoyNQyiARJuc190ZWFjaF9tb2JpbGVjc3A"},
    {"key.name": "lesson:37", "data": "{\"progress\": {\"es\": 0}}", "key.id": null, "key": "ahBwfm1vYmlsZWNzcC0yMDE3ciELEhJJMThuUHJvZ3Jlc3NFbnRpdHkiCWxlc3NvbjozNwyiARJuc190ZWFjaF9tb2JpbGVjc3A"},
    {"key.name": "lesson:38", "data": "{\"progress\": {\"es\": 0}}", "key.id": null, "key": "ahBwfm1vYmlsZWNzcC0yMDE3ciELEhJJMThuUHJvZ3Jlc3NFbnRpdHkiCWxlc3NvbjozOAyiARJuc190ZWFjaF9tb2JpbGVjc3A"},
    {"key.name": "lesson:39", "data": "{\"progress\": {\"es\": 0}}", "key.id": null, "key": "ahBwfm1vYmlsZWNzcC0yMDE3ciELEhJJMThuUHJvZ3Jlc3NFbnRpdHkiCWxlc3NvbjozOQyiARJuc190ZWFjaF9tb2JpbGVjc3A"},
    {"key.name": "lesson:4", "data": "{\"progress\": {\"es\": 0}}", "key.id": null, "key": "ahBwfm1vYmlsZWNzcC0yMDE3ciALEhJJMThuUHJvZ3Jlc3NFbnRpdHkiCGxlc3Nvbjo0DKIBEm5zX3RlYWNoX21vYmlsZWNzcA"},
    {"key.name": "lesson:40", "data": "{\"progress\": {\"es\": 0}}", "key.id": null, "key": "ahBwfm1vYmlsZWNzcC0yMDE3ciELEhJJMThuUHJvZ3Jlc3NFbnRpdHkiCWxlc3Nvbjo0MAyiARJuc190ZWFjaF9tb2JpbGVjc3A"},
    {"key.name": "lesson:42", "data": "{\"progress\": {\"es\": 0}}", "key.id": null, "key": "ahBwfm1vYmlsZWNzcC0yMDE3ciELEhJJMThuUHJvZ3Jlc3NFbnRpdHkiCWxlc3Nvbjo0MgyiARJuc190ZWFjaF9tb2JpbGVjc3A"},
    {"key.name": "lesson:44", "data": "{\"progress\": {\"es\": 0}}", "key.id": null, "key": "ahBwfm1vYmlsZWNzcC0yMDE3ciELEhJJMThuUHJvZ3Jlc3NFbnRpdHkiCWxlc3Nvbjo0NAyiARJuc190ZWFjaF9tb2JpbGVjc3A"},
    {"key.name": "lesson:45", "data": "{\"progress\": {\"es\": 0}}", "key.id": null, "key": "ahBwfm1vYmlsZWNzcC0yMDE3ciELEhJJMThuUHJvZ3Jlc3NFbnRpdHkiCWxlc3Nvbjo0NQyiARJuc190ZWFjaF9tb2JpbGVjc3A"},
    {"key.name": "lesson:47", "data": "{\"progress\": {\"es\": 0}}", "key.id": null, "key": "ahBwfm1vYmlsZWNzcC0yMDE3ciELEhJJMThuUHJvZ3Jlc3NFbnRpdHkiCWxlc3Nvbjo0NwyiARJuc190ZWFjaF9tb2JpbGVjc3A"},
    {"key.name": "lesson:49", "data": "{\"progress\": {\"es\": 0}}", "key.id": null, "key": "ahBwfm1vYmlsZWNzcC0yMDE3ciELEhJJMThuUHJvZ3Jlc3NFbnRpdHkiCWxlc3Nvbjo0OQyiARJuc190ZWFjaF9tb2JpbGVjc3A"},
    {"key.name": "lesson:5", "data": "{\"progress\": {\"es\": 0}}", "key.id": null, "key": "ahBwfm1vYmlsZWNzcC0yMDE3ciALEhJJMThuUHJvZ3Jlc3NFbnRpdHkiCGxlc3Nvbjo1DKIBEm5zX3RlYWNoX21vYmlsZWNzcA"},
    {"key.name": "lesson:50", "data": "{\"progress\": {\"es\": 0}}", "key.id": null, "key": "ahBwfm1vYmlsZWNzcC0yMDE3ciELEhJJMThuUHJvZ3Jlc3NFbnRpdHkiCWxlc3Nvbjo1MAyiARJuc190ZWFjaF9tb2JpbGVjc3A"},
    {"key.name": "lesson:51", "data": "{\"progress\": {\"es\": 0}}", "key.id": null, "key": "ahBwfm1vYmlsZWNzcC0yMDE3ciELEhJJMThuUHJvZ3Jlc3NFbnRpdHkiCWxlc3Nvbjo1MQyiARJuc190ZWFjaF9tb2JpbGVjc3A"},
    {"key.name": "lesson:52", "data": "{\"progress\": {\"es\": 0}}", "key.id": null, "key": "ahBwfm1vYmlsZWNzcC0yMDE3ciELEhJJMThuUHJvZ3Jlc3NFbnRpdHkiCWxlc3Nvbjo1MgyiARJuc190ZWFjaF9tb2JpbGVjc3A"},
    {"key.name": "lesson:53", "data": "{\"progress\": {\"es\": 0}}", "key.id": null, "key": "ahBwfm1vYmlsZWNzcC0yMDE3ciELEhJJMThuUHJvZ3Jlc3NFbnRpdHkiCWxlc3Nvbjo1MwyiARJuc190ZWFjaF9tb2JpbGVjc3A"},
    {"key.name": "lesson:54", "data": "{\"progress\": {\"es\": 0}}", "key.id": null, "key": "ahBwfm1vYmlsZWNzcC0yMDE3ciELEhJJMThuUHJvZ3Jlc3NFbnRpdHkiCWxlc3Nvbjo1NAyiARJuc190ZWFjaF9tb2JpbGVjc3A"},
    {"key.name": "lesson:55", "data": "{\"progress\": {\"es\": 0}}", "key.id": null, "key": "ahBwfm1vYmlsZWNzcC0yMDE3ciELEhJJMThuUHJvZ3Jlc3NFbnRpdHkiCWxlc3Nvbjo1NQyiARJuc190ZWFjaF9tb2JpbGVjc3A"},
    {"key.name": "lesson:56", "data": "{\"progress\": {\"es\": 0}}", "key.id": null, "key": "ahBwfm1vYmlsZWNzcC0yMDE3ciELEhJJMThuUHJvZ3Jlc3NFbnRpdHkiCWxlc3Nvbjo1NgyiARJuc190ZWFjaF9tb2JpbGVjc3A"},
    {"key.name": "lesson:58", "data": "{\"progress\": {\"es\": 0}}", "key.id": null, "key": "ahBwfm1vYmlsZWNzcC0yMDE3ciELEhJJMThuUHJvZ3Jlc3NFbnRpdHkiCWxlc3Nvbjo1OAyiARJuc190ZWFjaF9tb2JpbGVjc3A"},
    {"key.name": "lesson:59", "data": "{\"progress\": {\"es\": 0}}", "key.id": null, "key": "ahBwfm1vYmlsZWNzcC0yMDE3ciELEhJJMThuUHJvZ3Jlc3NFbnRpdHkiCWxlc3Nvbjo1OQyiARJuc190ZWFjaF9tb2JpbGVjc3A"},
    {"key.name": "lesson:60", "data": "{\"progress\": {\"es\": 0}}", "key.id": null, "key": "ahBwfm1vYmlsZWNzcC0yMDE3ciELEhJJMThuUHJvZ3Jlc3NFbnRpdHkiCWxlc3Nvbjo2MAyiARJuc190ZWFjaF9tb2JpbGVjc3A"},
    {"key.name": "lesson:61", "data": "{\"progress\": {\"es\": 0}}", "key.id": null, "key": "ahBwfm1vYmlsZWNzcC0yMDE3ciELEhJJMThuUHJvZ3Jlc3NFbnRpdHkiCWxlc3Nvbjo2MQyiARJuc190ZWFjaF9tb2JpbGVjc3A"},
    {"key.name": "lesson:62", "data": "{\"progress\": {\"es\": 0}}", "key.id": null, "key": "ahBwfm1vYmlsZWNzcC0yMDE3ciELEhJJMThuUHJvZ3Jlc3NFbnRpdHkiCWxlc3Nvbjo2MgyiARJuc190ZWFjaF9tb2JpbGVjc3A"},
    {"key.name": "lesson:64", "data": "{\"progress\": {\"es\": 0}}", "key.id": null, "key": "ahBwfm1vYmlsZWNzcC0yMDE3ciELEhJJMThuUHJvZ3Jlc3NFbnRpdHkiCWxlc3Nvbjo2NAyiARJuc190ZWFjaF9tb2JpbGVjc3A"},
    {"key.name": "lesson:65", "data": "{\"progress\": {\"es\": 0}}", "key.id": null, "key": "ahBwfm1vYmlsZWNzcC0yMDE3ciELEhJJMThuUHJvZ3Jlc3NFbnRpdHkiCWxlc3Nvbjo2NQyiARJuc190ZWFjaF9tb2JpbGVjc3A"},
    {"key.name": "lesson:66", "data": "{\"progress\": {\"es\": 0}}", "key.id": null, "key": "ahBwfm1vYmlsZWNzcC0yMDE3ciELEhJJMThuUHJvZ3Jlc3NFbnRpdHkiCWxlc3Nvbjo2NgyiARJuc190ZWFjaF9tb2JpbGVjc3A"},
    {"key.name": "lesson:67", "data": "{\"progress\": {\"es\": 0}}", "key.id": null, "key": "ahBwfm1vYmlsZWNzcC0yMDE3ciELEhJJMThuUHJvZ3Jlc3NFbnRpdHkiCWxlc3Nvbjo2NwyiARJuc190ZWFjaF9tb2JpbGVjc3A"},
    {"key.name": "lesson:68", "data": "{\"progress\": {\"es\": 0}}", "key.id": null, "key": "ahBwfm1vYmlsZWNzcC0yMDE3ciELEhJJMThuUHJvZ3Jlc3NFbnRpdHkiCWxlc3Nvbjo2OAyiARJuc190ZWFjaF9tb2JpbGVjc3A"},
    {"key.name": "lesson:69", "data": "{\"progress\": {\"es\": 0}}", "key.id": null, "key": "ahBwfm1vYmlsZWNzcC0yMDE3ciELEhJJMThuUHJvZ3Jlc3NFbnRpdHkiCWxlc3Nvbjo2OQyiARJuc190ZWFjaF9tb2JpbGVjc3A"},
    {"key.name": "lesson:73", "data": "{\"progress\": {\"es\": 0}}", "key.id": null, "key": "ahBwfm1vYmlsZWNzcC0yMDE3ciELEhJJMThuUHJvZ3Jlc3NFbnRpdHkiCWxlc3Nvbjo3MwyiARJuc190ZWFjaF9tb2JpbGVjc3A"},
    {"key.name": "lesson:74", "data": "{\"progress\": {\"es\": 0}}", "key.id": null, "key": "ahBwfm1vYmlsZWNzcC0yMDE3ciELEhJJMThuUHJvZ3Jlc3NFbnRpdHkiCWxlc3Nvbjo3NAyiARJuc190ZWFjaF9tb2JpbGVjc3A"},
    {"key.name": "lesson:75", "data": "{\"progress\": {\"es\": 0}}", "key.id": null, "key": "ahBwfm1vYmlsZWNzcC0yMDE3ciELEhJJMThuUHJvZ3Jlc3NFbnRpdHkiCWxlc3Nvbjo3NQyiARJuc190ZWFjaF9tb2JpbGVjc3A"},
    {"key.name": "lesson:76", "data": "{\"progress\": {\"es\": 0}}", "key.id": null, "key": "ahBwfm1vYmlsZWNzcC0yMDE3ciELEhJJMThuUHJvZ3Jlc3NFbnRpdHkiCWxlc3Nvbjo3NgyiARJuc190ZWFjaF9tb2JpbGVjc3A"},
    {"key.name": "lesson:77", "data": "{\"progress\": {\"es\": 0}}", "key.id": null, "key": "ahBwfm1vYmlsZWNzcC0yMDE3ciELEhJJMThuUHJvZ3Jlc3NFbnRpdHkiCWxlc3Nvbjo3NwyiARJuc190ZWFjaF9tb2JpbGVjc3A"},
    {"key.name": "lesson:78", "data": "{\"progress\": {\"es\": 0}}", "key.id": null, "key": "ahBwfm1vYmlsZWNzcC0yMDE3ciELEhJJMThuUHJvZ3Jlc3NFbnRpdHkiCWxlc3Nvbjo3OAyiARJuc190ZWFjaF9tb2JpbGVjc3A"},
    {"key.name": "lesson:79", "data": "{\"progress\": {\"es\": 0}}", "key.id": null, "key": "ahBwfm1vYmlsZWNzcC0yMDE3ciELEhJJMThuUHJvZ3Jlc3NFbnRpdHkiCWxlc3Nvbjo3OQyiARJuc190ZWFjaF9tb2JpbGVjc3A"},
    {"key.name": "lesson:80", "data": "{\"progress\": {\"es\": 0}}", "key.id": null, "key": "ahBwfm1vYmlsZWNzcC0yMDE3ciELEhJJMThuUHJvZ3Jlc3NFbnRpdHkiCWxlc3Nvbjo4MAyiARJuc190ZWFjaF9tb2JpbGVjc3A"},
    {"key.name": "lesson:81", "data": "{\"progress\": {\"es\": 0}}", "key.id": null, "key": "ahBwfm1vYmlsZWNzcC0yMDE3ciELEhJJMThuUHJvZ3Jlc3NFbnRpdHkiCWxlc3Nvbjo4MQyiARJuc190ZWFjaF9tb2JpbGVjc3A"},
    {"key.name": "lesson:82", "data": "{\"progress\": {\"es\": 0}}", "key.id": null, "key": "ahBwfm1vYmlsZWNzcC0yMDE3ciELEhJJMThuUHJvZ3Jlc3NFbnRpdHkiCWxlc3Nvbjo4MgyiARJuc190ZWFjaF9tb2JpbGVjc3A"},
    {"key.name": "lesson:83", "data": "{\"progress\": {\"es\": 0}}", "key.id": null, "key": "ahBwfm1vYmlsZWNzcC0yMDE3ciELEhJJMThuUHJvZ3Jlc3NFbnRpdHkiCWxlc3Nvbjo4MwyiARJuc190ZWFjaF9tb2JpbGVjc3A"},
    {"key.name": "lesson:84", "data": "{\"progress\": {\"es\": 0}}", "key.id": null, "key": "ahBwfm1vYmlsZWNzcC0yMDE3ciELEhJJMThuUHJvZ3Jlc3NFbnRpdHkiCWxlc3Nvbjo4NAyiARJuc190ZWFjaF9tb2JpbGVjc3A"},
    {"key.name": "lesson:85", "data": "{\"progress\": {\"es\": 0}}", "key.id": null, "key": "ahBwfm1vYmlsZWNzcC0yMDE3ciELEhJJMThuUHJvZ3Jlc3NFbnRpdHkiCWxlc3Nvbjo4NQyiARJuc190ZWFjaF9tb2JpbGVjc3A"},
    {"key.name": "lesson:86", "data": "{\"progress\": {\"es\": 0}}", "key.id": null, "key": "ahBwfm1vYmlsZWNzcC0yMDE3ciELEhJJMThuUHJvZ3Jlc3NFbnRpdHkiCWxlc3Nvbjo4NgyiARJuc190ZWFjaF9tb2JpbGVjc3A"},
    {"key.name": "lesson:87", "data": "{\"progress\": {\"es\": 0}}", "key.id": null, "key": "ahBwfm1vYmlsZWNzcC0yMDE3ciELEhJJMThuUHJvZ3Jlc3NFbnRpdHkiCWxlc3Nvbjo4NwyiARJuc190ZWFjaF9tb2JpbGVjc3A"},
    {"key.name": "lesson:88", "data": "{\"progress\": {\"es\": 0}}", "key.id": null, "key": "ahBwfm1vYmlsZWNzcC0yMDE3ciELEhJJMThuUHJvZ3Jlc3NFbnRpdHkiCWxlc3Nvbjo4OAyiARJuc190ZWFjaF9tb2JpbGVjc3A"},
    {"key.name": "lesson:89", "data": "{\"progress\": {\"es\": 0}}", "key.id": null, "key": "ahBwfm1vYmlsZWNzcC0yMDE3ciELEhJJMThuUHJvZ3Jlc3NFbnRpdHkiCWxlc3Nvbjo4OQyiARJuc190ZWFjaF9tb2JpbGVjc3A"},
    {"key.name": "lesson:90", "data": "{\"progress\": {\"es\": 0}}", "key.id": null, "key": "ahBwfm1vYmlsZWNzcC0yMDE3ciELEhJJMThuUHJvZ3Jlc3NFbnRpdHkiCWxlc3Nvbjo5MAyiARJuc190ZWFjaF9tb2JpbGVjc3A"},
    {"key.name": "lesson:93", "data": "{\"progress\": {\"es\": 0}}", "key.id": null, "key": "ahBwfm1vYmlsZWNzcC0yMDE3ciELEhJJMThuUHJvZ3Jlc3NFbnRpdHkiCWxlc3Nvbjo5MwyiARJuc190ZWFjaF9tb2JpbGVjc3A"},
    {"key.name": "lesson:94", "data": "{\"progress\": {\"es\": 0}}", "key.id": null, "key": "ahBwfm1vYmlsZWNzcC0yMDE3ciELEhJJMThuUHJvZ3Jlc3NFbnRpdHkiCWxlc3Nvbjo5NAyiARJuc190ZWFjaF9tb2JpbGVjc3A"},
    {"key.name": "lesson:95", "data": "{\"progress\": {\"es\": 0}}", "key.id": null, "key": "ahBwfm1vYmlsZWNzcC0yMDE3ciELEhJJMThuUHJvZ3Jlc3NFbnRpdHkiCWxlc3Nvbjo5NQyiARJuc190ZWFjaF9tb2JpbGVjc3A"},
    {"key.name": "lesson:96", "data": "{\"progress\": {\"es\": 0}}", "key.id": null, "key": "ahBwfm1vYmlsZWNzcC0yMDE3ciELEhJJMThuUHJvZ3Jlc3NFbnRpdHkiCWxlc3Nvbjo5NgyiARJuc190ZWFjaF9tb2JpbGVjc3A"},
    {"key.name": "lesson:97", "data": "{\"progress\": {\"es\": 0}}", "key.id": null, "key": "ahBwfm1vYmlsZWNzcC0yMDE3ciELEhJJMThuUHJvZ3Jlc3NFbnRpdHkiCWxlc3Nvbjo5NwyiARJuc190ZWFjaF9tb2JpbGVjc3A"},
    {"key.name": "lesson:98", "data": "{\"progress\": {\"es\": 0}}", "key.id": null, "key": "ahBwfm1vYmlsZWNzcC0yMDE3ciELEhJJMThuUHJvZ3Jlc3NFbnRpdHkiCWxlc3Nvbjo5OAyiARJuc190ZWFjaF9tb2JpbGVjc3A"},
    {"key.name": "lesson:99", "data": "{\"progress\": {\"es\": 0}}", "key.id": null, "key": "ahBwfm1vYmlsZWNzcC0yMDE3ciELEhJJMThuUHJvZ3Jlc3NFbnRpdHkiCWxlc3Nvbjo5OQyiARJuc190ZWFjaF9tb2JpbGVjc3A"},
    {"key.name": "question_group:5676830073815040", "data": "{\"progress\": {\"es\": 0}}", "key.id": null, "key": "ahBwfm1vYmlsZWNzcC0yMDE3cjcLEhJJMThuUHJvZ3Jlc3NFbnRpdHkiH3F1ZXN0aW9uX2dyb3VwOjU2NzY4MzAwNzM4MTUwNDAMogESbnNfdGVhY2hfbW9iaWxlY3Nw"},
    {"key.name": "question_mc:4521931353096192", "data": "{\"progress\": {\"es\": 0}}", "key.id": null, "key": "ahBwfm1vYmlsZWNzcC0yMDE3cjQLEhJJMThuUHJvZ3Jlc3NFbnRpdHkiHHF1ZXN0aW9uX21jOjQ1MjE5MzEzNTMwOTYxOTIMogESbnNfdGVhY2hfbW9iaWxlY3Nw"},
    {"key.name": "question_mc:4536858579042304", "data": "{\"progress\": {\"es\": 0}}", "key.id": null, "key": "ahBwfm1vYmlsZWNzcC0yMDE3cjQLEhJJMThuUHJvZ3Jlc3NFbnRpdHkiHHF1ZXN0aW9uX21jOjQ1MzY4NTg1NzkwNDIzMDQMogESbnNfdGVhY2hfbW9iaWxlY3Nw"},
    {"key.name": "question_mc:4603107375841280", "data": "{\"progress\": {\"es\": 0}}", "key.id": null, "key": "ahBwfm1vYmlsZWNzcC0yMDE3cjQLEhJJMThuUHJvZ3Jlc3NFbnRpdHkiHHF1ZXN0aW9uX21jOjQ2MDMxMDczNzU4NDEyODAMogESbnNfdGVhY2hfbW9iaWxlY3Nw"},
    {"key.name": "question_mc:4603411647430656", "data": "{\"progress\": {\"es\": 0}}", "key.id": null, "key": "ahBwfm1vYmlsZWNzcC0yMDE3cjQLEhJJMThuUHJvZ3Jlc3NFbnRpdHkiHHF1ZXN0aW9uX21jOjQ2MDM0MTE2NDc0MzA2NTYMogESbnNfdGVhY2hfbW9iaWxlY3Nw"},
    {"key.name": "question_mc:4620077865369600", "data": "{\"progress\": {\"es\": 0}}", "key.id": null, "key": "ahBwfm1vYmlsZWNzcC0yMDE3cjQLEhJJMThuUHJvZ3Jlc3NFbnRpdHkiHHF1ZXN0aW9uX21jOjQ2MjAwNzc4NjUzNjk2MDAMogESbnNfdGVhY2hfbW9iaWxlY3Nw"},
    {"key.name": "question_mc:4660814019559424", "data": "{\"progress\": {\"es\": 0}}", "key.id": null, "key": "ahBwfm1vYmlsZWNzcC0yMDE3cjQLEhJJMThuUHJvZ3Jlc3NFbnRpdHkiHHF1ZXN0aW9uX21jOjQ2NjA4MTQwMTk1NTk0MjQMogESbnNfdGVhY2hfbW9iaWxlY3Nw"},
    {"key.name": "question_mc:4673716571078656", "data": "{\"progress\": {\"es\": 0}}", "key.id": null, "key": "ahBwfm1vYmlsZWNzcC0yMDE3cjQLEhJJMThuUHJvZ3Jlc3NFbnRpdHkiHHF1ZXN0aW9uX21jOjQ2NzM3MTY1NzEwNzg2NTYMogESbnNfdGVhY2hfbW9iaWxlY3Nw"},
    {"key.name": "question_mc:4829241363398656", "data": "{\"progress\": {\"es\": 0}}", "key.id": null, "key": "ahBwfm1vYmlsZWNzcC0yMDE3cjQLEhJJMThuUHJvZ3Jlc3NFbnRpdHkiHHF1ZXN0aW9uX21jOjQ4MjkyNDEzNjMzOTg2NTYMogESbnNfdGVhY2hfbW9iaWxlY3Nw"},
    {"key.name": "question_mc:4852841806036992", "data": "{\"progress\": {\"es\": 0}}", "key.id": null, "key": "ahBwfm1vYmlsZWNzcC0yMDE3cjQLEhJJMThuUHJvZ3Jlc3NFbnRpdHkiHHF1ZXN0aW9uX21jOjQ4NTI4NDE4MDYwMzY5OTIMogESbnNfdGVhY2hfbW9iaWxlY3Nw"},
    {"key.name": "question_mc:4885214518050816", "data": "{\"progress\": {\"es\": 0}}", "key.id": null, "key": "ahBwfm1vYmlsZWNzcC0yMDE3cjQLEhJJMThuUHJvZ3Jlc3NFbnRpdHkiHHF1ZXN0aW9uX21jOjQ4ODUyMTQ1MTgwNTA4MTYMogESbnNfdGVhY2hfbW9iaWxlY3Nw"},
    {"key.name": "question_mc:4981819338391552", "data": "{\"progress\": {\"es\": 0}}", "key.id": null, "key": "ahBwfm1vYmlsZWNzcC0yMDE3cjQLEhJJMThuUHJvZ3Jlc3NFbnRpdHkiHHF1ZXN0aW9uX21jOjQ5ODE4MTkzMzgzOTE1NTIMogESbnNfdGVhY2hfbW9iaWxlY3Nw"},
    {"key.name": "question_mc:5075549181444096", "data": "{\"progress\": {\"es\": 0}}", "key.id": null, "key": "ahBwfm1vYmlsZWNzcC0yMDE3cjQLEhJJMThuUHJvZ3Jlc3NFbnRpdHkiHHF1ZXN0aW9uX21jOjUwNzU1NDkxODE0NDQwOTYMogESbnNfdGVhY2hfbW9iaWxlY3Nw"},
    {"key.name": "question_mc:5115917948157952", "data": "{\"progress\": {\"es\": 0}}", "key.id": null, "key": "ahBwfm1vYmlsZWNzcC0yMDE3cjQLEhJJMThuUHJvZ3Jlc3NFbnRpdHkiHHF1ZXN0aW9uX21jOjUxMTU5MTc5NDgxNTc5NTIMogESbnNfdGVhY2hfbW9iaWxlY3Nw"},
    {"key.name": "question_mc:5129889208336384", "data": "{\"progress\": {\"es\": 0}}", "key.id": null, "key": "ahBwfm1vYmlsZWNzcC0yMDE3cjQLEhJJMThuUHJvZ3Jlc3NFbnRpdHkiHHF1ZXN0aW9uX21jOjUxMjk4ODkyMDgzMzYzODQMogESbnNfdGVhY2hfbW9iaWxlY3Nw"},
    {"key.name": "question_mc:5134239204900864", "data": "{\"progress\": {\"es\": 0}}", "key.id": null, "key": "ahBwfm1vYmlsZWNzcC0yMDE3cjQLEhJJMThuUHJvZ3Jlc3NFbnRpdHkiHHF1ZXN0aW9uX21jOjUxMzQyMzkyMDQ5MDA4NjQMogESbnNfdGVhY2hfbW9iaWxlY3Nw"},
    {"key.name": "question_mc:5140717223542784", "data": "{\"progress\": {\"es\": 0}}", "key.id": null, "key": "ahBwfm1vYmlsZWNzcC0yMDE3cjQLEhJJMThuUHJvZ3Jlc3NFbnRpdHkiHHF1ZXN0aW9uX21jOjUxNDA3MTcyMjM1NDI3ODQMogESbnNfdGVhY2hfbW9iaWxlY3Nw"},
    {"key.name": "question_mc:5166743517396992", "data": "{\"progress\": {\"es\": 0}}", "key.id": null, "key": "ahBwfm1vYmlsZWNzcC0yMDE3cjQLEhJJMThuUHJvZ3Jlc3NFbnRpdHkiHHF1ZXN0aW9uX21jOjUxNjY3NDM1MTczOTY5OTIMogESbnNfdGVhY2hfbW9iaWxlY3Nw"},
    {"key.name": "question_mc:5175014483558400", "data": "{\"progress\": {\"es\": 0}}", "key.id": null, "key": "ahBwfm1vYmlsZWNzcC0yMDE3cjQLEhJJMThuUHJvZ3Jlc3NFbnRpdHkiHHF1ZXN0aW9uX21jOjUxNzUwMTQ0ODM1NTg0MDAMogESbnNfdGVhY2hfbW9iaWxlY3Nw"},
    {"key.name": "question_mc:5268268356993024", "data": "{\"progress\": {\"es\": 0}}", "key.id": null, "key": "ahBwfm1vYmlsZWNzcC0yMDE3cjQLEhJJMThuUHJvZ3Jlc3NFbnRpdHkiHHF1ZXN0aW9uX21jOjUyNjgyNjgzNTY5OTMwMjQMogESbnNfdGVhY2hfbW9iaWxlY3Nw"},
    {"key.name": "question_mc:5273820675964928", "data": "{\"progress\": {\"es\": 0}}", "key.id": null, "key": "ahBwfm1vYmlsZWNzcC0yMDE3cjQLEhJJMThuUHJvZ3Jlc3NFbnRpdHkiHHF1ZXN0aW9uX21jOjUyNzM4MjA2NzU5NjQ5MjgMogESbnNfdGVhY2hfbW9iaWxlY3Nw"},
    {"key.name": "question_mc:5313609454321664", "data": "{\"progress\": {\"es\": 0}}", "key.id": null, "key": "ahBwfm1vYmlsZWNzcC0yMDE3cjQLEhJJMThuUHJvZ3Jlc3NFbnRpdHkiHHF1ZXN0aW9uX21jOjUzMTM2MDk0NTQzMjE2NjQMogESbnNfdGVhY2hfbW9iaWxlY3Nw"},
    {"key.name": "question_mc:5317607397785600", "data": "{\"progress\": {\"es\": 0}}", "key.id": null, "key": "ahBwfm1vYmlsZWNzcC0yMDE3cjQLEhJJMThuUHJvZ3Jlc3NFbnRpdHkiHHF1ZXN0aW9uX21jOjUzMTc2MDczOTc3ODU2MDAMogESbnNfdGVhY2hfbW9iaWxlY3Nw"},
    {"key.name": "question_mc:5359081682370560", "data": "{\"progress\": {\"es\": 0}}", "key.id": null, "key": "ahBwfm1vYmlsZWNzcC0yMDE3cjQLEhJJMThuUHJvZ3Jlc3NFbnRpdHkiHHF1ZXN0aW9uX21jOjUzNTkwODE2ODIzNzA1NjAMogESbnNfdGVhY2hfbW9iaWxlY3Nw"},
    {"key.name": "question_mc:5389831567835136", "data": "{\"progress\": {\"es\": 0}}", "key.id": null, "key": "ahBwfm1vYmlsZWNzcC0yMDE3cjQLEhJJMThuUHJvZ3Jlc3NFbnRpdHkiHHF1ZXN0aW9uX21jOjUzODk4MzE1Njc4MzUxMzYMogESbnNfdGVhY2hfbW9iaWxlY3Nw"},
    {"key.name": "question_mc:5392191316819968", "data": "{\"progress\": {\"es\": 0}}", "key.id": null, "key": "ahBwfm1vYmlsZWNzcC0yMDE3cjQLEhJJMThuUHJvZ3Jlc3NFbnRpdHkiHHF1ZXN0aW9uX21jOjUzOTIxOTEzMTY4MTk5NjgMogESbnNfdGVhY2hfbW9iaWxlY3Nw"},
    {"key.name": "question_mc:5404633031770112", "data": "{\"progress\": {\"es\": 0}}", "key.id": null, "key": "ahBwfm1vYmlsZWNzcC0yMDE3cjQLEhJJMThuUHJvZ3Jlc3NFbnRpdHkiHHF1ZXN0aW9uX21jOjU0MDQ2MzMwMzE3NzAxMTIMogESbnNfdGVhY2hfbW9iaWxlY3Nw"},
    {"key.name": "question_mc:5496725183660032", "data": "{\"progress\": {\"es\": 0}}", "key.id": null, "key": "ahBwfm1vYmlsZWNzcC0yMDE3cjQLEhJJMThuUHJvZ3Jlc3NFbnRpdHkiHHF1ZXN0aW9uX21jOjU0OTY3MjUxODM2NjAwMzIMogESbnNfdGVhY2hfbW9iaWxlY3Nw"},
    {"key.name": "question_mc:5533316090429440", "data": "{\"progress\": {\"es\": 0}}", "key.id": null, "key": "ahBwfm1vYmlsZWNzcC0yMDE3cjQLEhJJMThuUHJvZ3Jlc3NFbnRpdHkiHHF1ZXN0aW9uX21jOjU1MzMzMTYwOTA0Mjk0NDAMogESbnNfdGVhY2hfbW9iaWxlY3Nw"},
    {"key.name": "question_mc:5534884309237760", "data": "{\"progress\": {\"es\": 0}}", "key.id": null, "key": "ahBwfm1vYmlsZWNzcC0yMDE3cjQLEhJJMThuUHJvZ3Jlc3NFbnRpdHkiHHF1ZXN0aW9uX21jOjU1MzQ4ODQzMDkyMzc3NjAMogESbnNfdGVhY2hfbW9iaWxlY3Nw"},
    {"key.name": "question_mc:5589487954427904", "data": "{\"progress\": {\"es\": 0}}", "key.id": null, "key": "ahBwfm1vYmlsZWNzcC0yMDE3cjQLEhJJMThuUHJvZ3Jlc3NFbnRpdHkiHHF1ZXN0aW9uX21jOjU1ODk0ODc5NTQ0Mjc5MDQMogESbnNfdGVhY2hfbW9iaWxlY3Nw"},
    {"key.name": "question_mc:5639274879778816", "data": "{\"progress\": {\"es\": 0}}", "key.id": null, "key": "ahBwfm1vYmlsZWNzcC0yMDE3cjQLEhJJMThuUHJvZ3Jlc3NFbnRpdHkiHHF1ZXN0aW9uX21jOjU2MzkyNzQ4Nzk3Nzg4MTYMogESbnNfdGVhY2hfbW9iaWxlY3Nw"},
    {"key.name": "question_mc:5669044724170752", "data": "{\"progress\": {\"es\": 0}}", "key.id": null, "key": "ahBwfm1vYmlsZWNzcC0yMDE3cjQLEhJJMThuUHJvZ3Jlc3NFbnRpdHkiHHF1ZXN0aW9uX21jOjU2NjkwNDQ3MjQxNzA3NTIMogESbnNfdGVhY2hfbW9iaWxlY3Nw"},
    {"key.name": "question_mc:5685568012812288", "data": "{\"progress\": {\"es\": 0}}", "key.id": null, "key": "ahBwfm1vYmlsZWNzcC0yMDE3cjQLEhJJMThuUHJvZ3Jlc3NFbnRpdHkiHHF1ZXN0aW9uX21jOjU2ODU1NjgwMTI4MTIyODgMogESbnNfdGVhY2hfbW9iaWxlY3Nw"},
    {"key.name": "question_mc:5692839161757696", "data": "{\"progress\": {\"es\": 0}}", "key.id": null, "key": "ahBwfm1vYmlsZWNzcC0yMDE3cjQLEhJJMThuUHJvZ3Jlc3NFbnRpdHkiHHF1ZXN0aW9uX21jOjU2OTI4MzkxNjE3NTc2OTYMogESbnNfdGVhY2hfbW9iaWxlY3Nw"},
    {"key.name": "question_mc:5693857817690112", "data": "{\"progress\": {\"es\": 0}}", "key.id": null, "key": "ahBwfm1vYmlsZWNzcC0yMDE3cjQLEhJJMThuUHJvZ3Jlc3NFbnRpdHkiHHF1ZXN0aW9uX21jOjU2OTM4NTc4MTc2OTAxMTIMogESbnNfdGVhY2hfbW9iaWxlY3Nw"},
    {"key.name": "question_mc:5697189158322176", "data": "{\"progress\": {\"es\": 0}}", "key.id": null, "key": "ahBwfm1vYmlsZWNzcC0yMDE3cjQLEhJJMThuUHJvZ3Jlc3NFbnRpdHkiHHF1ZXN0aW9uX21jOjU2OTcxODkxNTgzMjIxNzYMogESbnNfdGVhY2hfbW9iaWxlY3Nw"},
    {"key.name": "question_mc:5698708704329728", "data": "{\"progress\": {\"es\": 0}}", "key.id": null, "key": "ahBwfm1vYmlsZWNzcC0yMDE3cjQLEhJJMThuUHJvZ3Jlc3NFbnRpdHkiHHF1ZXN0aW9uX21jOjU2OTg3MDg3MDQzMjk3MjgMogESbnNfdGVhY2hfbW9iaWxlY3Nw"},
    {"key.name": "question_mc:5715921523965952", "data": "{\"progress\": {\"es\": 0}}", "key.id": null, "key": "ahBwfm1vYmlsZWNzcC0yMDE3cjQLEhJJMThuUHJvZ3Jlc3NFbnRpdHkiHHF1ZXN0aW9uX21jOjU3MTU5MjE1MjM5NjU5NTIMogESbnNfdGVhY2hfbW9iaWxlY3Nw"},
    {"key.name": "question_mc:5717271485874176", "data": "{\"progress\": {\"es\": 0}}", "key.id": null, "key": "ahBwfm1vYmlsZWNzcC0yMDE3cjQLEhJJMThuUHJvZ3Jlc3NFbnRpdHkiHHF1ZXN0aW9uX21jOjU3MTcyNzE0ODU4NzQxNzYMogESbnNfdGVhY2hfbW9iaWxlY3Nw"},
    {"key.name": "question_mc:5729311554273280", "data": "{\"progress\": {\"es\": 0}}", "key.id": null, "key": "ahBwfm1vYmlsZWNzcC0yMDE3cjQLEhJJMThuUHJvZ3Jlc3NFbnRpdHkiHHF1ZXN0aW9uX21jOjU3MjkzMTE1NTQyNzMyODAMogESbnNfdGVhY2hfbW9iaWxlY3Nw"},
    {"key.name": "question_mc:5737964436979712", "data": "{\"progress\": {\"es\": 0}}", "key.id": null, "key": "ahBwfm1vYmlsZWNzcC0yMDE3cjQLEhJJMThuUHJvZ3Jlc3NFbnRpdHkiHHF1ZXN0aW9uX21jOjU3Mzc5NjQ0MzY5Nzk3MTIMogESbnNfdGVhY2hfbW9iaWxlY3Nw"},
    {"key.name": "question_mc:5757334940811264", "data": "{\"progress\": {\"es\": 0}}", "key.id": null, "key": "ahBwfm1vYmlsZWNzcC0yMDE3cjQLEhJJMThuUHJvZ3Jlc3NFbnRpdHkiHHF1ZXN0aW9uX21jOjU3NTczMzQ5NDA4MTEyNjQMogESbnNfdGVhY2hfbW9iaWxlY3Nw"},
    {"key.name": "question_mc:5768712778940416", "data": "{\"progress\": {\"es\": 0}}", "key.id": null, "key": "ahBwfm1vYmlsZWNzcC0yMDE3cjQLEhJJMThuUHJvZ3Jlc3NFbnRpdHkiHHF1ZXN0aW9uX21jOjU3Njg3MTI3Nzg5NDA0MTYMogESbnNfdGVhY2hfbW9iaWxlY3Nw"},
    {"key.name": "question_mc:5786713926402048", "data": "{\"progress\": {\"es\": 0}}", "key.id": null, "key": "ahBwfm1vYmlsZWNzcC0yMDE3cjQLEhJJMThuUHJvZ3Jlc3NFbnRpdHkiHHF1ZXN0aW9uX21jOjU3ODY3MTM5MjY0MDIwNDgMogESbnNfdGVhY2hfbW9iaWxlY3Nw"},
    {"key.name": "question_mc:5802273720500224", "data": "{\"progress\": {\"es\": 0}}", "key.id": null, "key": "ahBwfm1vYmlsZWNzcC0yMDE3cjQLEhJJMThuUHJvZ3Jlc3NFbnRpdHkiHHF1ZXN0aW9uX21jOjU4MDIyNzM3MjA1MDAyMjQMogESbnNfdGVhY2hfbW9iaWxlY3Nw"},
    {"key.name": "question_mc:5952781521256448", "data": "{\"progress\": {\"es\": 0}}", "key.id": null, "key": "ahBwfm1vYmlsZWNzcC0yMDE3cjQLEhJJMThuUHJvZ3Jlc3NFbnRpdHkiHHF1ZXN0aW9uX21jOjU5NTI3ODE1MjEyNTY0NDgMogESbnNfdGVhY2hfbW9iaWxlY3Nw"},
    {"key.name": "question_mc:5955141270241280", "data": "{\"progress\": {\"es\": 0}}", "key.id": null, "key": "ahBwfm1vYmlsZWNzcC0yMDE3cjQLEhJJMThuUHJvZ3Jlc3NFbnRpdHkiHHF1ZXN0aW9uX21jOjU5NTUxNDEyNzAyNDEyODAMogESbnNfdGVhY2hfbW9iaWxlY3Nw"},
    {"key.name": "question_mc:5977117141499904", "data": "{\"progress\": {\"es\": 0}}", "key.id": null, "key": "ahBwfm1vYmlsZWNzcC0yMDE3cjQLEhJJMThuUHJvZ3Jlc3NFbnRpdHkiHHF1ZXN0aW9uX21jOjU5NzcxMTcxNDE0OTk5MDQMogESbnNfdGVhY2hfbW9iaWxlY3Nw"},
    {"key.name": "question_mc:6003662790852608", "data": "{\"progress\": {\"es\": 0}}", "key.id": null, "key": "ahBwfm1vYmlsZWNzcC0yMDE3cjQLEhJJMThuUHJvZ3Jlc3NFbnRpdHkiHHF1ZXN0aW9uX21jOjYwMDM2NjI3OTA4NTI2MDgMogESbnNfdGVhY2hfbW9iaWxlY3Nw"},
    {"key.name": "question_mc:6021063448199168", "data": "{\"progress\": {\"es\": 0}}", "key.id": null, "key": "ahBwfm1vYmlsZWNzcC0yMDE3cjQLEhJJMThuUHJvZ3Jlc3NFbnRpdHkiHHF1ZXN0aW9uX21jOjYwMjEwNjM0NDgxOTkxNjgMogESbnNfdGVhY2hfbW9iaWxlY3Nw"},
    {"key.name": "question_mc:6096266043850752", "data": "{\"progress\": {\"es\": 0}}", "key.id": null, "key": "ahBwfm1vYmlsZWNzcC0yMDE3cjQLEhJJMThuUHJvZ3Jlc3NFbnRpdHkiHHF1ZXN0aW9uX21jOjYwOTYyNjYwNDM4NTA3NTIMogESbnNfdGVhY2hfbW9iaWxlY3Nw"},
    {"key.name": "question_mc:6096523205017600", "data": "{\"progress\": {\"es\": 0}}", "key.id": null, "key": "ahBwfm1vYmlsZWNzcC0yMDE3cjQLEhJJMThuUHJvZ3Jlc3NFbnRpdHkiHHF1ZXN0aW9uX21jOjYwOTY1MjMyMDUwMTc2MDAMogESbnNfdGVhY2hfbW9iaWxlY3Nw"},
    {"key.name": "question_mc:6162032327917568", "data": "{\"progress\": {\"es\": 0}}", "key.id": null, "key": "ahBwfm1vYmlsZWNzcC0yMDE3cjQLEhJJMThuUHJvZ3Jlc3NFbnRpdHkiHHF1ZXN0aW9uX21jOjYxNjIwMzIzMjc5MTc1NjgMogESbnNfdGVhY2hfbW9iaWxlY3Nw"},
    {"key.name": "question_mc:6216591733686272", "data": "{\"progress\": {\"es\": 0}}", "key.id": null, "key": "ahBwfm1vYmlsZWNzcC0yMDE3cjQLEhJJMThuUHJvZ3Jlc3NFbnRpdHkiHHF1ZXN0aW9uX21jOjYyMTY1OTE3MzM2ODYyNzIMogESbnNfdGVhY2hfbW9iaWxlY3Nw"},
    {"key.name": "question_mc:6234256497967104", "data": "{\"progress\": {\"es\": 0}}", "key.id": null, "key": "ahBwfm1vYmlsZWNzcC0yMDE3cjQLEhJJMThuUHJvZ3Jlc3NFbnRpdHkiHHF1ZXN0aW9uX21jOjYyMzQyNTY0OTc5NjcxMDQMogESbnNfdGVhY2hfbW9iaWxlY3Nw"},
    {"key.name": "question_mc:6241370977075200", "data": "{\"progress\": {\"es\": 0}}", "key.id": null, "key": "ahBwfm1vYmlsZWNzcC0yMDE3cjQLEhJJMThuUHJvZ3Jlc3NFbnRpdHkiHHF1ZXN0aW9uX21jOjYyNDEzNzA5NzcwNzUyMDAMogESbnNfdGVhY2hfbW9iaWxlY3Nw"},
    {"key.name": "question_mc:6245653864775680", "data": "{\"progress\": {\"es\": 0}}", "key.id": null, "key": "ahBwfm1vYmlsZWNzcC0yMDE3cjQLEhJJMThuUHJvZ3Jlc3NFbnRpdHkiHHF1ZXN0aW9uX21jOjYyNDU2NTM4NjQ3NzU2ODAMogESbnNfdGVhY2hfbW9iaWxlY3Nw"},
    {"key.name": "question_mc:6266458350813184", "data": "{\"progress\": {\"es\": 0}}", "key.id": null, "key": "ahBwfm1vYmlsZWNzcC0yMDE3cjQLEhJJMThuUHJvZ3Jlc3NFbnRpdHkiHHF1ZXN0aW9uX21jOjYyNjY0NTgzNTA4MTMxODQMogESbnNfdGVhY2hfbW9iaWxlY3Nw"},
    {"key.name": "question_mc:6266617130385408", "data": "{\"progress\": {\"es\": 0}}", "key.id": null, "key": "ahBwfm1vYmlsZWNzcC0yMDE3cjQLEhJJMThuUHJvZ3Jlc3NFbnRpdHkiHHF1ZXN0aW9uX21jOjYyNjY2MTcxMzAzODU0MDgMogESbnNfdGVhY2hfbW9iaWxlY3Nw"},
    {"key.name": "question_mc:6327127246897152", "data": "{\"progress\": {\"es\": 0}}", "key.id": null, "key": "ahBwfm1vYmlsZWNzcC0yMDE3cjQLEhJJMThuUHJvZ3Jlc3NFbnRpdHkiHHF1ZXN0aW9uX21jOjYzMjcxMjcyNDY4OTcxNTIMogESbnNfdGVhY2hfbW9iaWxlY3Nw"},
    {"key.name": "question_mc:6344244100857856", "data": "{\"progress\": {\"es\": 0}}", "key.id": null, "key": "ahBwfm1vYmlsZWNzcC0yMDE3cjQLEhJJMThuUHJvZ3Jlc3NFbnRpdHkiHHF1ZXN0aW9uX21jOjYzNDQyNDQxMDA4NTc4NTYMogESbnNfdGVhY2hfbW9iaWxlY3Nw"},
    {"key.name": "question_mc:6428089445777408", "data": "{\"progress\": {\"es\": 0}}", "key.id": null, "key": "ahBwfm1vYmlsZWNzcC0yMDE3cjQLEhJJMThuUHJvZ3Jlc3NFbnRpdHkiHHF1ZXN0aW9uX21jOjY0MjgwODk0NDU3Nzc0MDgMogESbnNfdGVhY2hfbW9iaWxlY3Nw"},
    {"key.name": "question_mc:6434250844798976", "data": "{\"progress\": {\"es\": 0}}", "key.id": null, "key": "ahBwfm1vYmlsZWNzcC0yMDE3cjQLEhJJMThuUHJvZ3Jlc3NFbnRpdHkiHHF1ZXN0aW9uX21jOjY0MzQyNTA4NDQ3OTg5NzYMogESbnNfdGVhY2hfbW9iaWxlY3Nw"},
    {"key.name": "question_mc:6528097423720448", "data": "{\"progress\": {\"es\": 0}}", "key.id": null, "key": "ahBwfm1vYmlsZWNzcC0yMDE3cjQLEhJJMThuUHJvZ3Jlc3NFbnRpdHkiHHF1ZXN0aW9uX21jOjY1MjgwOTc0MjM3MjA0NDgMogESbnNfdGVhY2hfbW9iaWxlY3Nw"},
    {"key.name": "question_mc:6545905633198080", "data": "{\"progress\": {\"es\": 0}}", "key.id": null, "key": "ahBwfm1vYmlsZWNzcC0yMDE3cjQLEhJJMThuUHJvZ3Jlc3NFbnRpdHkiHHF1ZXN0aW9uX21jOjY1NDU5MDU2MzMxOTgwODAMogESbnNfdGVhY2hfbW9iaWxlY3Nw"},
    {"key.name": "question_mc:6622625090502656", "data": "{\"progress\": {\"es\": 0}}", "key.id": null, "key": "ahBwfm1vYmlsZWNzcC0yMDE3cjQLEhJJMThuUHJvZ3Jlc3NFbnRpdHkiHHF1ZXN0aW9uX21jOjY2MjI2MjUwOTA1MDI2NTYMogESbnNfdGVhY2hfbW9iaWxlY3Nw"},
    {"key.name": "question_mc:6715387861270528", "data": "{\"progress\": {\"es\": 0}}", "key.id": null, "key": "ahBwfm1vYmlsZWNzcC0yMDE3cjQLEhJJMThuUHJvZ3Jlc3NFbnRpdHkiHHF1ZXN0aW9uX21jOjY3MTUzODc4NjEyNzA1MjgMogESbnNfdGVhY2hfbW9iaWxlY3Nw"},
    {"key.name": "question_mc:6735881834594304", "data": "{\"progress\": {\"es\": 0}}", "key.id": null, "key": "ahBwfm1vYmlsZWNzcC0yMDE3cjQLEhJJMThuUHJvZ3Jlc3NFbnRpdHkiHHF1ZXN0aW9uX21jOjY3MzU4ODE4MzQ1OTQzMDQMogESbnNfdGVhY2hfbW9iaWxlY3Nw"},
    {"key.name": "question_sa:4569141163851776", "data": "{\"progress\": {\"es\": 0}}", "key.id": null, "key": "ahBwfm1vYmlsZWNzcC0yMDE3cjQLEhJJMThuUHJvZ3Jlc3NFbnRpdHkiHHF1ZXN0aW9uX3NhOjQ1NjkxNDExNjM4NTE3NzYMogESbnNfdGVhY2hfbW9iaWxlY3Nw"},
    {"key.name": "question_sa:4570234635681792", "data": "{\"progress\": {\"es\": 0}}", "key.id": null, "key": "ahBwfm1vYmlsZWNzcC0yMDE3cjQLEhJJMThuUHJvZ3Jlc3NFbnRpdHkiHHF1ZXN0aW9uX3NhOjQ1NzAyMzQ2MzU2ODE3OTIMogESbnNfdGVhY2hfbW9iaWxlY3Nw"},
    {"key.name": "question_sa:4604165682626560", "data": "{\"progress\": {\"es\": 0}}", "key.id": null, "key": "ahBwfm1vYmlsZWNzcC0yMDE3cjQLEhJJMThuUHJvZ3Jlc3NFbnRpdHkiHHF1ZXN0aW9uX3NhOjQ2MDQxNjU2ODI2MjY1NjAMogESbnNfdGVhY2hfbW9iaWxlY3Nw"},
    {"key.name": "question_sa:4687848556986368", "data": "{\"progress\": {\"es\": 0}}", "key.id": null, "key": "ahBwfm1vYmlsZWNzcC0yMDE3cjQLEhJJMThuUHJvZ3Jlc3NFbnRpdHkiHHF1ZXN0aW9uX3NhOjQ2ODc4NDg1NTY5ODYzNjgMogESbnNfdGVhY2hfbW9iaWxlY3Nw"},
    {"key.name": "question_sa:4716318284578816", "data": "{\"progress\": {\"es\": 0}}", "key.id": null, "key": "ahBwfm1vYmlsZWNzcC0yMDE3cjQLEhJJMThuUHJvZ3Jlc3NFbnRpdHkiHHF1ZXN0aW9uX3NhOjQ3MTYzMTgyODQ1Nzg4MTYMogESbnNfdGVhY2hfbW9iaWxlY3Nw"},
    {"key.name": "question_sa:4793408988119040", "data": "{\"progress\": {\"es\": 0}}", "key.id": null, "key": "ahBwfm1vYmlsZWNzcC0yMDE3cjQLEhJJMThuUHJvZ3Jlc3NFbnRpdHkiHHF1ZXN0aW9uX3NhOjQ3OTM0MDg5ODgxMTkwNDAMogESbnNfdGVhY2hfbW9iaWxlY3Nw"},
    {"key.name": "question_sa:4800312141414400", "data": "{\"progress\": {\"es\": 0}}", "key.id": null, "key": "ahBwfm1vYmlsZWNzcC0yMDE3cjQLEhJJMThuUHJvZ3Jlc3NFbnRpdHkiHHF1ZXN0aW9uX3NhOjQ4MDAzMTIxNDE0MTQ0MDAMogESbnNfdGVhY2hfbW9iaWxlY3Nw"},
    {"key.name": "question_sa:4838278981222400", "data": "{\"progress\": {\"es\": 0}}", "key.id": null, "key": "ahBwfm1vYmlsZWNzcC0yMDE3cjQLEhJJMThuUHJvZ3Jlc3NFbnRpdHkiHHF1ZXN0aW9uX3NhOjQ4MzgyNzg5ODEyMjI0MDAMogESbnNfdGVhY2hfbW9iaWxlY3Nw"},
    {"key.name": "question_sa:4852550553567232", "data": "{\"progress\": {\"es\": 0}}", "key.id": null, "key": "ahBwfm1vYmlsZWNzcC0yMDE3cjQLEhJJMThuUHJvZ3Jlc3NFbnRpdHkiHHF1ZXN0aW9uX3NhOjQ4NTI1NTA1NTM1NjcyMzIMogESbnNfdGVhY2hfbW9iaWxlY3Nw"},
    {"key.name": "question_sa:4859242246832128", "data": "{\"progress\": {\"es\": 0}}", "key.id": null, "key": "ahBwfm1vYmlsZWNzcC0yMDE3cjQLEhJJMThuUHJvZ3Jlc3NFbnRpdHkiHHF1ZXN0aW9uX3NhOjQ4NTkyNDIyNDY4MzIxMjgMogESbnNfdGVhY2hfbW9iaWxlY3Nw"},
    {"key.name": "question_sa:4879367121403904", "data": "{\"progress\": {\"es\": 0}}", "key.id": null, "key": "ahBwfm1vYmlsZWNzcC0yMDE3cjQLEhJJMThuUHJvZ3Jlc3NFbnRpdHkiHHF1ZXN0aW9uX3NhOjQ4NzkzNjcxMjE0MDM5MDQMogESbnNfdGVhY2hfbW9iaWxlY3Nw"},
    {"key.name": "question_sa:4965476585177088", "data": "{\"progress\": {\"es\": 0}}", "key.id": null, "key": "ahBwfm1vYmlsZWNzcC0yMDE3cjQLEhJJMThuUHJvZ3Jlc3NFbnRpdHkiHHF1ZXN0aW9uX3NhOjQ5NjU0NzY1ODUxNzcwODgMogESbnNfdGVhY2hfbW9iaWxlY3Nw"},
    {"key.name": "question_sa:4992345699254272", "data": "{\"progress\": {\"es\": 0}}", "key.id": null, "key": "ahBwfm1vYmlsZWNzcC0yMDE3cjQLEhJJMThuUHJvZ3Jlc3NFbnRpdHkiHHF1ZXN0aW9uX3NhOjQ5OTIzNDU2OTkyNTQyNzIMogESbnNfdGVhY2hfbW9iaWxlY3Nw"},
    {"key.name": "question_sa:5072499922436096", "data": "{\"progress\": {\"es\": 0}}", "key.id": null, "key": "ahBwfm1vYmlsZWNzcC0yMDE3cjQLEhJJMThuUHJvZ3Jlc3NFbnRpdHkiHHF1ZXN0aW9uX3NhOjUwNzI0OTk5MjI0MzYwOTYMogESbnNfdGVhY2hfbW9iaWxlY3Nw"},
    {"key.name": "question_sa:5099808532463616", "data": "{\"progress\": {\"es\": 0}}", "key.id": null, "key": "ahBwfm1vYmlsZWNzcC0yMDE3cjQLEhJJMThuUHJvZ3Jlc3NFbnRpdHkiHHF1ZXN0aW9uX3NhOjUwOTk4MDg1MzI0NjM2MTYMogESbnNfdGVhY2hfbW9iaWxlY3Nw"},
    {"key.name": "question_sa:5105586806980608", "data": "{\"progress\": {\"es\": 0}}", "key.id": null, "key": "ahBwfm1vYmlsZWNzcC0yMDE3cjQLEhJJMThuUHJvZ3Jlc3NFbnRpdHkiHHF1ZXN0aW9uX3NhOjUxMDU1ODY4MDY5ODA2MDgMogESbnNfdGVhY2hfbW9iaWxlY3Nw"},
    {"key.name": "question_sa:5131993071222784", "data": "{\"progress\": {\"es\": 0}}", "key.id": null, "key": "ahBwfm1vYmlsZWNzcC0yMDE3cjQLEhJJMThuUHJvZ3Jlc3NFbnRpdHkiHHF1ZXN0aW9uX3NhOjUxMzE5OTMwNzEyMjI3ODQMogESbnNfdGVhY2hfbW9iaWxlY3Nw"},
    {"key.name": "question_sa:5150804021346304", "data": "{\"progress\": {\"es\": 0}}", "key.id": null, "key": "ahBwfm1vYmlsZWNzcC0yMDE3cjQLEhJJMThuUHJvZ3Jlc3NFbnRpdHkiHHF1ZXN0aW9uX3NhOjUxNTA4MDQwMjEzNDYzMDQMogESbnNfdGVhY2hfbW9iaWxlY3Nw"},
    {"key.name": "question_sa:5152971570544640", "data": "{\"progress\": {\"es\": 0}}", "key.id": null, "key": "ahBwfm1vYmlsZWNzcC0yMDE3cjQLEhJJMThuUHJvZ3Jlc3NFbnRpdHkiHHF1ZXN0aW9uX3NhOjUxNTI5NzE1NzA1NDQ2NDAMogESbnNfdGVhY2hfbW9iaWxlY3Nw"},
    {"key.name": "question_sa:5183027818790912", "data": "{\"progress\": {\"es\": 0}}", "key.id": null, "key": "ahBwfm1vYmlsZWNzcC0yMDE3cjQLEhJJMThuUHJvZ3Jlc3NFbnRpdHkiHHF1ZXN0aW9uX3NhOjUxODMwMjc4MTg3OTA5MTIMogESbnNfdGVhY2hfbW9iaWxlY3Nw"},
    {"key.name": "question_sa:5184983706632192", "data": "{\"progress\": {\"es\": 0}}", "key.id": null, "key": "ahBwfm1vYmlsZWNzcC0yMDE3cjQLEhJJMThuUHJvZ3Jlc3NFbnRpdHkiHHF1ZXN0aW9uX3NhOjUxODQ5ODM3MDY2MzIxOTIMogESbnNfdGVhY2hfbW9iaWxlY3Nw"},
    {"key.name": "question_sa:5205762825519104", "data": "{\"progress\": {\"es\": 0}}", "key.id": null, "key": "ahBwfm1vYmlsZWNzcC0yMDE3cjQLEhJJMThuUHJvZ3Jlc3NFbnRpdHkiHHF1ZXN0aW9uX3NhOjUyMDU3NjI4MjU1MTkxMDQMogESbnNfdGVhY2hfbW9iaWxlY3Nw"},
    {"key.name": "question_sa:5223763972980736", "data": "{\"progress\": {\"es\": 0}}", "key.id": null, "key": "ahBwfm1vYmlsZWNzcC0yMDE3cjQLEhJJMThuUHJvZ3Jlc3NFbnRpdHkiHHF1ZXN0aW9uX3NhOjUyMjM3NjM5NzI5ODA3MzYMogESbnNfdGVhY2hfbW9iaWxlY3Nw"},
    {"key.name": "question_sa:5270591128993792", "data": "{\"progress\": {\"es\": 0}}", "key.id": null, "key": "ahBwfm1vYmlsZWNzcC0yMDE3cjQLEhJJMThuUHJvZ3Jlc3NFbnRpdHkiHHF1ZXN0aW9uX3NhOjUyNzA1OTExMjg5OTM3OTIMogESbnNfdGVhY2hfbW9iaWxlY3Nw"},
    {"key.name": "question_sa:5325227743510528", "data": "{\"progress\": {\"es\": 0}}", "key.id": null, "key": "ahBwfm1vYmlsZWNzcC0yMDE3cjQLEhJJMThuUHJvZ3Jlc3NFbnRpdHkiHHF1ZXN0aW9uX3NhOjUzMjUyMjc3NDM1MTA1MjgMogESbnNfdGVhY2hfbW9iaWxlY3Nw"},
    {"key.name": "question_sa:5420005726355456", "data": "{\"progress\": {\"es\": 0}}", "key.id": null, "key": "ahBwfm1vYmlsZWNzcC0yMDE3cjQLEhJJMThuUHJvZ3Jlc3NFbnRpdHkiHHF1ZXN0aW9uX3NhOjU0MjAwMDU3MjYzNTU0NTYMogESbnNfdGVhY2hfbW9iaWxlY3Nw"},
    {"key.name": "question_sa:5444438318907392", "data": "{\"progress\": {\"es\": 0}}", "key.id": null, "key": "ahBwfm1vYmlsZWNzcC0yMDE3cjQLEhJJMThuUHJvZ3Jlc3NFbnRpdHkiHHF1ZXN0aW9uX3NhOjU0NDQ0MzgzMTg5MDczOTIMogESbnNfdGVhY2hfbW9iaWxlY3Nw"},
    {"key.name": "question_sa:5533573251596288", "data": "{\"progress\": {\"es\": 0}}", "key.id": null, "key": "ahBwfm1vYmlsZWNzcC0yMDE3cjQLEhJJMThuUHJvZ3Jlc3NFbnRpdHkiHHF1ZXN0aW9uX3NhOjU1MzM1NzMyNTE1OTYyODgMogESbnNfdGVhY2hfbW9iaWxlY3Nw"},
    {"key.name": "question_sa:5555295652675584", "data": "{\"progress\": {\"es\": 0}}", "key.id": null, "key": "ahBwfm1vYmlsZWNzcC0yMDE3cjQLEhJJMThuUHJvZ3Jlc3NFbnRpdHkiHHF1ZXN0aW9uX3NhOjU1NTUyOTU2NTI2NzU1ODQMogESbnNfdGVhY2hfbW9iaWxlY3Nw"},
    {"key.name": "question_sa:5591553296826368", "data": "{\"progress\": {\"es\": 0}}", "key.id": null, "key": "ahBwfm1vYmlsZWNzcC0yMDE3cjQLEhJJMThuUHJvZ3Jlc3NFbnRpdHkiHHF1ZXN0aW9uX3NhOjU1OTE1NTMyOTY4MjYzNjgMogESbnNfdGVhY2hfbW9iaWxlY3Nw"},
    {"key.name": "question_sa:5598048562446336", "data": "{\"progress\": {\"es\": 0}}", "key.id": null, "key": "ahBwfm1vYmlsZWNzcC0yMDE3cjQLEhJJMThuUHJvZ3Jlc3NFbnRpdHkiHHF1ZXN0aW9uX3NhOjU1OTgwNDg1NjI0NDYzMzYMogESbnNfdGVhY2hfbW9iaWxlY3Nw"},
    {"key.name": "question_sa:5599082374496256", "data": "{\"progress\": {\"es\": 0}}", "key.id": null, "key": "ahBwfm1vYmlsZWNzcC0yMDE3cjQLEhJJMThuUHJvZ3Jlc3NFbnRpdHkiHHF1ZXN0aW9uX3NhOjU1OTkwODIzNzQ0OTYyNTYMogESbnNfdGVhY2hfbW9iaWxlY3Nw"},
    {"key.name": "question_sa:5649050225344512", "data": "{\"progress\": {\"es\": 0}}", "key.id": null, "key": "ahBwfm1vYmlsZWNzcC0yMDE3cjQLEhJJMThuUHJvZ3Jlc3NFbnRpdHkiHHF1ZXN0aW9uX3NhOjU2NDkwNTAyMjUzNDQ1MTIMogESbnNfdGVhY2hfbW9iaWxlY3Nw"},
    {"key.name": "question_sa:5657951891095552", "data": "{\"progress\": {\"es\": 0}}", "key.id": null, "key": "ahBwfm1vYmlsZWNzcC0yMDE3cjQLEhJJMThuUHJvZ3Jlc3NFbnRpdHkiHHF1ZXN0aW9uX3NhOjU2NTc5NTE4OTEwOTU1NTIMogESbnNfdGVhY2hfbW9iaWxlY3Nw"},
    {"key.name": "question_sa:5660398564933632", "data": "{\"progress\": {\"es\": 0}}", "key.id": null, "key": "ahBwfm1vYmlsZWNzcC0yMDE3cjQLEhJJMThuUHJvZ3Jlc3NFbnRpdHkiHHF1ZXN0aW9uX3NhOjU2NjAzOTg1NjQ5MzM2MzIMogESbnNfdGVhY2hfbW9iaWxlY3Nw"},
    {"key.name": "question_sa:5662758485884928", "data": "{\"progress\": {\"es\": 0}}", "key.id": null, "key": "ahBwfm1vYmlsZWNzcC0yMDE3cjQLEhJJMThuUHJvZ3Jlc3NFbnRpdHkiHHF1ZXN0aW9uX3NhOjU2NjI3NTg0ODU4ODQ5MjgMogESbnNfdGVhY2hfbW9iaWxlY3Nw"},
    {"key.name": "question_sa:5694943024644096", "data": "{\"progress\": {\"es\": 0}}", "key.id": null, "key": "ahBwfm1vYmlsZWNzcC0yMDE3cjQLEhJJMThuUHJvZ3Jlc3NFbnRpdHkiHHF1ZXN0aW9uX3NhOjU2OTQ5NDMwMjQ2NDQwOTYMogESbnNfdGVhY2hfbW9iaWxlY3Nw"},
    {"key.name": "question_sa:5718753484472320", "data": "{\"progress\": {\"es\": 0}}", "key.id": null, "key": "ahBwfm1vYmlsZWNzcC0yMDE3cjQLEhJJMThuUHJvZ3Jlc3NFbnRpdHkiHHF1ZXN0aW9uX3NhOjU3MTg3NTM0ODQ0NzIzMjAMogESbnNfdGVhY2hfbW9iaWxlY3Nw"},
    {"key.name": "question_sa:5724049078484992", "data": "{\"progress\": {\"es\": 0}}", "key.id": null, "key": "ahBwfm1vYmlsZWNzcC0yMDE3cjQLEhJJMThuUHJvZ3Jlc3NFbnRpdHkiHHF1ZXN0aW9uX3NhOjU3MjQwNDkwNzg0ODQ5OTIMogESbnNfdGVhY2hfbW9iaWxlY3Nw"},
    {"key.name": "question_sa:5745977772212224", "data": "{\"progress\": {\"es\": 0}}", "key.id": null, "key": "ahBwfm1vYmlsZWNzcC0yMDE3cjQLEhJJMThuUHJvZ3Jlc3NFbnRpdHkiHHF1ZXN0aW9uX3NhOjU3NDU5Nzc3NzIyMTIyMjQMogESbnNfdGVhY2hfbW9iaWxlY3Nw"},
    {"key.name": "question_sa:5750085036015616", "data": "{\"progress\": {\"es\": 0}}", "key.id": null, "key": "ahBwfm1vYmlsZWNzcC0yMDE3cjQLEhJJMThuUHJvZ3Jlc3NFbnRpdHkiHHF1ZXN0aW9uX3NhOjU3NTAwODUwMzYwMTU2MTYMogESbnNfdGVhY2hfbW9iaWxlY3Nw"},
    {"key.name": "question_sa:5824409981943808", "data": "{\"progress\": {\"es\": 0}}", "key.id": null, "key": "ahBwfm1vYmlsZWNzcC0yMDE3cjQLEhJJMThuUHJvZ3Jlc3NFbnRpdHkiHHF1ZXN0aW9uX3NhOjU4MjQ0MDk5ODE5NDM4MDgMogESbnNfdGVhY2hfbW9iaWxlY3Nw"},
    {"key.name": "question_sa:5842218191421440", "data": "{\"progress\": {\"es\": 0}}", "key.id": null, "key": "ahBwfm1vYmlsZWNzcC0yMDE3cjQLEhJJMThuUHJvZ3Jlc3NFbnRpdHkiHHF1ZXN0aW9uX3NhOjU4NDIyMTgxOTE0MjE0NDAMogESbnNfdGVhY2hfbW9iaWxlY3Nw"},
    {"key.name": "question_sa:5911916585156608", "data": "{\"progress\": {\"es\": 0}}", "key.id": null, "key": "ahBwfm1vYmlsZWNzcC0yMDE3cjQLEhJJMThuUHJvZ3Jlc3NFbnRpdHkiHHF1ZXN0aW9uX3NhOjU5MTE5MTY1ODUxNTY2MDgMogESbnNfdGVhY2hfbW9iaWxlY3Nw"},
    {"key.name": "question_sa:6011114424893440", "data": "{\"progress\": {\"es\": 0}}", "key.id": null, "key": "ahBwfm1vYmlsZWNzcC0yMDE3cjQLEhJJMThuUHJvZ3Jlc3NFbnRpdHkiHHF1ZXN0aW9uX3NhOjYwMTExMTQ0MjQ4OTM0NDAMogESbnNfdGVhY2hfbW9iaWxlY3Nw"},
    {"key.name": "question_sa:6019439413690368", "data": "{\"progress\": {\"es\": 0}}", "key.id": null, "key": "ahBwfm1vYmlsZWNzcC0yMDE3cjQLEhJJMThuUHJvZ3Jlc3NFbnRpdHkiHHF1ZXN0aW9uX3NhOjYwMTk0Mzk0MTM2OTAzNjgMogESbnNfdGVhY2hfbW9iaWxlY3Nw"},
    {"key.name": "question_sa:6019632553000960", "data": "{\"progress\": {\"es\": 0}}", "key.id": null, "key": "ahBwfm1vYmlsZWNzcC0yMDE3cjQLEhJJMThuUHJvZ3Jlc3NFbnRpdHkiHHF1ZXN0aW9uX3NhOjYwMTk2MzI1NTMwMDA5NjAMogESbnNfdGVhY2hfbW9iaWxlY3Nw"},
    {"key.name": "question_sa:6041637885050880", "data": "{\"progress\": {\"es\": 0}}", "key.id": null, "key": "ahBwfm1vYmlsZWNzcC0yMDE3cjQLEhJJMThuUHJvZ3Jlc3NFbnRpdHkiHHF1ZXN0aW9uX3NhOjYwNDE2Mzc4ODUwNTA4ODAMogESbnNfdGVhY2hfbW9iaWxlY3Nw"},
    {"key.name": "question_sa:6058895801843712", "data": "{\"progress\": {\"es\": 0}}", "key.id": null, "key": "ahBwfm1vYmlsZWNzcC0yMDE3cjQLEhJJMThuUHJvZ3Jlc3NFbnRpdHkiHHF1ZXN0aW9uX3NhOjYwNTg4OTU4MDE4NDM3MTIMogESbnNfdGVhY2hfbW9iaWxlY3Nw"},
    {"key.name": "question_sa:6083785607086080", "data": "{\"progress\": {\"es\": 0}}", "key.id": null, "key": "ahBwfm1vYmlsZWNzcC0yMDE3cjQLEhJJMThuUHJvZ3Jlc3NFbnRpdHkiHHF1ZXN0aW9uX3NhOjYwODM3ODU2MDcwODYwODAMogESbnNfdGVhY2hfbW9iaWxlY3Nw"},
    {"key.name": "question_sa:6118245606096896", "data": "{\"progress\": {\"es\": 0}}", "key.id": null, "key": "ahBwfm1vYmlsZWNzcC0yMDE3cjQLEhJJMThuUHJvZ3Jlc3NFbnRpdHkiHHF1ZXN0aW9uX3NhOjYxMTgyNDU2MDYwOTY4OTYMogESbnNfdGVhY2hfbW9iaWxlY3Nw"},
    {"key.name": "question_sa:6186819911680000", "data": "{\"progress\": {\"es\": 0}}", "key.id": null, "key": "ahBwfm1vYmlsZWNzcC0yMDE3cjQLEhJJMThuUHJvZ3Jlc3NFbnRpdHkiHHF1ZXN0aW9uX3NhOjYxODY4MTk5MTE2ODAwMDAMogESbnNfdGVhY2hfbW9iaWxlY3Nw"},
    {"key.name": "question_sa:6191506742312960", "data": "{\"progress\": {\"es\": 0}}", "key.id": null, "key": "ahBwfm1vYmlsZWNzcC0yMDE3cjQLEhJJMThuUHJvZ3Jlc3NFbnRpdHkiHHF1ZXN0aW9uX3NhOjYxOTE1MDY3NDIzMTI5NjAMogESbnNfdGVhY2hfbW9iaWxlY3Nw"},
    {"key.name": "question_sa:6215215582543872", "data": "{\"progress\": {\"es\": 0}}", "key.id": null, "key": "ahBwfm1vYmlsZWNzcC0yMDE3cjQLEhJJMThuUHJvZ3Jlc3NFbnRpdHkiHHF1ZXN0aW9uX3NhOjYyMTUyMTU1ODI1NDM4NzIMogESbnNfdGVhY2hfbW9iaWxlY3Nw"},
    {"key.name": "question_sa:6225708439306240", "data": "{\"progress\": {\"es\": 0}}", "key.id": null, "key": "ahBwfm1vYmlsZWNzcC0yMDE3cjQLEhJJMThuUHJvZ3Jlc3NFbnRpdHkiHHF1ZXN0aW9uX3NhOjYyMjU3MDg0MzkzMDYyNDAMogESbnNfdGVhY2hfbW9iaWxlY3Nw"},
    {"key.name": "question_sa:6227328514392064", "data": "{\"progress\": {\"es\": 0}}", "key.id": null, "key": "ahBwfm1vYmlsZWNzcC0yMDE3cjQLEhJJMThuUHJvZ3Jlc3NFbnRpdHkiHHF1ZXN0aW9uX3NhOjYyMjczMjg1MTQzOTIwNjQMogESbnNfdGVhY2hfbW9iaWxlY3Nw"},
    {"key.name": "question_sa:6292643424239616", "data": "{\"progress\": {\"es\": 0}}", "key.id": null, "key": "ahBwfm1vYmlsZWNzcC0yMDE3cjQLEhJJMThuUHJvZ3Jlc3NFbnRpdHkiHHF1ZXN0aW9uX3NhOjYyOTI2NDM0MjQyMzk2MTYMogESbnNfdGVhY2hfbW9iaWxlY3Nw"},
    {"key.name": "question_sa:6301546908221440", "data": "{\"progress\": {\"es\": 0}}", "key.id": null, "key": "ahBwfm1vYmlsZWNzcC0yMDE3cjQLEhJJMThuUHJvZ3Jlc3NFbnRpdHkiHHF1ZXN0aW9uX3NhOjYzMDE1NDY5MDgyMjE0NDAMogESbnNfdGVhY2hfbW9iaWxlY3Nw"},
    {"key.name": "question_sa:6397989576769536", "data": "{\"progress\": {\"es\": 0}}", "key.id": null, "key": "ahBwfm1vYmlsZWNzcC0yMDE3cjQLEhJJMThuUHJvZ3Jlc3NFbnRpdHkiHHF1ZXN0aW9uX3NhOjYzOTc5ODk1NzY3Njk1MzYMogESbnNfdGVhY2hfbW9iaWxlY3Nw"},
    {"key.name": "question_sa:6399720582807552", "data": "{\"progress\": {\"es\": 0}}", "key.id": null, "key": "ahBwfm1vYmlsZWNzcC0yMDE3cjQLEhJJMThuUHJvZ3Jlc3NFbnRpdHkiHHF1ZXN0aW9uX3NhOjYzOTk3MjA1ODI4MDc1NTIMogESbnNfdGVhY2hfbW9iaWxlY3Nw"},
    {"key.name": "question_sa:6451127650353152", "data": "{\"progress\": {\"es\": 0}}", "key.id": null, "key": "ahBwfm1vYmlsZWNzcC0yMDE3cjQLEhJJMThuUHJvZ3Jlc3NFbnRpdHkiHHF1ZXN0aW9uX3NhOjY0NTExMjc2NTAzNTMxNTIMogESbnNfdGVhY2hfbW9iaWxlY3Nw"},
    {"key.name": "question_sa:6530532938612736", "data": "{\"progress\": {\"es\": 0}}", "key.id": null, "key": "ahBwfm1vYmlsZWNzcC0yMDE3cjQLEhJJMThuUHJvZ3Jlc3NFbnRpdHkiHHF1ZXN0aW9uX3NhOjY1MzA1MzI5Mzg2MTI3MzYMogESbnNfdGVhY2hfbW9iaWxlY3Nw"},
    {"key.name": "question_sa:6540067094921216", "data": "{\"progress\": {\"es\": 0}}", "key.id": null, "key": "ahBwfm1vYmlsZWNzcC0yMDE3cjQLEhJJMThuUHJvZ3Jlc3NFbnRpdHkiHHF1ZXN0aW9uX3NhOjY1NDAwNjcwOTQ5MjEyMTYMogESbnNfdGVhY2hfbW9iaWxlY3Nw"},
    {"key.name": "question_sa:6621845755265024", "data": "{\"progress\": {\"es\": 0}}", "key.id": null, "key": "ahBwfm1vYmlsZWNzcC0yMDE3cjQLEhJJMThuUHJvZ3Jlc3NFbnRpdHkiHHF1ZXN0aW9uX3NhOjY2MjE4NDU3NTUyNjUwMjQMogESbnNfdGVhY2hfbW9iaWxlY3Nw"},
    {"key.name": "question_sa:6643432529330176", "data": "{\"progress\": {\"es\": 0}}", "key.id": null, "key": "ahBwfm1vYmlsZWNzcC0yMDE3cjQLEhJJMThuUHJvZ3Jlc3NFbnRpdHkiHHF1ZXN0aW9uX3NhOjY2NDM0MzI1MjkzMzAxNzYMogESbnNfdGVhY2hfbW9iaWxlY3Nw"},
    {"key.name": "question_sa:6659215997272064", "data": "{\"progress\": {\"es\": 0}}", "key.id": null, "key": "ahBwfm1vYmlsZWNzcC0yMDE3cjQLEhJJMThuUHJvZ3Jlc3NFbnRpdHkiHHF1ZXN0aW9uX3NhOjY2NTkyMTU5OTcyNzIwNjQMogESbnNfdGVhY2hfbW9iaWxlY3Nw"},
    {"key.name": "question_sa:6716481333100544", "data": "{\"progress\": {\"es\": 0}}", "key.id": null, "key": "ahBwfm1vYmlsZWNzcC0yMDE3cjQLEhJJMThuUHJvZ3Jlc3NFbnRpdHkiHHF1ZXN0aW9uX3NhOjY3MTY0ODEzMzMxMDA1NDQMogESbnNfdGVhY2hfbW9iaWxlY3Nw"},
    {"key.name": "question_sa:6717453203668992", "data": "{\"progress\": {\"es\": 0}}", "key.id": null, "key": "ahBwfm1vYmlsZWNzcC0yMDE3cjQLEhJJMThuUHJvZ3Jlc3NFbnRpdHkiHHF1ZXN0aW9uX3NhOjY3MTc0NTMyMDM2Njg5OTIMogESbnNfdGVhY2hfbW9iaWxlY3Nw"},
    {"key.name": "unit:1", "data": "{\"progress\": {\"es\": 0}}", "key.id": null, "key": "ahBwfm1vYmlsZWNzcC0yMDE3ch4LEhJJMThuUHJvZ3Jlc3NFbnRpdHkiBnVuaXQ6MQyiARJuc190ZWFjaF9tb2JpbGVjc3A"},
    {"key.name": "unit:126", "data": "{\"progress\": {\"es\": 0}}", "key.id": null, "key": "ahBwfm1vYmlsZWNzcC0yMDE3ciALEhJJMThuUHJvZ3Jlc3NFbnRpdHkiCHVuaXQ6MTI2DKIBEm5zX3RlYWNoX21vYmlsZWNzcA"},
    {"key.name": "unit:140", "data": "{\"progress\": {\"es\": 0}}", "key.id": null, "key": "ahBwfm1vYmlsZWNzcC0yMDE3ciALEhJJMThuUHJvZ3Jlc3NFbnRpdHkiCHVuaXQ6MTQwDKIBEm5zX3RlYWNoX21vYmlsZWNzcA"},
    {"key.name": "unit:155", "data": "{\"progress\": {\"es\": 0}}", "key.id": null, "key": "ahBwfm1vYmlsZWNzcC0yMDE3ciALEhJJMThuUHJvZ3Jlc3NFbnRpdHkiCHVuaXQ6MTU1DKIBEm5zX3RlYWNoX21vYmlsZWNzcA"},
    {"key.name": "unit:16", "data": "{\"progress\": {\"es\": 0}}", "key.id": null, "key": "ahBwfm1vYmlsZWNzcC0yMDE3ch8LEhJJMThuUHJvZ3Jlc3NFbnRpdHkiB3VuaXQ6MTYMogESbnNfdGVhY2hfbW9iaWxlY3Nw"},
    {"key.name": "unit:168", "data": "{\"progress\": {\"es\": 0}}", "key.id": null, "key": "ahBwfm1vYmlsZWNzcC0yMDE3ciALEhJJMThuUHJvZ3Jlc3NFbnRpdHkiCHVuaXQ6MTY4DKIBEm5zX3RlYWNoX21vYmlsZWNzcA"},
    {"key.name": "unit:178", "data": "{\"progress\": {\"es\": 0}}", "key.id": null, "key": "ahBwfm1vYmlsZWNzcC0yMDE3ciALEhJJMThuUHJvZ3Jlc3NFbnRpdHkiCHVuaXQ6MTc4DKIBEm5zX3RlYWNoX21vYmlsZWNzcA"},
    {"key.name": "unit:2", "data": "{\"progress\": {\"es\": 0}}", "key.id": null, "key": "ahBwfm1vYmlsZWNzcC0yMDE3ch4LEhJJMThuUHJvZ3Jlc3NFbnRpdHkiBnVuaXQ6MgyiARJuc190ZWFjaF9tb2JpbGVjc3A"},
    {"key.name": "unit:26", "data": "{\"progress\": {\"es\": 0}}", "key.id": null, "key": "ahBwfm1vYmlsZWNzcC0yMDE3ch8LEhJJMThuUHJvZ3Jlc3NFbnRpdHkiB3VuaXQ6MjYMogESbnNfdGVhY2hfbW9iaWxlY3Nw"},
    {"key.name": "unit:27", "data": "{\"progress\": {\"es\": 0}}", "key.id": null, "key": "ahBwfm1vYmlsZWNzcC0yMDE3ch8LEhJJMThuUHJvZ3Jlc3NFbnRpdHkiB3VuaXQ6MjcMogESbnNfdGVhY2hfbW9iaWxlY3Nw"},
    {"key.name": "unit:46", "data": "{\"progress\": {\"es\": 0}}", "key.id": null, "key": "ahBwfm1vYmlsZWNzcC0yMDE3ch8LEhJJMThuUHJvZ3Jlc3NFbnRpdHkiB3VuaXQ6NDYMogESbnNfdGVhY2hfbW9iaWxlY3Nw"},
    {"key.name": "unit:8", "data": "{\"progress\": {\"es\": 0}}", "key.id": null, "key": "ahBwfm1vYmlsZWNzcC0yMDE3ch4LEhJJMThuUHJvZ3Jlc3NFbnRpdHkiBnVuaXQ6OAyiARJuc190ZWFjaF9tb2JpbGVjc3A"}
]}
