{"rows": [
    {"key.name": "None", "data": "{\"version\": \"1.0\", \"type\": 2, \"description\": \"[es] language\", \"title\": \"es\"}", "key.id": 5710270898896896, "key": "ahBwfm1vYmlsZWNzcC0yMDE3chgLEgtMYWJlbEVudGl0eRiAgIDk4K6SCgyiARJuc190ZWFjaF9tb2JpbGVjc3A"},
    {"key.name": "None", "data": "{\"version\": \"1.0\", \"type\": 2, \"description\": \"[en_US] language\", \"title\": \"en_US\"}", "key.id": 6596518073073664, "key": "ahBwfm1vYmlsZWNzcC0yMDE3chgLEgtMYWJlbEVudGl0eRiAgIDk-O_bCwyiARJuc190ZWFjaF9tb2JpbGVjc3A"}
]}
