{"rows": [
    {"key.name": "None", "data": "{\"description\": \"2.6 Confidence\", \"multiple_selections\": false, \"question\": \"I am confident I can teach this lesson to my students.\", \"choices\": [{\"text\": \"Strongly Agree\", \"score\": 1.0, \"feedback\": \"\"}, {\"text\": \"Agree\", \"score\": 1.0, \"feedback\": \"\"}, {\"text\": \"Neutral\", \"score\": 1.0, \"feedback\": \"\"}, {\"text\": \"Disagree\", \"score\": 1.0, \"feedback\": \"\"}, {\"text\": \"Strongly Disagree\", \"score\": 1.0, \"feedback\": \"\"}], \"version\": \"1.5\", \"type\": 0}", "key.id": 4521931353096192, "key": "ahBwfm1vYmlsZWNzcC0yMDE3chsLEg5RdWVzdGlvbkVudGl0eRiAgICAw5WECAyiARJuc190ZWFjaF9tb2JpbGVjc3A"},
    {"key.name": "None", "data": "{\"description\": \"7.6 Confidence\", \"multiple_selections\": false, \"question\": \"I am confident I can teach this lesson to my students.\", \"choices\": [{\"text\": \"Strongly Agree\", \"score\": 1.0, \"feedback\": \"\"}, {\"text\": \"Agree\", \"score\": 1.0, \"feedback\": \"\"}, {\"text\": \"Neutral\", \"score\": 1.0, \"feedback\": \"\"}, {\"text\": \"Disagree\", \"score\": 1.0, \"feedback\": \"\"}, {\"text\": \"Strongly Disagree\", \"score\": 1.0, \"feedback\": \"\"}], \"version\": \"1.5\", \"type\": 0}", "key.id": 4536858579042304, "key": "ahBwfm1vYmlsZWNzcC0yMDE3chsLEg5RdWVzdGlvbkVudGl0eRiAgICg-8eHCAyiARJuc190ZWFjaF9tb2JpbGVjc3A"},
    {"key.name": "None", "data": "{\"defaultFeedback\": \"Thank you. We will review these to improve the course.\", \"rows\": 3, \"description\": \"6.12 Exit Slip\", \"hint\": \"\", \"graders\": [{\"matcher\": \"regex\", \"score\": \"1.0\", \"response\": \"/.*/i\", \"feedback\": \"Thank you. We will review these to improve the course.\"}], \"question\": \"What questions do you still have about the lesson or the content presented?\", \"version\": \"1.5\", \"type\": 1, \"columns\": 100}", "key.id": 4569141163851776, "key": "ahBwfm1vYmlsZWNzcC0yMDE3chsLEg5RdWVzdGlvbkVudGl0eRiAgICgwfOOCAyiARJuc190ZWFjaF9tb2JpbGVjc3A"},
    {"key.name": "None", "data": "{\"defaultFeedback\": \"Thank you. We will review these to improve the course.\", \"rows\": 3, \"description\": \"6.9 Exit Slip\", \"hint\": \"\", \"graders\": [{\"matcher\": \"regex\", \"score\": \"1.0\", \"response\": \"/.*/i\", \"feedback\": \"Thank you. We will review these to improve the course.\"}], \"question\": \"What questions do you still have about the lesson or the content presented?\", \"version\": \"1.5\", \"type\": 1, \"columns\": 100}", "key.id": 4570234635681792, "key": "ahBwfm1vYmlsZWNzcC0yMDE3chsLEg5RdWVzdGlvbkVudGl0eRiAgIDgqpOPCAyiARJuc190ZWFjaF9tb2JpbGVjc3A"},
    {"key.name": "None", "data": "{\"description\": \"6.11 Confidence\", \"multiple_selections\": false, \"question\": \"I am confident I can teach this lesson to my students.\", \"choices\": [{\"text\": \"Strongly Agree\", \"score\": 1.0, \"feedback\": \"\"}, {\"text\": \"Agree\", \"score\": 1.0, \"feedback\": \"\"}, {\"text\": \"Neutral\", \"score\": 1.0, \"feedback\": \"\"}, {\"text\": \"Disagree\", \"score\": 1.0, \"feedback\": \"\"}, {\"text\": \"Strongly Disagree\", \"score\": 1.0, \"feedback\": \"\"}], \"version\": \"1.5\", \"type\": 0}", "key.id": 4603107375841280, "key": "ahBwfm1vYmlsZWNzcC0yMDE3chsLEg5RdWVzdGlvbkVudGl0eRiAgICgh9CWCAyiARJuc190ZWFjaF9tb2JpbGVjc3A"},
    {"key.name": "None", "data": "{\"description\": \"5.3 Confidence\", \"multiple_selections\": false, \"question\": \"I am confident I can teach this lesson to my students.\", \"choices\": [{\"text\": \"Strongly Agree\", \"score\": 1.0, \"feedback\": \"\"}, {\"text\": \"Agree\", \"score\": 1.0, \"feedback\": \"\"}, {\"text\": \"Neutral\", \"score\": 1.0, \"feedback\": \"\"}, {\"text\": \"Disagree\", \"score\": 1.0, \"feedback\": \"\"}, {\"text\": \"Strongly Disagree\", \"score\": 1.0, \"feedback\": \"\"}], \"version\": \"1.5\", \"type\": 0}", "key.id": 4603411647430656, "key": "ahBwfm1vYmlsZWNzcC0yMDE3chsLEg5RdWVzdGlvbkVudGl0eRiAgIDg9NiWCAyiARJuc190ZWFjaF9tb2JpbGVjc3A"},
    {"key.name": "None", "data": "{\"defaultFeedback\": \"Thank you. We will review these to improve the course.\", \"rows\": 3, \"description\": \"7.8 Exit Slip\", \"hint\": \"\", \"graders\": [{\"matcher\": \"regex\", \"score\": \"1.0\", \"response\": \"/.*/i\", \"feedback\": \"Thank you. We will review these to improve the course.\"}], \"question\": \"What questions do you still have about the lesson or the content presented?\", \"version\": \"1.5\", \"type\": 1, \"columns\": 100}", "key.id": 4604165682626560, "key": "ahBwfm1vYmlsZWNzcC0yMDE3chsLEg5RdWVzdGlvbkVudGl0eRiAgIDg7e6WCAyiARJuc190ZWFjaF9tb2JpbGVjc3A"},
    {"key.name": "None", "data": "{\"description\": \"7.9 Confidence\", \"multiple_selections\": false, \"question\": \"I am confident I can teach this lesson to my students.\", \"choices\": [{\"text\": \"Strongly Agree\", \"score\": 1.0, \"feedback\": \"\"}, {\"text\": \"Agree\", \"score\": 1.0, \"feedback\": \"\"}, {\"text\": \"Neutral\", \"score\": 1.0, \"feedback\": \"\"}, {\"text\": \"Disagree\", \"score\": 1.0, \"feedback\": \"\"}, {\"text\": \"Strongly Disagree\", \"score\": 1.0, \"feedback\": \"\"}], \"version\": \"1.5\", \"type\": 0}", "key.id": 4620077865369600, "key": "ahBwfm1vYmlsZWNzcC0yMDE3chsLEg5RdWVzdGlvbkVudGl0eRiAgICg-72aCAyiARJuc190ZWFjaF9tb2JpbGVjc3A"},
    {"key.name": "None", "data": "{\"description\": \"7.5 Confidence\", \"multiple_selections\": false, \"question\": \"I am confident I can teach this lesson to my students.\", \"choices\": [{\"text\": \"Strongly Agree\", \"score\": 1.0, \"feedback\": \"\"}, {\"text\": \"Agree\", \"score\": 1.0, \"feedback\": \"\"}, {\"text\": \"Neutral\", \"score\": 1.0, \"feedback\": \"\"}, {\"text\": \"Disagree\", \"score\": 1.0, \"feedback\": \"\"}, {\"text\": \"Strongly Disagree\", \"score\": 1.0, \"feedback\": \"\"}], \"version\": \"1.5\", \"type\": 0}", "key.id": 4660814019559424, "key": "ahBwfm1vYmlsZWNzcC0yMDE3chsLEg5RdWVzdGlvbkVudGl0eRiAgICgxd-jCAyiARJuc190ZWFjaF9tb2JpbGVjc3A"},
    {"key.name": "None", "data": "{\"description\": \"2.10 Confidence\", \"multiple_selections\": false, \"question\": \"I am confident I can teach this lesson to my students.\", \"choices\": [{\"text\": \"Strongly Agree\", \"score\": 1.0, \"feedback\": \"\"}, {\"text\": \"Agree\", \"score\": 1.0, \"feedback\": \"\"}, {\"text\": \"Neutral\", \"score\": 1.0, \"feedback\": \"\"}, {\"text\": \"Disagree\", \"score\": 1.0, \"feedback\": \"\"}, {\"text\": \"Strongly Disagree\", \"score\": 1.0, \"feedback\": \"\"}], \"version\": \"1.5\", \"type\": 0}", "key.id": 4673716571078656, "key": "ahBwfm1vYmlsZWNzcC0yMDE3chsLEg5RdWVzdGlvbkVudGl0eRiAgICAh9emCAyiARJuc190ZWFjaF9tb2JpbGVjc3A"},
    {"key.name": "None", "data": "{\"defaultFeedback\": \"Thank you. We will review these to improve the course.\\n\", \"rows\": 3, \"description\": \"5.10 Exit Slip\", \"hint\": \"\", \"graders\": [{\"matcher\": \"regex\", \"score\": \"1.0\", \"response\": \"/.*/i\", \"feedback\": \"Thank you. We will review these to improve the course.\"}], \"question\": \"What questions do you still have about the lesson or the content presented?\\n\", \"version\": \"1.5\", \"type\": 1, \"columns\": 100}", "key.id": 4687848556986368, "key": "ahBwfm1vYmlsZWNzcC0yMDE3chsLEg5RdWVzdGlvbkVudGl0eRiAgIDgrPKpCAyiARJuc190ZWFjaF9tb2JpbGVjc3A"},
    {"key.name": "None", "data": "{\"defaultFeedback\": \"Thank you. We will review these to improve the course.\", \"rows\": 3, \"description\": \"7.2 Exit Slip\", \"hint\": \"\", \"graders\": [{\"matcher\": \"regex\", \"score\": \"1.0\", \"response\": \"/.*/i\", \"feedback\": \"Thank you. We will review these to improve the course.\"}], \"question\": \"What questions do you still have about the lesson or the content presented?\", \"version\": \"1.5\", \"type\": 1, \"columns\": 100}", "key.id": 4716318284578816, "key": "ahBwfm1vYmlsZWNzcC0yMDE3chsLEg5RdWVzdGlvbkVudGl0eRiAgIDg9q6wCAyiARJuc190ZWFjaF9tb2JpbGVjc3A"},
    {"key.name": "None", "data": "{\"defaultFeedback\": \"Thank you. We will review these to improve the course.\", \"rows\": 3, \"description\": \"3.2 Exit Slip\", \"hint\": \"\", \"graders\": [{\"matcher\": \"regex\", \"score\": \"1.0\", \"response\": \"/.*/i\", \"feedback\": \"Thank you. We will review these to improve the course.\"}], \"question\": \"What questions do you still have about the lesson or the content presented?\\n\", \"version\": \"1.5\", \"type\": 1, \"columns\": 100}", "key.id": 4793408988119040, "key": "ahBwfm1vYmlsZWNzcC0yMDE3chsLEg5RdWVzdGlvbkVudGl0eRiAgICAyPLBCAyiARJuc190ZWFjaF9tb2JpbGVjc3A"},
    {"key.name": "None", "data": "{\"defaultFeedback\": \"Thank you. We will review these to improve the course.\", \"rows\": 3, \"description\": \"4.7 Exit Slip\", \"hint\": \"\", \"graders\": [{\"matcher\": \"regex\", \"score\": \"1.0\", \"response\": \"/.*/i\", \"feedback\": \"Thank you. We will review these to improve the course.\"}], \"question\": \"What questions do you still have about the lesson or the content presented?\", \"version\": \"1.5\", \"type\": 1, \"columns\": 100}", "key.id": 4800312141414400, "key": "ahBwfm1vYmlsZWNzcC0yMDE3chsLEg5RdWVzdGlvbkVudGl0eRiAgICgvLvDCAyiARJuc190ZWFjaF9tb2JpbGVjc3A"},
    {"key.name": "None", "data": "{\"description\": \"3.4 Confidence\", \"multiple_selections\": false, \"question\": \"I am confident I can teach this lesson to my students.\", \"choices\": [{\"text\": \"Strongly Agree\", \"score\": 1.0, \"feedback\": \"\"}, {\"text\": \"Agree\", \"score\": 1.0, \"feedback\": \"\"}, {\"text\": \"Neutral\", \"score\": 1.0, \"feedback\": \"\"}, {\"text\": \"Disagree\", \"score\": 1.0, \"feedback\": \"\"}, {\"text\": \"Strongly Disagree\", \"score\": 1.0, \"feedback\": \"\"}], \"version\": \"1.5\", \"type\": 0}", "key.id": 4829241363398656, "key": "ahBwfm1vYmlsZWNzcC0yMDE3chsLEg5RdWVzdGlvbkVudGl0eRiAgICAtoXKCAyiARJuc190ZWFjaF9tb2JpbGVjc3A"},
    {"key.name": "None", "data": "{\"defaultFeedback\": \"Thank you. We will review these to improve the course.\", \"rows\": 3, \"description\": \"6.11 Exit Slip\", \"hint\": \"\", \"graders\": [{\"matcher\": \"regex\", \"score\": \"1.0\", \"response\": \"/.*/i\", \"feedback\": \"Thank you. We will review these to improve the course.\"}], \"question\": \"What questions do you still have about the lesson or the content presented?\", \"version\": \"1.5\", \"type\": 1, \"columns\": 100}", "key.id": 4838278981222400, "key": "ahBwfm1vYmlsZWNzcC0yMDE3chsLEg5RdWVzdGlvbkVudGl0eRiAgIDguYzMCAyiARJuc190ZWFjaF9tb2JpbGVjc3A"},
    {"key.name": "None", "data": "{\"defaultFeedback\": \"Thank you. We will review these to improve the course.\", \"rows\": 3, \"description\": \"4.8 Exit Slip\", \"hint\": \"\", \"graders\": [{\"matcher\": \"regex\", \"score\": \"1.0\", \"response\": \"/.*/i\", \"feedback\": \"Thank you. We will review these to improve the course.\"}], \"question\": \"What questions do you still have about the lesson or the content presented?\", \"version\": \"1.5\", \"type\": 1, \"columns\": 100}", "key.id": 4852550553567232, "key": "ahBwfm1vYmlsZWNzcC0yMDE3chsLEg5RdWVzdGlvbkVudGl0eRiAgIDA56vPCAyiARJuc190ZWFjaF9tb2JpbGVjc3A"},
    {"key.name": "None", "data": "{\"description\": \"3.8 Confidence\", \"multiple_selections\": false, \"question\": \"I am confident I can teach this lesson to my students.\", \"choices\": [{\"text\": \"Strongly Agree\", \"score\": 1.0, \"feedback\": \"\"}, {\"text\": \"Agree\", \"score\": 1.0, \"feedback\": \"\"}, {\"text\": \"Neutral\", \"score\": 1.0, \"feedback\": \"\"}, {\"text\": \"Disagree\", \"score\": 1.0, \"feedback\": \"\"}, {\"text\": \"Strongly Disagree\", \"score\": 1.0, \"feedback\": \"\"}], \"version\": \"1.5\", \"type\": 0}", "key.id": 4852841806036992, "key": "ahBwfm1vYmlsZWNzcC0yMDE3chsLEg5RdWVzdGlvbkVudGl0eRiAgIDApLTPCAyiARJuc190ZWFjaF9tb2JpbGVjc3A"},
    {"key.name": "None", "data": "{\"defaultFeedback\": \"Thank you. We will review these to improve the course.\\n\", \"rows\": 3, \"description\": \"3.6 Exit Slip\", \"hint\": \"\", \"graders\": [{\"matcher\": \"regex\", \"score\": \"1.0\", \"response\": \"/.*/i\", \"feedback\": \"Thank you. We will review these to improve the course.\"}], \"question\": \"What questions do you still have about the lesson or the content presented?\\n\", \"version\": \"1.5\", \"type\": 1, \"columns\": 100}", "key.id": 4859242246832128, "key": "ahBwfm1vYmlsZWNzcC0yMDE3chsLEg5RdWVzdGlvbkVudGl0eRiAgICAyO7QCAyiARJuc190ZWFjaF9tb2JpbGVjc3A"},
    {"key.name": "None", "data": "{\"defaultFeedback\": \"Thank you. We will review these to improve the course.\", \"rows\": 3, \"description\": \"2.2 Exit Slip\", \"hint\": \"\", \"graders\": [{\"matcher\": \"regex\", \"score\": \"1.0\", \"response\": \"/.*/i\", \"feedback\": \"Thank you. We will review these to improve the course.\"}], \"question\": \"What questions do you still have about the lesson or the content presented?\", \"version\": \"1.5\", \"type\": 1, \"columns\": 100}", "key.id": 4879367121403904, "key": "ahBwfm1vYmlsZWNzcC0yMDE3chsLEg5RdWVzdGlvbkVudGl0eRiAgICAo7jVCAyiARJuc190ZWFjaF9tb2JpbGVjc3A"},
    {"key.name": "None", "data": "{\"description\": \"4.9 Confidence\", \"multiple_selections\": false, \"question\": \"I am confident I can teach this lesson to my students.\", \"choices\": [{\"text\": \"Strongly Agree\", \"score\": 1.0, \"feedback\": \"\"}, {\"text\": \"Agree\", \"score\": 1.0, \"feedback\": \"\"}, {\"text\": \"Neutral\", \"score\": 1.0, \"feedback\": \"\"}, {\"text\": \"Disagree\", \"score\": 1.0, \"feedback\": \"\"}, {\"text\": \"Strongly Disagree\", \"score\": 1.0, \"feedback\": \"\"}], \"version\": \"1.5\", \"type\": 0}", "key.id": 4885214518050816, "key": "ahBwfm1vYmlsZWNzcC0yMDE3chsLEg5RdWVzdGlvbkVudGl0eRiAgICguuLWCAyiARJuc190ZWFjaF9tb2JpbGVjc3A"},
    {"key.name": "None", "data": "{\"defaultFeedback\": \"Thank you. We will review these to improve the course.\", \"rows\": 3, \"description\": \"5.7 Exit Slip\", \"hint\": \"\", \"graders\": [{\"matcher\": \"regex\", \"score\": \"1.0\", \"response\": \"/.*/i\", \"feedback\": \"Thank you. We will review these to improve the course.\"}], \"question\": \"What questions do you still have about the lesson or the content presented?\\n\", \"version\": \"1.5\", \"type\": 1, \"columns\": 100}", "key.id": 4965476585177088, "key": "ahBwfm1vYmlsZWNzcC0yMDE3chsLEg5RdWVzdGlvbkVudGl0eRiAgIDgsYLpCAyiARJuc190ZWFjaF9tb2JpbGVjc3A"},
    {"key.name": "None", "data": "{\"description\": \"5.2 Confidence\", \"multiple_selections\": false, \"question\": \"I am confident I can teach this lesson to my students.\", \"choices\": [{\"text\": \"Strongly Agree\", \"score\": 1.0, \"feedback\": \"\"}, {\"text\": \"Agree\", \"score\": 1.0, \"feedback\": \"\"}, {\"text\": \"Neutral\", \"score\": 1.0, \"feedback\": \"\"}, {\"text\": \"Disagree\", \"score\": 1.0, \"feedback\": \"\"}, {\"text\": \"Strongly Disagree\", \"score\": 1.0, \"feedback\": \"\"}], \"version\": \"1.5\", \"type\": 0}", "key.id": 4981819338391552, "key": "ahBwfm1vYmlsZWNzcC0yMDE3chsLEg5RdWVzdGlvbkVudGl0eRiAgICgg97sCAyiARJuc190ZWFjaF9tb2JpbGVjc3A"},
    {"key.name": "None", "data": "{\"defaultFeedback\": \"Thank you. We will review these to improve the course.\\n\", \"rows\": 3, \"description\": \"3.4 Exit Slip\", \"hint\": \"\", \"graders\": [{\"matcher\": \"regex\", \"score\": \"1.0\", \"response\": \"/.*/i\", \"feedback\": \"Thank you. We will review these to improve the course.\"}], \"question\": \"What questions do you still have about the lesson or the content presented?\\n\", \"version\": \"1.5\", \"type\": 1, \"columns\": 100}", "key.id": 4992345699254272, "key": "ahBwfm1vYmlsZWNzcC0yMDE3chsLEg5RdWVzdGlvbkVudGl0eRiAgICAsZDvCAyiARJuc190ZWFjaF9tb2JpbGVjc3A"},
    {"key.name": "None", "data": "{\"defaultFeedback\": \"Thank you. We will review these to improve the course.\\n\", \"rows\": 3, \"description\": \"5.8 Exit Slip\", \"hint\": \"\", \"graders\": [{\"matcher\": \"regex\", \"score\": \"1.0\", \"response\": \"/.*/i\", \"feedback\": \"Thank you. We will review these to improve the course.\"}], \"question\": \"What questions do you still have about the lesson or the content presented?\\n\", \"version\": \"1.5\", \"type\": 1, \"columns\": 100}", "key.id": 5072499922436096, "key": "ahBwfm1vYmlsZWNzcC0yMDE3chsLEg5RdWVzdGlvbkVudGl0eRiAgIDglq2BCQyiARJuc190ZWFjaF9tb2JpbGVjc3A"},
    {"key.name": "None", "data": "{\"description\": \"EPT - Confidence\", \"multiple_selections\": false, \"question\": \"I am confident I can teach this lesson to my students.\", \"choices\": [{\"text\": \"Strongly Agree\", \"score\": 1.0, \"feedback\": \"\"}, {\"text\": \"Agree\", \"score\": 1.0, \"feedback\": \"\"}, {\"text\": \"Neutral\", \"score\": 1.0, \"feedback\": \"\"}, {\"text\": \"Disagree\", \"score\": 1.0, \"feedback\": \"\"}, {\"text\": \"Strongly disagree\", \"score\": 1.0, \"feedback\": \"\"}], \"version\": \"1.5\", \"type\": 0}", "key.id": 5075549181444096, "key": "ahBwfm1vYmlsZWNzcC0yMDE3chsLEg5RdWVzdGlvbkVudGl0eRiAgICQ9oWCCQyiARJuc190ZWFjaF9tb2JpbGVjc3A"},
    {"key.name": "None", "data": "{\"defaultFeedback\": \"Thank you. We will review these to improve the course.\", \"rows\": 3, \"description\": \"7.4 Exit Slip\", \"hint\": \"\", \"graders\": [{\"matcher\": \"regex\", \"score\": \"1.0\", \"response\": \"/.*/i\", \"feedback\": \"Thank you. We will review these to improve the course.\"}], \"question\": \"What questions do you still have about the lesson or the content presented?\", \"version\": \"1.5\", \"type\": 1, \"columns\": 100}", "key.id": 5099808532463616, "key": "ahBwfm1vYmlsZWNzcC0yMDE3chsLEg5RdWVzdGlvbkVudGl0eRiAgICg-8eHCQyiARJuc190ZWFjaF9tb2JpbGVjc3A"},
    {"key.name": "None", "data": "{\"defaultFeedback\": \"Thank you. We will review these to improve the course content.\", \"rows\": 1, \"description\": \"2.5 Exit Slip\", \"hint\": \"\", \"graders\": [{\"matcher\": \"regex\", \"score\": \"1.0\", \"response\": \"/.*/i\", \"feedback\": \"Thank you. We will review these to improve the course content.\"}], \"question\": \"What questions do you still have about the lesson or content presented?\", \"version\": \"1.5\", \"type\": 1, \"columns\": 100}", "key.id": 5105586806980608, "key": "ahBwfm1vYmlsZWNzcC0yMDE3chsLEg5RdWVzdGlvbkVudGl0eRiAgICAkfCICQyiARJuc190ZWFjaF9tb2JpbGVjc3A"},
    {"key.name": "None", "data": "{\"description\": \"4.3 Confidence\", \"multiple_selections\": false, \"question\": \"I am confident I can teach this lesson to my students.\", \"choices\": [{\"text\": \"Strongly Agree\", \"score\": 1.0, \"feedback\": \"\"}, {\"text\": \"Agree\", \"score\": 1.0, \"feedback\": \"\"}, {\"text\": \"Neutral\", \"score\": 1.0, \"feedback\": \"\"}, {\"text\": \"Disagree\", \"score\": 1.0, \"feedback\": \"\"}, {\"text\": \"Strongly Disagree\", \"score\": 1.0, \"feedback\": \"\"}], \"version\": \"1.5\", \"type\": 0}", "key.id": 5115917948157952, "key": "ahBwfm1vYmlsZWNzcC0yMDE3chsLEg5RdWVzdGlvbkVudGl0eRiAgIDA55yLCQyiARJuc190ZWFjaF9tb2JpbGVjc3A"},
    {"key.name": "None", "data": "{\"description\": \"4.6 Confidence\", \"multiple_selections\": false, \"question\": \"I am confident I can teach this lesson to my students.\", \"choices\": [{\"text\": \"Strongly Agree\", \"score\": 1.0, \"feedback\": \"\"}, {\"text\": \"Agree\", \"score\": 1.0, \"feedback\": \"\"}, {\"text\": \"Neutral\", \"score\": 1.0, \"feedback\": \"\"}, {\"text\": \"Disagree\", \"score\": 1.0, \"feedback\": \"\"}, {\"text\": \"Strongly Disagree\", \"score\": 1.0, \"feedback\": \"\"}], \"version\": \"1.5\", \"type\": 0}", "key.id": 5129889208336384, "key": "ahBwfm1vYmlsZWNzcC0yMDE3chsLEg5RdWVzdGlvbkVudGl0eRiAgIDAtrOOCQyiARJuc190ZWFjaF9tb2JpbGVjc3A"},
    {"key.name": "None", "data": "{\"defaultFeedback\": \"Thank you. We will review these to improve the course content.\", \"rows\": 3, \"description\": \"2.9 Exit Slip\", \"hint\": \"\", \"graders\": [{\"matcher\": \"regex\", \"score\": \"1.0\", \"response\": \"/.*/i\", \"feedback\": \"Thank you. We will review these to improve the course content.\"}], \"question\": \"What questions do you still have about the lesson or content presented?\", \"version\": \"1.5\", \"type\": 1, \"columns\": 100}", "key.id": 5131993071222784, "key": "ahBwfm1vYmlsZWNzcC0yMDE3chsLEg5RdWVzdGlvbkVudGl0eRiAgICA1PCOCQyiARJuc190ZWFjaF9tb2JpbGVjc3A"},
    {"key.name": "None", "data": "{\"description\": \"4.8 Confidence\", \"multiple_selections\": false, \"question\": \"I am confident I can teach this lesson to my students.\", \"choices\": [{\"text\": \"Strongly Agree\", \"score\": 1.0, \"feedback\": \"\"}, {\"text\": \"Agree\", \"score\": 1.0, \"feedback\": \"\"}, {\"text\": \"Neutral\", \"score\": 1.0, \"feedback\": \"\"}, {\"text\": \"Disagree\", \"score\": 1.0, \"feedback\": \"\"}, {\"text\": \"Strongly Disagree\", \"score\": 1.0, \"feedback\": \"\"}], \"version\": \"1.5\", \"type\": 0}", "key.id": 5134239204900864, "key": "ahBwfm1vYmlsZWNzcC0yMDE3chsLEg5RdWVzdGlvbkVudGl0eRiAgIDAg7KPCQyiARJuc190ZWFjaF9tb2JpbGVjc3A"},
    {"key.name": "None", "data": "{\"description\": \"3.5 Confidence\", \"multiple_selections\": false, \"question\": \"I am confident I can teach this lesson to my students.\", \"choices\": [{\"text\": \"Strongly Agree\", \"score\": 1.0, \"feedback\": \"\"}, {\"text\": \"Agree\", \"score\": 1.0, \"feedback\": \"\"}, {\"text\": \"Neutral\", \"score\": 1.0, \"feedback\": \"\"}, {\"text\": \"Disagree\", \"score\": 1.0, \"feedback\": \"\"}, {\"text\": \"Strongly Disagree\", \"score\": 1.0, \"feedback\": \"\"}], \"version\": \"1.5\", \"type\": 0}", "key.id": 5140717223542784, "key": "ahBwfm1vYmlsZWNzcC0yMDE3chsLEg5RdWVzdGlvbkVudGl0eRiAgICAyO6QCQyiARJuc190ZWFjaF9tb2JpbGVjc3A"},
    {"key.name": "None", "data": "{\"defaultFeedback\": \"Thank you. We will review these to improve the course.\", \"rows\": 3, \"description\": \"4.4 Exit Slip\", \"hint\": \"\", \"graders\": [{\"matcher\": \"regex\", \"score\": \"1.0\", \"response\": \"/.*/i\", \"feedback\": \"Thank you. We will review these to improve the course.\"}], \"question\": \"What questions do you still have about the lesson or the content presented?\", \"version\": \"1.5\", \"type\": 1, \"columns\": 100}", "key.id": 5150804021346304, "key": "ahBwfm1vYmlsZWNzcC0yMDE3chsLEg5RdWVzdGlvbkVudGl0eRiAgICgkJSTCQyiARJuc190ZWFjaF9tb2JpbGVjc3A"},
    {"key.name": "None", "data": "{\"defaultFeedback\": \"\", \"rows\": 5, \"description\": \"ExitSlipAfterLesson2\", \"hint\": \"\", \"graders\": [{\"matcher\": \"regex\", \"score\": \"1.0\", \"response\": \".*\", \"feedback\": \"Thank you. We will review these to improve the course.\"}], \"question\": \"Please enter any feedback that you have on this lesson:\", \"version\": \"1.5\", \"last_modified\": 1496170168.50615, \"type\": 1, \"columns\": 100}", "key.id": 5152971570544640, "key": "ahBwfm1vYmlsZWNzcC0yMDE3chsLEg5RdWVzdGlvbkVudGl0eRiAgICAm9OTCQyiARJuc190ZWFjaF9tb2JpbGVjc3A"},
    {"key.name": "None", "data": "{\"description\": \"4.4 Confidence\", \"multiple_selections\": false, \"question\": \"I am confident I can teach this lesson to my students.\", \"choices\": [{\"text\": \"Strongly Agree\", \"score\": 1.0, \"feedback\": \"\"}, {\"text\": \"Agree\", \"score\": 1.0, \"feedback\": \"\"}, {\"text\": \"Neutral\", \"score\": 1.0, \"feedback\": \"\"}, {\"text\": \"Disagree\", \"score\": 1.0, \"feedback\": \"\"}, {\"text\": \"Strongly Disagree\", \"score\": 1.0, \"feedback\": \"\"}], \"version\": \"1.5\", \"type\": 0}", "key.id": 5166743517396992, "key": "ahBwfm1vYmlsZWNzcC0yMDE3chsLEg5RdWVzdGlvbkVudGl0eRiAgIDAg-SWCQyiARJuc190ZWFjaF9tb2JpbGVjc3A"},
    {"key.name": "None", "data": "{\"description\": \"6.10 Confidence\", \"multiple_selections\": false, \"question\": \"I am confident I can teach this lesson to my students.\", \"choices\": [{\"text\": \"Strongly Agree\", \"score\": 1.0, \"feedback\": \"\"}, {\"text\": \"Agree\", \"score\": 1.0, \"feedback\": \"\"}, {\"text\": \"Neutral\", \"score\": 1.0, \"feedback\": \"\"}, {\"text\": \"Disagree\", \"score\": 1.0, \"feedback\": \"\"}, {\"text\": \"Strongly Disagree\", \"score\": 1.0, \"feedback\": \"\"}], \"version\": \"1.5\", \"type\": 0}", "key.id": 5175014483558400, "key": "ahBwfm1vYmlsZWNzcC0yMDE3chsLEg5RdWVzdGlvbkVudGl0eRiAgICg39SYCQyiARJuc190ZWFjaF9tb2JpbGVjc3A"},
    {"key.name": "None", "data": "{\"defaultFeedback\": \"Thank you. We will review these to improve the course.\", \"rows\": 3, \"description\": \"7.3 Exit Slip\", \"hint\": \"\", \"graders\": [{\"matcher\": \"regex\", \"score\": \"1.0\", \"response\": \"/.*/i\", \"feedback\": \"Thank you. We will review these to improve the course.\"}], \"question\": \"What questions do you still have about the lesson or the content presented?\", \"version\": \"1.5\", \"type\": 1, \"columns\": 100}", "key.id": 5183027818790912, "key": "ahBwfm1vYmlsZWNzcC0yMDE3chsLEg5RdWVzdGlvbkVudGl0eRiAgICg-72aCQyiARJuc190ZWFjaF9tb2JpbGVjc3A"},
    {"key.name": "None", "data": "{\"defaultFeedback\": \"Thank you. We will review these to improve the course.\", \"rows\": 3, \"description\": \"4.5 Exit Slip\", \"hint\": \"\", \"graders\": [{\"matcher\": \"regex\", \"score\": \"1.0\", \"response\": \"/.*/i\", \"feedback\": \"Thank you. We will review these to improve the course.\"}], \"question\": \"What questions do you still have about the lesson or the content presented?\\n\", \"version\": \"1.5\", \"type\": 1, \"columns\": 100}", "key.id": 5184983706632192, "key": "ahBwfm1vYmlsZWNzcC0yMDE3chsLEg5RdWVzdGlvbkVudGl0eRiAgIDA8faaCQyiARJuc190ZWFjaF9tb2JpbGVjc3A"},
    {"key.name": "None", "data": "{\"defaultFeedback\": \"Thank you. We will review these to improve the course.\", \"rows\": 3, \"description\": \"5.5 Exit Slip\", \"hint\": \"\", \"graders\": [{\"matcher\": \"regex\", \"score\": \"1.0\", \"response\": \"/.*/i\", \"feedback\": \"Thank you. We will review these to improve the course.\"}], \"question\": \"What questions do you still have about the lesson or the content presented?\\n\\n\", \"version\": \"1.5\", \"type\": 1, \"columns\": 100}", "key.id": 5205762825519104, "key": "ahBwfm1vYmlsZWNzcC0yMDE3chsLEg5RdWVzdGlvbkVudGl0eRiAgIDg0dOfCQyiARJuc190ZWFjaF9tb2JpbGVjc3A"},
    {"key.name": "None", "data": "{\"defaultFeedback\": \"Thank you. We will review these to improve the course.\", \"rows\": 3, \"description\": \"7.5 Exit Slip\", \"hint\": \"\", \"graders\": [{\"matcher\": \"regex\", \"score\": \"1.0\", \"response\": \"/.*/i\", \"feedback\": \"Thank you. We will review these to improve the course.\"}], \"question\": \"What questions do you still have about the lesson or the content presented?\", \"version\": \"1.5\", \"type\": 1, \"columns\": 100}", "key.id": 5223763972980736, "key": "ahBwfm1vYmlsZWNzcC0yMDE3chsLEg5RdWVzdGlvbkVudGl0eRiAgICgxd-jCQyiARJuc190ZWFjaF9tb2JpbGVjc3A"},
    {"key.name": "None", "data": "{\"description\": \"2.3 Confidence\", \"multiple_selections\": false, \"question\": \"I am confident I can teach this lesson to my students.\", \"choices\": [{\"text\": \"Strongly Agree\", \"score\": 1.0, \"feedback\": \"\"}, {\"text\": \"Agree\", \"score\": 1.0, \"feedback\": \"\"}, {\"text\": \"Neutral\", \"score\": 1.0, \"feedback\": \"\"}, {\"text\": \"Disagree\", \"score\": 1.0, \"feedback\": \"\"}, {\"text\": \"Strongly Disagree\", \"score\": 1.0, \"feedback\": \"\"}], \"version\": \"1.5\", \"type\": 0}", "key.id": 5268268356993024, "key": "ahBwfm1vYmlsZWNzcC0yMDE3chsLEg5RdWVzdGlvbkVudGl0eRiAgICA5e6tCQyiARJuc190ZWFjaF9tb2JpbGVjc3A"},
    {"key.name": "None", "data": "{\"defaultFeedback\": \"Thank you. We will review these to improve the course.\\n\", \"rows\": 3, \"description\": \"3.7 Exit Slip\", \"hint\": \"\", \"graders\": [{\"matcher\": \"regex\", \"score\": \"1.0\", \"response\": \"/.*/i\", \"feedback\": \"Thank you. We will review these to improve the course.\"}], \"question\": \"What questions do you still have about the lesson or the content presented?\\n\", \"version\": \"1.5\", \"type\": 1, \"columns\": 100}", "key.id": 5270591128993792, "key": "ahBwfm1vYmlsZWNzcC0yMDE3chsLEg5RdWVzdGlvbkVudGl0eRiAgICAsrKuCQyiARJuc190ZWFjaF9tb2JpbGVjc3A"},
    {"key.name": "None", "data": "{\"description\": \"3.7 Confidence\", \"multiple_selections\": false, \"question\": \"I am confident I can teach this lesson to my students.\", \"choices\": [{\"text\": \"Strongly Agree\", \"score\": 1.0, \"feedback\": \"\"}, {\"text\": \"Agree\", \"score\": 1.0, \"feedback\": \"\"}, {\"text\": \"Neutral\", \"score\": 1.0, \"feedback\": \"\"}, {\"text\": \"Disagree\", \"score\": 1.0, \"feedback\": \"\"}, {\"text\": \"Strongly Disagree\", \"score\": 1.0, \"feedback\": \"\"}], \"version\": \"1.5\", \"type\": 0}", "key.id": 5273820675964928, "key": "ahBwfm1vYmlsZWNzcC0yMDE3chsLEg5RdWVzdGlvbkVudGl0eRiAgICAsZCvCQyiARJuc190ZWFjaF9tb2JpbGVjc3A"},
    {"key.name": "None", "data": "{\"description\": \"5.11 Confidence\", \"multiple_selections\": false, \"question\": \"I am confident I can teach this lesson to my students.\", \"choices\": [{\"text\": \"Strongly Agree\", \"score\": 1.0, \"feedback\": \"\"}, {\"text\": \"Agree\", \"score\": 1.0, \"feedback\": \"\"}, {\"text\": \"Neutral\", \"score\": 1.0, \"feedback\": \"\"}, {\"text\": \"Disagree\", \"score\": 1.0, \"feedback\": \"\"}, {\"text\": \"Strongly Disagree\", \"score\": 1.0, \"feedback\": \"\"}], \"version\": \"1.5\", \"type\": 0}", "key.id": 5313609454321664, "key": "ahBwfm1vYmlsZWNzcC0yMDE3chsLEg5RdWVzdGlvbkVudGl0eRiAgIDgsZa4CQyiARJuc190ZWFjaF9tb2JpbGVjc3A"},
    {"key.name": "None", "data": "{\"description\": \"6.5 Confidence\", \"multiple_selections\": false, \"question\": \"I am confident I can teach this lesson to my students.\", \"choices\": [{\"text\": \"Strongly Agree\", \"score\": 1.0, \"feedback\": \"\"}, {\"text\": \"Agree\", \"score\": 1.0, \"feedback\": \"\"}, {\"text\": \"Neutral\", \"score\": 1.0, \"feedback\": \"\"}, {\"text\": \"Disagree\", \"score\": 1.0, \"feedback\": \"\"}, {\"text\": \"Strongly Disagree\", \"score\": 1.0, \"feedback\": \"\"}], \"version\": \"1.5\", \"type\": 0}", "key.id": 5317607397785600, "key": "ahBwfm1vYmlsZWNzcC0yMDE3chsLEg5RdWVzdGlvbkVudGl0eRiAgICg34q5CQyiARJuc190ZWFjaF9tb2JpbGVjc3A"},
    {"key.name": "None", "data": "{\"defaultFeedback\": \"Thank you. We will review these to improve the course.\", \"rows\": 3, \"description\": \"5.6 Exit Slip\", \"hint\": \"\", \"graders\": [{\"matcher\": \"regex\", \"score\": \"1.0\", \"response\": \"/.*/i\", \"feedback\": \"Thank you. We will review these to improve the course.\"}], \"question\": \"What questions do you still have about the lesson or the content presented?\\n\", \"version\": \"1.5\", \"type\": 1, \"columns\": 100}", "key.id": 5325227743510528, "key": "ahBwfm1vYmlsZWNzcC0yMDE3chsLEg5RdWVzdGlvbkVudGl0eRiAgICgw-i6CQyiARJuc190ZWFjaF9tb2JpbGVjc3A"},
    {"key.name": "None", "data": "{\"description\": \"3.2 Confidence\", \"multiple_selections\": false, \"question\": \"I am confident I can teach this lesson to my students.\", \"choices\": [{\"text\": \"Strongly Agree\", \"score\": 1.0, \"feedback\": \"\"}, {\"text\": \"Agree\", \"score\": 1.0, \"feedback\": \"\"}, {\"text\": \"Neutral\", \"score\": 1.0, \"feedback\": \"\"}, {\"text\": \"Disagree\", \"score\": 1.0, \"feedback\": \"\"}, {\"text\": \"Strongly Disagree\", \"score\": 1.0, \"feedback\": \"\"}], \"version\": \"1.5\", \"type\": 0}", "key.id": 5359081682370560, "key": "ahBwfm1vYmlsZWNzcC0yMDE3chsLEg5RdWVzdGlvbkVudGl0eRiAgICA58HCCQyiARJuc190ZWFjaF9tb2JpbGVjc3A"},
    {"key.name": "None", "data": "{\"description\": \"7.3 Confidence\", \"multiple_selections\": false, \"question\": \"I am confident I can teach this lesson to my students.\", \"choices\": [{\"text\": \"Strongly Agree\", \"score\": 1.0, \"feedback\": \"\"}, {\"text\": \"Agree\", \"score\": 1.0, \"feedback\": \"\"}, {\"text\": \"Neutral\", \"score\": 1.0, \"feedback\": \"\"}, {\"text\": \"Disagree\", \"score\": 1.0, \"feedback\": \"\"}, {\"text\": \"Strongly Disagree\", \"score\": 1.0, \"feedback\": \"\"}], \"version\": \"1.5\", \"type\": 0}", "key.id": 5389831567835136, "key": "ahBwfm1vYmlsZWNzcC0yMDE3chsLEg5RdWVzdGlvbkVudGl0eRiAgICg38DJCQyiARJuc190ZWFjaF9tb2JpbGVjc3A"},
    {"key.name": "None", "data": "{\"description\": \"3.11 Confidence\", \"multiple_selections\": false, \"question\": \"I am confident I can teach this lesson to my students.\", \"choices\": [{\"text\": \"Strongly Agree\", \"score\": 1.0, \"feedback\": \"\"}, {\"text\": \"Agree\", \"score\": 1.0, \"feedback\": \"\"}, {\"text\": \"Neutral\", \"score\": 1.0, \"feedback\": \"\"}, {\"text\": \"Disagree\", \"score\": 1.0, \"feedback\": \"\"}, {\"text\": \"Strongly Disagree\", \"score\": 1.0, \"feedback\": \"\"}], \"version\": \"1.5\", \"type\": 0}", "key.id": 5392191316819968, "key": "ahBwfm1vYmlsZWNzcC0yMDE3chsLEg5RdWVzdGlvbkVudGl0eRiAgICAtoXKCQyiARJuc190ZWFjaF9tb2JpbGVjc3A"},
    {"key.name": "None", "data": "{\"description\": \"2.8 Confidence\", \"multiple_selections\": false, \"question\": \"I am confident I can teach this lesson to my students.\", \"choices\": [{\"text\": \"Strongly Agree\", \"score\": 1.0, \"feedback\": \"\"}, {\"text\": \"Agree\", \"score\": 1.0, \"feedback\": \"\"}, {\"text\": \"Neutral\", \"score\": 1.0, \"feedback\": \"\"}, {\"text\": \"Agree\", \"score\": 1.0, \"feedback\": \"\"}, {\"text\": \"Disagree\", \"score\": 1.0, \"feedback\": \"\"}], \"version\": \"1.5\", \"type\": 0}", "key.id": 5404633031770112, "key": "ahBwfm1vYmlsZWNzcC0yMDE3chsLEg5RdWVzdGlvbkVudGl0eRiAgICAw-_MCQyiARJuc190ZWFjaF9tb2JpbGVjc3A"},
    {"key.name": "None", "data": "{\"defaultFeedback\": \"Thank you. We will review these to improve the course.\", \"rows\": 3, \"description\": \"6.2 Exit Slip\", \"hint\": \"\", \"graders\": [{\"matcher\": \"regex\", \"score\": \"1.0\", \"response\": \"/.*/i\", \"feedback\": \"Thank you. We will review these to improve the course.\"}], \"question\": \"What questions do you still have about the lesson or the content presented?\", \"version\": \"1.5\", \"type\": 1, \"columns\": 100}", "key.id": 5420005726355456, "key": "ahBwfm1vYmlsZWNzcC0yMDE3chsLEg5RdWVzdGlvbkVudGl0eRiAgIDg9q7QCQyiARJuc190ZWFjaF9tb2JpbGVjc3A"},
    {"key.name": "None", "data": "{\"defaultFeedback\": \"Thank you. We will review these to improve the course.\\n\", \"rows\": 3, \"description\": \"5.9 Exit Slip\", \"hint\": \"\", \"graders\": [{\"matcher\": \"regex\", \"score\": \"1.0\", \"response\": \"/.*/i\", \"feedback\": \"Thank you. We will review these to improve the course.\\n\"}], \"question\": \"What questions do you still have about the lesson or the content presented?\\n\", \"version\": \"1.5\", \"type\": 1, \"columns\": 100}", "key.id": 5444438318907392, "key": "ahBwfm1vYmlsZWNzcC0yMDE3chsLEg5RdWVzdGlvbkVudGl0eRiAgICggfbVCQyiARJuc190ZWFjaF9tb2JpbGVjc3A"},
    {"key.name": "None", "data": "{\"description\": \"2.5 Confidence\", \"multiple_selections\": false, \"question\": \"I am confident I can teach this lesson to my students.\", \"choices\": [{\"text\": \"Strongly Agree\", \"score\": 1.0, \"feedback\": \"\"}, {\"text\": \"Agree\", \"score\": 1.0, \"feedback\": \"\"}, {\"text\": \"Neutral\", \"score\": 1.0, \"feedback\": \"\"}, {\"text\": \"Disagree\", \"score\": 1.0, \"feedback\": \"\"}, {\"text\": \"Strongly Disagree\", \"score\": 1.0, \"feedback\": \"\"}], \"version\": \"1.5\", \"type\": 0}", "key.id": 5496725183660032, "key": "ahBwfm1vYmlsZWNzcC0yMDE3chsLEg5RdWVzdGlvbkVudGl0eRiAgICA4efhCQyiARJuc190ZWFjaF9tb2JpbGVjc3A"},
    {"key.name": "None", "data": "{\"description\": \"7.7 Confidence\", \"multiple_selections\": false, \"question\": \"I am confident I can teach this lesson to my students.\", \"choices\": [{\"text\": \"Strongly Agree\", \"score\": 1.0, \"feedback\": \"\"}, {\"text\": \"Agree\", \"score\": 1.0, \"feedback\": \"\"}, {\"text\": \"Neutral\", \"score\": 1.0, \"feedback\": \"\"}, {\"text\": \"Disagree\", \"score\": 1.0, \"feedback\": \"\"}, {\"text\": \"Strongly Disagree\", \"score\": 1.0, \"feedback\": \"\"}], \"version\": \"1.5\", \"type\": 0}", "key.id": 5533316090429440, "key": "ahBwfm1vYmlsZWNzcC0yMDE3chsLEg5RdWVzdGlvbkVudGl0eRiAgIDg2JDqCQyiARJuc190ZWFjaF9tb2JpbGVjc3A"},
    {"key.name": "None", "data": "{\"defaultFeedback\": \"Thank you. We will review these to improve the course.\", \"rows\": 1, \"description\": \"5.4 Exit Slip\", \"hint\": \"\", \"graders\": [{\"matcher\": \"regex\", \"score\": \"1.0\", \"response\": \"/.*/i\", \"feedback\": \"Thank you. We will review these to improve the course.\"}], \"question\": \"What questions do you still have about the lesson or the content presented?\\n\\n\", \"version\": \"1.5\", \"type\": 1, \"columns\": 100}", "key.id": 5533573251596288, "key": "ahBwfm1vYmlsZWNzcC0yMDE3chsLEg5RdWVzdGlvbkVudGl0eRiAgIDglpjqCQyiARJuc190ZWFjaF9tb2JpbGVjc3A"},
    {"key.name": "None", "data": "{\"description\": \"Persistence (3.08) Confidence\", \"multiple_selections\": false, \"question\": \"I am confident I can teach this lesson to my students.\", \"choices\": [{\"text\": \"Strongly Agree\", \"score\": 1.0, \"feedback\": \"\"}, {\"text\": \"Agree\", \"score\": 1.0, \"feedback\": \"\"}, {\"text\": \"Neutral\", \"score\": 1.0, \"feedback\": \"\"}, {\"text\": \"Disagree\", \"score\": 1.0, \"feedback\": \"\"}, {\"text\": \"Strongly Disagree\", \"score\": 1.0, \"feedback\": \"\"}], \"version\": \"1.5\", \"last_modified\": 1467553693.31549, \"type\": 0}", "key.id": 5534884309237760, "key": "ahBwfm1vYmlsZWNzcC0yMDE3chsLEg5RdWVzdGlvbkVudGl0eRiAgIDpqr7qCQyiARJuc190ZWFjaF9tb2JpbGVjc3A"},
    {"key.name": "None", "data": "{\"defaultFeedback\": \"Thank you. We will review these to improve the course.\\n\", \"rows\": 3, \"description\": \"3.8 Exit Slip\", \"hint\": \"\", \"graders\": [{\"matcher\": \"regex\", \"score\": \"1.0\", \"response\": \"/.*/i\", \"feedback\": \"Thank you. We will review these to improve the course.\"}], \"question\": \"What questions do you still have about the lesson or the content presented?\\n\", \"version\": \"1.5\", \"type\": 1, \"columns\": 100}", "key.id": 5555295652675584, "key": "ahBwfm1vYmlsZWNzcC0yMDE3chsLEg5RdWVzdGlvbkVudGl0eRiAgICAsZDvCQyiARJuc190ZWFjaF9tb2JpbGVjc3A"},
    {"key.name": "None", "data": "{\"description\": \"6.6 Confidence\", \"multiple_selections\": false, \"question\": \"I am confident I can teach this lesson to my students.\", \"choices\": [{\"text\": \"Strongly Agree\", \"score\": 1.0, \"feedback\": \"\"}, {\"text\": \"Agree\", \"score\": 1.0, \"feedback\": \"\"}, {\"text\": \"Neutral\", \"score\": 1.0, \"feedback\": \"\"}, {\"text\": \"Disagree\", \"score\": 1.0, \"feedback\": \"\"}, {\"text\": \"Strongly Disagree\", \"score\": 1.0, \"feedback\": \"\"}], \"version\": \"1.5\", \"type\": 0}", "key.id": 5589487954427904, "key": "ahBwfm1vYmlsZWNzcC0yMDE3chsLEg5RdWVzdGlvbkVudGl0eRiAgICgwfP2CQyiARJuc190ZWFjaF9tb2JpbGVjc3A"},
    {"key.name": "None", "data": "{\"defaultFeedback\": \"Thank you. We will review these to improve the course.\", \"rows\": 3, \"description\": \"5.2 Exit Slip\", \"hint\": \"\", \"graders\": [{\"matcher\": \"regex\", \"score\": \"1.0\", \"response\": \"/.*/i\", \"feedback\": \"Thank you. We will review these to improve the course.\"}], \"question\": \"What questions do you still have about the lesson or the content presented?\", \"version\": \"1.5\", \"type\": 1, \"columns\": 100}", "key.id": 5591553296826368, "key": "ahBwfm1vYmlsZWNzcC0yMDE3chsLEg5RdWVzdGlvbkVudGl0eRiAgICgz6_3CQyiARJuc190ZWFjaF9tb2JpbGVjc3A"},
    {"key.name": "None", "data": "{\"defaultFeedback\": \"Thank you. We will review these to improve the course.\", \"rows\": 3, \"description\": \"2.10 Exit Slip\", \"hint\": \"\", \"graders\": [{\"matcher\": \"regex\", \"score\": \"1.0\", \"response\": \"/.*/i\", \"feedback\": \"Thank you. We will review these to improve the course.\"}], \"question\": \"What questions do you still have about the lesson or the content presented?\", \"version\": \"1.5\", \"type\": 1, \"columns\": 100}", "key.id": 5598048562446336, "key": "ahBwfm1vYmlsZWNzcC0yMDE3chsLEg5RdWVzdGlvbkVudGl0eRiAgICA1Oz4CQyiARJuc190ZWFjaF9tb2JpbGVjc3A"},
    {"key.name": "None", "data": "{\"defaultFeedback\": \"Thank you. We will review these to improve the course.\", \"rows\": 3, \"description\": \"7.7 Exit Slip\", \"hint\": \"\", \"graders\": [{\"matcher\": \"regex\", \"score\": \"1.0\", \"response\": \"/.*/i\", \"feedback\": \"Thank you. We will review these to improve the course.\"}], \"question\": \"What questions do you still have about the lesson or the content presented?\", \"version\": \"1.5\", \"type\": 1, \"columns\": 100}", "key.id": 5599082374496256, "key": "ahBwfm1vYmlsZWNzcC0yMDE3chsLEg5RdWVzdGlvbkVudGl0eRiAgICg34r5CQyiARJuc190ZWFjaF9tb2JpbGVjc3A"},
    {"key.name": "None", "data": "{\"description\": \"CP1 - Ease of use\", \"multiple_selections\": false, \"question\": \"Ease of use\", \"choices\": [{\"text\": \"3 - Use is intuitive and/or explained clearly\", \"score\": 3.0, \"feedback\": \"\"}, {\"text\": \"2 - Use of app is fairly clear but with no minor problems\", \"score\": 2.0, \"feedback\": \"\"}, {\"text\": \"1 - Not clear how to use app\", \"score\": 1.0, \"feedback\": \"\"}, {\"text\": \"0 - Did not complete\", \"score\": 0.0, \"feedback\": \"\"}], \"version\": \"1.5\", \"type\": 0}", "key.id": 5639274879778816, "key": "ahBwfm1vYmlsZWNzcC0yMDE3chsLEg5RdWVzdGlvbkVudGl0eRiAgICAwJyCCgyiARJuc190ZWFjaF9tb2JpbGVjc3A"},
    {"key.name": "None", "data": "{\"defaultFeedback\": \"\", \"rows\": 2, \"description\": \"CP1 - Directions\", \"hint\": \"\", \"graders\": [{\"matcher\": \"regex\", \"score\": \"100\", \"response\": \"/.*/i\", \"feedback\": \"\"}], \"question\": \"\u003Ch2\u003EThe Assignment\u003C/h2\u003E\\n\u003Cp\u003EWork with a partner to create a socially useful interactive game and/or tool, that uses graphics, drawing, animation, and/or simulation. As you develop your project keep track of significant errors and bugs that you encountered and how you solved or debugged them.\u003C/p\u003E\\n\\n\u003Ch2\u003ERequirements\u003C/h2\u003E\\n\u003Col\u003E\\n  \u003Cli\u003EWith your partner, brainstorm a project idea, develop drawing(s) of the User Interface and a rough storyboard of how your app will function. You can use this \u003Ca href=\\\"https://docs.google.com/document/d/1ESrDBJECGT0eS6tLLkP6uy6xuLVDE8cfJLC6NhhXMyA/edit?usp=sharing\\\" target=\\\"_blank\\\"\u003Etemplate\u003C/a\u003E. Your app should be as complex as Mole Mash.\u003C/li\u003E\\n  \u003Cli\u003EMeet with your instructor to discuss the feasibility of the app and if necessary make any changes in your plan.\u003C/li\u003E\\n  \u003Cli\u003EPresent a short (2-3 minute) elevator pitch of your project idea to the class.  The pitch could follow this template:\u003Cbr\u003E\u003Ci\u003E[name of app] is a [kind of thing it is] for [the people who would use it] that, unlike [similar apps] is able to [the major distinguishing feature of your app]. \u003C/i\u003E\u003C/li\u003E\\n  \u003Cli\u003EWork collaboratively to develop, test, and debug your app, making sure that it meets the following coding specifications.\\n     \u003Col type=\\\"a\\\"\u003E\\n       \u003Cli\u003E\u003Cb\u003EDocumentation of Code:\u003C/b\u003E For this assignment, a well documented app means having well named components, variables, and procedures. No additional comments are required.\u003C/li\u003E\\n       \u003Cli\u003E\u003Cb\u003EData:\u003C/b\u003E For this assignment, your app should make appropriate use of variables.\u003C/li\u003E\\n       \u003Cli\u003E\u003Cb\u003EAlgorithms:\u003C/b\u003E For this assignment, your app should make appropriate use of sequence and selection control structures.\u003C/li\u003E\\n       \u003Cli\u003E\u003Cb\u003EAbstraction:\u003C/b\u003E For this assignment, your app should make appropriate use of one or more programmer defined procedures to handle certain subtasks.\u003C/li\u003E\\n       \u003Cli\u003E\u003Cb\u003EFeature Specifications:\u003C/b\u003E For this assignment your app should make appropriate use of graphics, drawing, animation, and/or simulation.\u003C/li\u003E\\n     \u003C/ol\u003E\\n  \u003C/li\u003E\\n  \u003Cli\u003ECreate a portfolio write up of your project.\u003C/li\u003E\\n  \u003Cli\u003EGive a 5-10 minute oral presentation by walking the class through your portfolio write up and providing a live demo of your working app.\u003C/li\u003E\\n\u003C/ol\u003E\\n\\n\\n\u003Ch2\u003EGrading\u003C/h2\u003E\\n\u003Cp\u003EYour project will be graded based on your portfolio write up. A helpful checklist with explanations for what \\nto include in your write up is included in the \u003Ca href=\\\"https://docs.google.com/document/d/15H4awBUZ0GHNcG3zVaqHZ7grJHimhUEm7dPWfTmfWl0/edit?usp=sharing\\\" target=\\\"_blank\\\"\u003EHow To: Create a Portfolio Write Up\u003C/a\u003E\\n document. Your write up will be graded using this \u003Ca href=\\\"https://docs.google.com/document/d/1N0JEoeeygDq7zmheZrqzBDt3vUM7nlBH0nWSUMMv2pg/edit?usp=sharing\\\" target=\\\"_blank\\\"\u003EApp Assessment Rubric\u003C/a\u003E.\u003C/p\u003E\\n\\n\u003Ctable width=\\\"100%\\\"\u003E\\n  \u003Ctbody\u003E\u003Ctr\u003E\\n    \u003Cth style=\\\"width:25%\\\"\u003EApp Design Criterion\u003C/th\u003E\\n    \u003Cth\u003EHow to Score a 3 for Each Criterion\u003C/th\u003E\\n  \u003C/tr\u003E\\n\\n  \u003Ctr\u003E\\n    \u003Ctd\u003EDoes It Work?\u003C/td\u003E\\n    \u003Ctd\u003EThe app works exactly as intended, without crashing, and contains no detectable errors or bugs. \u003C/td\u003E\\n  \u003C/tr\u003E\\n\\n  \u003Ctr\u003E\\n    \u003Ctd\u003EEase of Use?\u003C/td\u003E\\n    \u003Ctd\u003EThe app is easy to use, by a novice user, in an obvious way and/or there are instructions on how to use it properly.\u003C/td\u003E\\n  \u003C/tr\u003E\\n\\n  \u003Ctr\u003E\\n    \u003Ctd\u003EUser Interface?\u003C/td\u003E\\n    \u003Ctd\u003EThe app\\u2019s user interface is attractive and provides an effective way to use the app for its intended purpose.\u003C/td\u003E\\n  \u003C/tr\u003E\\n\\n  \u003Ctr\u003E\\n    \u003Ctd\u003EDocumentation of Code?\u003C/td\u003E\\n    \u003Ctd\u003EThe source code (the blocks and components) is descriptively named and easy to read (i.e. self-documenting). The source code contains informative comments where required.\u003C/td\u003E\\n  \u003C/tr\u003E\\n\\n  \u003Ctr\u003E\\n    \u003Ctd\u003EData?\u003C/td\u003E\\n    \u003Ctd\u003EThe app makes appropriate and effective use of data for the problem it solves. The app meets the specific data requirements that are included in this assignment.\u003C/td\u003E\\n  \u003C/tr\u003E\\n\\n  \u003Ctr\u003E\\n    \u003Ctd\u003EAbstraction?\u003C/td\u003E\\n    \u003Ctd\u003EThe app makes appropriate and effective use of procedural abstraction and/or data abstraction for the problem it solves. The app meets the specific abstraction requirements that are included in this assignment.\u003C/td\u003E\\n  \u003C/tr\u003E\\n\\n  \u003Ctr\u003E\\n    \u003Ctd\u003EAlgorithms?\u003C/td\u003E\\n    \u003Ctd\u003EThe app makes appropriate and effective use of algorithms for the problem it solves. The app meets the specific algorithm requirements that are included in this assignment.\u003C/td\u003E\\n  \u003C/tr\u003E\\n\\n  \u003Ctr\u003E\\n    \u003Ctd\u003ESpecifications?\u003C/td\u003E\\n    \u003Ctd\u003EThe app meets all specifications listed for this assignment.\u003C/td\u003E\\n  \u003C/tr\u003E\\n\u003C/tbody\u003E\u003C/table\u003E\\n\\n\\n\u003Ctable  width=\\\"100%\\\"\u003E\\n  \u003Ctbody\u003E\u003Ctr\u003E\\n    \u003Cth style=\\\"width: 25%\\\"\u003EWrite Up Criterion\u003C/th\u003E\\n    \u003Cth\u003EHow to Score a 3 for Each Criterion\u003C/th\u003E\\n  \u003C/tr\u003E\\n\\n  \u003Ctr\u003E\\n    \u003Ctd\u003EOrganization?\u003C/td\u003E\\n    \u003Ctd\u003EThe write up is well organized in a way that is easy to follow.\u003C/td\u003E\\n  \u003C/tr\u003E\\n\\n  \u003Ctr\u003E\\n    \u003Ctd\u003EClarity?\u003C/td\u003E\\n    \u003Ctd\u003EThe write up is clearly written and easy to follow/read for content.\u003C/td\u003E\\n  \u003C/tr\u003E\\n\\n  \u003Ctr\u003E\\n    \u003Ctd\u003EGrammar and Spelling?\u003C/td\u003E\\n    \u003Ctd\u003EThe write up contains few or no grammatical and spelling errors.\u003C/td\u003E\\n  \u003C/tr\u003E\\n\u003C/tbody\u003E\u003C/table\u003E\\n\\n\u003Ch2\u003ESubmitting\u003C/h2\u003E\\n\u003Cp\u003ESubmit the URL of your portfolio write-up, which should include a link to your project.\u003C/p\u003E\\n\u003Cp\u003E(Example: http://www.mysite.com/project1writeup.html)\u003C/p\u003E\", \"version\": \"1.5\", \"type\": 1, \"columns\": 140}", "key.id": 5649050225344512, "key": "ahBwfm1vYmlsZWNzcC0yMDE3chsLEg5RdWVzdGlvbkVudGl0eRiAgICAgLmECgyiARJuc190ZWFjaF9tb2JpbGVjc3A"},
    {"key.name": "None", "data": "{\"defaultFeedback\": \"\", \"rows\": 1, \"description\": \"4.10 Exit Slip\", \"hint\": \"\", \"graders\": [{\"matcher\": \"regex\", \"score\": \"1.0\", \"response\": \"/.*/i\", \"feedback\": \"Thank you!\"}], \"question\": \"What questions do you still have about the lesson or the content presented?\", \"version\": \"1.5\", \"last_modified\": 1502585889.93186, \"type\": 1, \"columns\": 100}", "key.id": 5657951891095552, "key": "ahBwfm1vYmlsZWNzcC0yMDE3chsLEg5RdWVzdGlvbkVudGl0eRiAgIClibyGCgyiARJuc190ZWFjaF9tb2JpbGVjc3A"},
    {"key.name": "None", "data": "{\"defaultFeedback\": \"\", \"rows\": 3, \"description\": \"Teacher lesson assessment feedback\", \"hint\": \"\", \"graders\": [{\"matcher\": \"case_insensitive\", \"score\": \"0\", \"response\": \"No comment.\", \"feedback\": \"\"}], \"question\": \"Please elaborate on your assessment of this lesson, particularly if you thought there were major or minor issues.\", \"version\": \"1.5\", \"last_modified\": 1455311506.9633999, \"type\": 1, \"columns\": 100}", "key.id": 5660398564933632, "key": "ahBwfm1vYmlsZWNzcC0yMDE3chsLEg5RdWVzdGlvbkVudGl0eRiAgIDuo4OHCgyiARJuc190ZWFjaF9tb2JpbGVjc3A"},
    {"key.name": "None", "data": "{\"defaultFeedback\": \"Thank you. We will review these to improve the course.\", \"rows\": 3, \"description\": \"6.5 Exit Slip\", \"hint\": \"\", \"graders\": [{\"matcher\": \"regex\", \"score\": \"1.0\", \"response\": \"/.*/i\", \"feedback\": \"Thank you. We will review these to improve the course.\"}], \"question\": \"What questions do you still have about the lesson or the content presented?\", \"version\": \"1.5\", \"type\": 1, \"columns\": 100}", "key.id": 5662758485884928, "key": "ahBwfm1vYmlsZWNzcC0yMDE3chsLEg5RdWVzdGlvbkVudGl0eRiAgICg-8eHCgyiARJuc190ZWFjaF9tb2JpbGVjc3A"},
    {"key.name": "None", "data": "{\"description\": \"Lesson Successful Likert\", \"multiple_selections\": false, \"question\": \"In terms of my ability to teach this lesson and the students' apparent engagement and level of comprehension, I feel that this lesson was:\\n\", \"choices\": [{\"text\": \"Very successful\", \"score\": 1.0, \"feedback\": \"\"}, {\"text\": \"Successful\", \"score\": 1.0, \"feedback\": \"\"}, {\"text\": \"Ok\", \"score\": 1.0, \"feedback\": \"\"}, {\"text\": \"Problematic \", \"score\": 1.0, \"feedback\": \"\"}, {\"text\": \"Very problematic\", \"score\": 1.0, \"feedback\": \"\"}], \"version\": \"1.5\", \"type\": 0}", "key.id": 5669044724170752, "key": "ahBwfm1vYmlsZWNzcC0yMDE3chsLEg5RdWVzdGlvbkVudGl0eRiAgICo9f6ICgyiARJuc190ZWFjaF9tb2JpbGVjc3A"},
    {"key.name": "None", "data": "{\"description\": \"Teacher assessment of the lesson\", \"multiple_selections\": false, \"question\": \"How well did this lesson work at reinforcing the specific enduring understandings and strengthening the computational thinking practices that it targeted? \", \"choices\": [{\"text\": \"Very well\", \"score\": 1.0, \"feedback\": \"\"}, {\"text\": \"Well\", \"score\": 1.0, \"feedback\": \"\"}, {\"text\": \"Minor issues\", \"score\": 1.0, \"feedback\": \"\"}, {\"text\": \"Major issues\", \"score\": 1.0, \"feedback\": \"\"}], \"version\": \"1.5\", \"last_modified\": 1455310407.9595799, \"type\": 0}", "key.id": 5685568012812288, "key": "ahBwfm1vYmlsZWNzcC0yMDE3chsLEg5RdWVzdGlvbkVudGl0eRiAgICu59-MCgyiARJuc190ZWFjaF9tb2JpbGVjc3A"},
    {"key.name": "None", "data": "{\"description\": \"4.2 Confidence\", \"multiple_selections\": false, \"question\": \"I am confident I can teach this lesson to my students.\", \"choices\": [{\"text\": \"Strongly Agree\", \"score\": 1.0, \"feedback\": \"\"}, {\"text\": \"Agree\", \"score\": 1.0, \"feedback\": \"\"}, {\"text\": \"Neutral\", \"score\": 1.0, \"feedback\": \"\"}, {\"text\": \"Disagree\", \"score\": 1.0, \"feedback\": \"\"}, {\"text\": \"Strongly Disagree\", \"score\": 1.0, \"feedback\": \"\"}], \"version\": \"1.5\", \"type\": 0}", "key.id": 5692839161757696, "key": "ahBwfm1vYmlsZWNzcC0yMDE3chsLEg5RdWVzdGlvbkVudGl0eRiAgIDAtrOOCgyiARJuc190ZWFjaF9tb2JpbGVjc3A"},
    {"key.name": "None", "data": "{\"description\": \"4.10 Confidence\", \"multiple_selections\": false, \"question\": \"I am confident I can teach this lesson to my students.\", \"choices\": [{\"text\": \"Strongly Agree\", \"score\": 1.0, \"feedback\": \"\"}, {\"text\": \"Agree\", \"score\": 1.0, \"feedback\": \"\"}, {\"text\": \"Neutral\", \"score\": 1.0, \"feedback\": \"\"}, {\"text\": \"Disagree\", \"score\": 1.0, \"feedback\": \"\"}, {\"text\": \"Strongly Disagree\", \"score\": 1.0, \"feedback\": \"\"}], \"version\": \"1.5\", \"last_modified\": 1468078540.65151, \"type\": 0}", "key.id": 5693857817690112, "key": "ahBwfm1vYmlsZWNzcC0yMDE3chsLEg5RdWVzdGlvbkVudGl0eRiAgIClidGOCgyiARJuc190ZWFjaF9tb2JpbGVjc3A"},
    {"key.name": "None", "data": "{\"defaultFeedback\": \"Thank you. We will review these to improve the course content.\", \"rows\": 3, \"description\": \"2.3 Exit Slip\", \"hint\": \"\", \"graders\": [{\"matcher\": \"regex\", \"score\": \"1.0\", \"response\": \"/.*/i\", \"feedback\": \"Thank you. We will review these to improve the course content.\"}], \"question\": \"What questions do you still have about the lesson or the content presented?\", \"version\": \"1.5\", \"type\": 1, \"columns\": 100}", "key.id": 5694943024644096, "key": "ahBwfm1vYmlsZWNzcC0yMDE3chsLEg5RdWVzdGlvbkVudGl0eRiAgICA1PCOCgyiARJuc190ZWFjaF9tb2JpbGVjc3A"},
    {"key.name": "None", "data": "{\"description\": \"4.7 Confidence\", \"multiple_selections\": false, \"question\": \"I am confident I can teach this lesson to my students.\", \"choices\": [{\"text\": \"Strongly Agree\", \"score\": 1.0, \"feedback\": \"\"}, {\"text\": \"Agree\", \"score\": 1.0, \"feedback\": \"\"}, {\"text\": \"Neutral\", \"score\": 1.0, \"feedback\": \"\"}, {\"text\": \"Disagree\", \"score\": 1.0, \"feedback\": \"\"}, {\"text\": \"Strongly Disagree\", \"score\": 1.0, \"feedback\": \"\"}], \"version\": \"1.5\", \"type\": 0}", "key.id": 5697189158322176, "key": "ahBwfm1vYmlsZWNzcC0yMDE3chsLEg5RdWVzdGlvbkVudGl0eRiAgIDAg7KPCgyiARJuc190ZWFjaF9tb2JpbGVjc3A"},
    {"key.name": "None", "data": "{\"description\": \"4.5 Confidence\", \"multiple_selections\": false, \"question\": \"I am confident I can teach this lesson to my students.\", \"choices\": [{\"text\": \"Strongly Agree\", \"score\": 1.0, \"feedback\": \"\"}, {\"text\": \"Agree\", \"score\": 1.0, \"feedback\": \"\"}, {\"text\": \"Neutral\", \"score\": 1.0, \"feedback\": \"\"}, {\"text\": \"Disagree\", \"score\": 1.0, \"feedback\": \"\"}, {\"text\": \"Strongly Disagree\", \"score\": 1.0, \"feedback\": \"\"}], \"version\": \"1.5\", \"type\": 0}", "key.id": 5698708704329728, "key": "ahBwfm1vYmlsZWNzcC0yMDE3chsLEg5RdWVzdGlvbkVudGl0eRiAgICgoN6PCgyiARJuc190ZWFjaF9tb2JpbGVjc3A"},
    {"key.name": "None", "data": "{\"defaultFeedback\": \"\", \"description\": \"ExitSlipAfterLesson1\", \"multiple_selections\": false, \"question\": \"\\u003Cspan style=\\\"color: rgb(34, 34, 34); font-family: arial, sans-serif; font-size: 12.8px;\\\"\\u003EI was successful teaching this lesson.\\u003C/span\\u003E\", \"choices\": [{\"text\": \"Strongly Agree\", \"score\": 1.0, \"feedback\": \"\"}, {\"text\": \"Agree\", \"score\": 1.0, \"feedback\": \"\"}, {\"text\": \"Neutral\", \"score\": 1.0, \"feedback\": \"\"}, {\"text\": \"Disagree\", \"score\": 1.0, \"feedback\": \"\"}, {\"text\": \"Strongly Disagree\", \"score\": 1.0, \"feedback\": \"\"}], \"version\": \"1.5\", \"last_modified\": 1496170248.4086499, \"type\": 0, \"all_or_nothing_grading\": false, \"permute_choices\": false, \"show_answer_when_incorrect\": false}", "key.id": 5715921523965952, "key": "ahBwfm1vYmlsZWNzcC0yMDE3chsLEg5RdWVzdGlvbkVudGl0eRiAgICAm9OTCgyiARJuc190ZWFjaF9tb2JpbGVjc3A"},
    {"key.name": "None", "data": "{\"description\": \"CP1 - User Interface\", \"multiple_selections\": false, \"question\": \"User Interface\", \"choices\": [{\"text\": \"3 - Interface is appropriate and effective/attractive\", \"score\": 3.0, \"feedback\": \"\"}, {\"text\": \"2 - Interface is appropriate but has minor problems\", \"score\": 2.0, \"feedback\": \"\"}, {\"text\": \"1 - Interface is inappropriate for this app\", \"score\": 1.0, \"feedback\": \"\"}, {\"text\": \"0 - Did not complete\", \"score\": 0.0, \"feedback\": \"\"}], \"version\": \"1.5\", \"type\": 0}", "key.id": 5717271485874176, "key": "ahBwfm1vYmlsZWNzcC0yMDE3chsLEg5RdWVzdGlvbkVudGl0eRiAgICAwPqTCgyiARJuc190ZWFjaF9tb2JpbGVjc3A"},
    {"key.name": "None", "data": "{\"defaultFeedback\": \"Thank you. We will review these to improve the course.\", \"rows\": 3, \"description\": \"CP2 - Exit Slip\", \"hint\": \"\", \"graders\": [{\"matcher\": \"regex\", \"score\": \"1.0\", \"response\": \"/.*/i\", \"feedback\": \"Thank you. We will review these to improve the course.\"}], \"question\": \"What questions do you still have about the lesson or the content presented?\", \"version\": \"1.5\", \"type\": 1, \"columns\": 100}", "key.id": 5718753484472320, "key": "ahBwfm1vYmlsZWNzcC0yMDE3chsLEg5RdWVzdGlvbkVudGl0eRiAgIDw0KWUCgyiARJuc190ZWFjaF9tb2JpbGVjc3A"},
    {"key.name": "None", "data": "{\"defaultFeedback\": \"Thank you. We will review these to improve the course.\\n\", \"rows\": 3, \"description\": \"3.11 Exit Slip\", \"hint\": \"\", \"graders\": [{\"matcher\": \"regex\", \"score\": \"1.0\", \"response\": \"/.*/i\", \"feedback\": \"Thank you. We will review these to improve the course.\"}], \"question\": \"What questions do you still have about the lesson or the content presented?\\n\", \"version\": \"1.5\", \"type\": 1, \"columns\": 100}", "key.id": 5724049078484992, "key": "ahBwfm1vYmlsZWNzcC0yMDE3chsLEg5RdWVzdGlvbkVudGl0eRiAgIDA4L-VCgyiARJuc190ZWFjaF9tb2JpbGVjc3A"},
    {"key.name": "None", "data": "{\"description\": \"5.8 Confidence\", \"multiple_selections\": false, \"question\": \"I am confident I can teach this lesson to my students.\", \"choices\": [{\"text\": \"Strongly Agree\", \"score\": 1.0, \"feedback\": \"\"}, {\"text\": \"Agree\", \"score\": 1.0, \"feedback\": \"\"}, {\"text\": \"Neutral\", \"score\": 1.0, \"feedback\": \"\"}, {\"text\": \"Disagree\", \"score\": 1.0, \"feedback\": \"\"}, {\"text\": \"Strongly Disagree\", \"score\": 1.0, \"feedback\": \"\"}], \"version\": \"1.5\", \"type\": 0}", "key.id": 5729311554273280, "key": "ahBwfm1vYmlsZWNzcC0yMDE3chsLEg5RdWVzdGlvbkVudGl0eRiAgIDg9NiWCgyiARJuc190ZWFjaF9tb2JpbGVjc3A"},
    {"key.name": "None", "data": "{\"description\": \"6.3 Confidence\", \"multiple_selections\": false, \"question\": \"I am confident I can teach this lesson to my students.\", \"choices\": [{\"text\": \"Strongly Agree\", \"score\": 1.0, \"feedback\": \"\"}, {\"text\": \"Agree\", \"score\": 1.0, \"feedback\": \"\"}, {\"text\": \"Neutral\", \"score\": 1.0, \"feedback\": \"\"}, {\"text\": \"Disagree\", \"score\": 1.0, \"feedback\": \"\"}, {\"text\": \"Strongly Disagree\", \"score\": 1.0, \"feedback\": \"\"}], \"version\": \"1.5\", \"type\": 0}", "key.id": 5737964436979712, "key": "ahBwfm1vYmlsZWNzcC0yMDE3chsLEg5RdWVzdGlvbkVudGl0eRiAgICg39SYCgyiARJuc190ZWFjaF9tb2JpbGVjc3A"},
    {"key.name": "None", "data": "{\"defaultFeedback\": \"Thank you. We will review these to improve the course.\", \"rows\": 3, \"description\": \"6.7 Exit Slip\", \"hint\": \"\", \"graders\": [{\"matcher\": \"regex\", \"score\": \"1.0\", \"response\": \"/.*/i\", \"feedback\": \"Thank you. We will review these to improve the course.\"}], \"question\": \"What questions do you still have about the lesson or the content presented?\", \"version\": \"1.5\", \"type\": 1, \"columns\": 100}", "key.id": 5745977772212224, "key": "ahBwfm1vYmlsZWNzcC0yMDE3chsLEg5RdWVzdGlvbkVudGl0eRiAgICg-72aCgyiARJuc190ZWFjaF9tb2JpbGVjc3A"},
    {"key.name": "None", "data": "{\"defaultFeedback\": \"\", \"rows\": 3, \"description\": \"CP1 - app strengths\", \"hint\": \"\", \"graders\": [{\"matcher\": \"regex\", \"score\": \"1.0\", \"response\": \"/.*/i\", \"feedback\": \"\"}], \"question\": \"What are the apps strong points?\", \"version\": \"1.5\", \"type\": 1, \"columns\": 100}", "key.id": 5750085036015616, "key": "ahBwfm1vYmlsZWNzcC0yMDE3chsLEg5RdWVzdGlvbkVudGl0eRiAgICAwLWbCgyiARJuc190ZWFjaF9tb2JpbGVjc3A"},
    {"key.name": "None", "data": "{\"description\": \"CP1 - Does it work\", \"multiple_selections\": false, \"question\": \"Does it work?\", \"choices\": [{\"text\": \"3 - Works exactly as intended\", \"score\": 3.0, \"feedback\": \"\"}, {\"text\": \"2 - Works as intended, but with some small bugs\", \"score\": 2.0, \"feedback\": \"\"}, {\"text\": \"1 - Doesn't accomplish intended tasks\", \"score\": 1.0, \"feedback\": \"\"}, {\"text\": \"0 - Did not complete\", \"score\": 0.0, \"feedback\": \"\"}], \"version\": \"1.5\", \"type\": 0}", "key.id": 5757334940811264, "key": "ahBwfm1vYmlsZWNzcC0yMDE3chsLEg5RdWVzdGlvbkVudGl0eRiAgICAwIidCgyiARJuc190ZWFjaF9tb2JpbGVjc3A"},
    {"key.name": "None", "data": "{\"description\": \"5.6 Confidence\", \"multiple_selections\": false, \"question\": \"I am confident I can teach this lesson to my students.\", \"choices\": [{\"text\": \"Strongly Agree\", \"score\": 1.0, \"feedback\": \"\"}, {\"text\": \"Agree\", \"score\": 1.0, \"feedback\": \"\"}, {\"text\": \"Neutral\", \"score\": 1.0, \"feedback\": \"\"}, {\"text\": \"Disagree\", \"score\": 1.0, \"feedback\": \"\"}, {\"text\": \"Strongly Disagree\", \"score\": 1.0, \"feedback\": \"\"}], \"version\": \"1.5\", \"type\": 0}", "key.id": 5768712778940416, "key": "ahBwfm1vYmlsZWNzcC0yMDE3chsLEg5RdWVzdGlvbkVudGl0eRiAgIDg0dOfCgyiARJuc190ZWFjaF9tb2JpbGVjc3A"},
    {"key.name": "None", "data": "{\"description\": \"7.8 Confidence\", \"multiple_selections\": false, \"question\": \"I am confident I can teach this lesson to my students.\", \"choices\": [{\"text\": \"Strongly Agree\", \"score\": 1.0, \"feedback\": \"\"}, {\"text\": \"Agree\", \"score\": 1.0, \"feedback\": \"\"}, {\"text\": \"Neutral\", \"score\": 1.0, \"feedback\": \"\"}, {\"text\": \"Disagree\", \"score\": 1.0, \"feedback\": \"\"}, {\"text\": \"Strongly Disagree\", \"score\": 1.0, \"feedback\": \"\"}], \"version\": \"1.5\", \"type\": 0}", "key.id": 5786713926402048, "key": "ahBwfm1vYmlsZWNzcC0yMDE3chsLEg5RdWVzdGlvbkVudGl0eRiAgICgxd-jCgyiARJuc190ZWFjaF9tb2JpbGVjc3A"},
    {"key.name": "None", "data": "{\"description\": \"3.3 Confidence\", \"multiple_selections\": false, \"question\": \"I am confident I can teach this lesson to my students.\", \"choices\": [{\"text\": \"Strongly Agree\", \"score\": 1.0, \"feedback\": \"\"}, {\"text\": \"Agree\", \"score\": 1.0, \"feedback\": \"\"}, {\"text\": \"Neutral\", \"score\": 1.0, \"feedback\": \"\"}, {\"text\": \"Disagree\", \"score\": 1.0, \"feedback\": \"\"}, {\"text\": \"Strongly Disagree\", \"score\": 1.0, \"feedback\": \"\"}], \"version\": \"1.5\", \"type\": 0}", "key.id": 5802273720500224, "key": "ahBwfm1vYmlsZWNzcC0yMDE3chsLEg5RdWVzdGlvbkVudGl0eRiAgICAsqSnCgyiARJuc190ZWFjaF9tb2JpbGVjc3A"},
    {"key.name": "None", "data": "{\"defaultFeedback\": \"Thank you. We will review these to improve the course content.\", \"rows\": 3, \"description\": \"2.8 Exit Slip\", \"hint\": \"\", \"graders\": [{\"matcher\": \"regex\", \"score\": \"1.0\", \"response\": \"/.*/i\", \"feedback\": \"Thank you. We will review these to improve the course content.\"}], \"question\": \"What questions do you still have about the lesson or content presented?\", \"version\": \"1.5\", \"type\": 1, \"columns\": 100}", "key.id": 5824409981943808, "key": "ahBwfm1vYmlsZWNzcC0yMDE3chsLEg5RdWVzdGlvbkVudGl0eRiAgICA0qisCgyiARJuc190ZWFjaF9tb2JpbGVjc3A"},
    {"key.name": "None", "data": "{\"defaultFeedback\": \"Thank you. We will review these to improve the course.\", \"rows\": 3, \"description\": \"7.6 Exit Slip\", \"hint\": \"\", \"graders\": [{\"matcher\": \"regex\", \"score\": \"1.0\", \"response\": \"/.*/i\", \"feedback\": \"Thank you. We will review these to improve the course.\"}], \"question\": \"What questions do you still have about the lesson or the content presented?\", \"version\": \"1.5\", \"type\": 1, \"columns\": 100}", "key.id": 5842218191421440, "key": "ahBwfm1vYmlsZWNzcC0yMDE3chsLEg5RdWVzdGlvbkVudGl0eRiAgIDg9q6wCgyiARJuc190ZWFjaF9tb2JpbGVjc3A"},
    {"key.name": "None", "data": "{\"defaultFeedback\": \"Thank you. We will review these to improve the course.\", \"rows\": 1, \"description\": \"4.9 Exit Slip\", \"hint\": \"\", \"graders\": [{\"matcher\": \"regex\", \"score\": \"1.0\", \"response\": \"/.*/i\", \"feedback\": \"Thank you. We will review these to improve the course.\"}], \"question\": \"What questions do you still have about the lesson or the content presented?\", \"version\": \"1.5\", \"type\": 1, \"columns\": 100}", "key.id": 5911916585156608, "key": "ahBwfm1vYmlsZWNzcC0yMDE3chsLEg5RdWVzdGlvbkVudGl0eRiAgIDAtZvACgyiARJuc190ZWFjaF9tb2JpbGVjc3A"},
    {"key.name": "None", "data": "{\"description\": \"6.12 Confidence\", \"multiple_selections\": false, \"question\": \"I am confident I can teach this lesson to my students.\", \"choices\": [{\"text\": \"Strongly Agree\", \"score\": 1.0, \"feedback\": \"\"}, {\"text\": \"Agree\", \"score\": 1.0, \"feedback\": \"\"}, {\"text\": \"Neutral\", \"score\": 1.0, \"feedback\": \"\"}, {\"text\": \"Disagree\", \"score\": 1.0, \"feedback\": \"\"}, {\"text\": \"Strongly Disagree\", \"score\": 1.0, \"feedback\": \"\"}], \"version\": \"1.5\", \"type\": 0}", "key.id": 5952781521256448, "key": "ahBwfm1vYmlsZWNzcC0yMDE3chsLEg5RdWVzdGlvbkVudGl0eRiAgICg38DJCgyiARJuc190ZWFjaF9tb2JpbGVjc3A"},
    {"key.name": "None", "data": "{\"description\": \"3.10 Confidence\", \"multiple_selections\": false, \"question\": \"I am confident I can teach this lesson to my students.\", \"choices\": [{\"text\": \"Strongly Agree\", \"score\": 1.0, \"feedback\": \"\"}, {\"text\": \"Agree\", \"score\": 1.0, \"feedback\": \"\"}, {\"text\": \"Neutral\", \"score\": 1.0, \"feedback\": \"\"}, {\"text\": \"Disagree\", \"score\": 1.0, \"feedback\": \"\"}, {\"text\": \"Strongly Disagree\", \"score\": 1.0, \"feedback\": \"\"}], \"version\": \"1.5\", \"type\": 0}", "key.id": 5955141270241280, "key": "ahBwfm1vYmlsZWNzcC0yMDE3chsLEg5RdWVzdGlvbkVudGl0eRiAgICAtoXKCgyiARJuc190ZWFjaF9tb2JpbGVjc3A"},
    {"key.name": "None", "data": "{\"description\": \"2.9 Confidence\", \"multiple_selections\": false, \"question\": \"I am confident I can teach this lesson to my students.\", \"choices\": [{\"text\": \"Strongly Agree\", \"score\": 1.0, \"feedback\": \"\"}, {\"text\": \"Agree\", \"score\": 1.0, \"feedback\": \"\"}, {\"text\": \"Neutral\", \"score\": 1.0, \"feedback\": \"\"}, {\"text\": \"Disagree\", \"score\": 1.0, \"feedback\": \"\"}, {\"text\": \"Strongly Disagree\", \"score\": 1.0, \"feedback\": \"\"}], \"version\": \"1.5\", \"type\": 0}", "key.id": 5977117141499904, "key": "ahBwfm1vYmlsZWNzcC0yMDE3chsLEg5RdWVzdGlvbkVudGl0eRiAgIDAgIXPCgyiARJuc190ZWFjaF9tb2JpbGVjc3A"},
    {"key.name": "None", "data": "{\"description\": \"6.2 Confidence\", \"multiple_selections\": false, \"question\": \"I am confident I can teach this lesson to my students.\", \"choices\": [{\"text\": \"Strongly Agree\", \"score\": 1.0, \"feedback\": \"\"}, {\"text\": \"Agree\", \"score\": 1.0, \"feedback\": \"\"}, {\"text\": \"Neutral\", \"score\": 1.0, \"feedback\": \"\"}, {\"text\": \"Disagree\", \"score\": 1.0, \"feedback\": \"\"}, {\"text\": \"Strongly Disagree\", \"score\": 1.0, \"feedback\": \"\"}], \"version\": \"1.5\", \"type\": 0}", "key.id": 6003662790852608, "key": "ahBwfm1vYmlsZWNzcC0yMDE3chsLEg5RdWVzdGlvbkVudGl0eRiAgIDgyonVCgyiARJuc190ZWFjaF9tb2JpbGVjc3A"},
    {"key.name": "None", "data": "{\"defaultFeedback\": \"Thank you. We will review these to improve the course.\", \"rows\": 3, \"description\": \"4.2 Exit Slip\", \"hint\": \"\", \"graders\": [{\"matcher\": \"regex\", \"score\": \"1.0\", \"response\": \"/.*/i\", \"feedback\": \"Thank you. We will review these to improve the course.\"}], \"question\": \"What questions do you still have about the lesson or the content presented?\\n\\n\", \"version\": \"1.5\", \"type\": 1, \"columns\": 100}", "key.id": 6011114424893440, "key": "ahBwfm1vYmlsZWNzcC0yMDE3chsLEg5RdWVzdGlvbkVudGl0eRiAgICguuLWCgyiARJuc190ZWFjaF9tb2JpbGVjc3A"},
    {"key.name": "None", "data": "{\"defaultFeedback\": \"Thank you. We will review these to improve the course.\", \"rows\": 3, \"description\": \"6.8 Exit Slip\", \"hint\": \"\", \"graders\": [{\"matcher\": \"regex\", \"score\": \"1.0\", \"response\": \"/.*/i\", \"feedback\": \"Thank you. We will review these to improve the course.\"}], \"question\": \"What questions do you still have about the lesson or the content presented?\", \"version\": \"1.5\", \"type\": 1, \"columns\": 100}", "key.id": 6019439413690368, "key": "ahBwfm1vYmlsZWNzcC0yMDE3chsLEg5RdWVzdGlvbkVudGl0eRiAgICg39TYCgyiARJuc190ZWFjaF9tb2JpbGVjc3A"},
    {"key.name": "None", "data": "{\"defaultFeedback\": \"Thank you. We will review these to improve the course.\", \"rows\": 3, \"description\": \"EPT - Exit Slip\", \"hint\": \"\", \"graders\": [{\"matcher\": \"regex\", \"score\": \"1.0\", \"response\": \"/.*/i\", \"feedback\": \"Thank you. We will review these to improve the course.\"}], \"question\": \"What questions do you still have about the lesson or the content presented?\", \"version\": \"1.5\", \"type\": 1, \"columns\": 100}", "key.id": 6019632553000960, "key": "ahBwfm1vYmlsZWNzcC0yMDE3chsLEg5RdWVzdGlvbkVudGl0eRiAgIDgrtrYCgyiARJuc190ZWFjaF9tb2JpbGVjc3A"},
    {"key.name": "None", "data": "{\"description\": \"5.7 Confidence\", \"multiple_selections\": false, \"question\": \"I am confident I can teach this lesson to my students.\", \"choices\": [{\"text\": \"Strongly Agree\", \"score\": 1.0, \"feedback\": \"\"}, {\"text\": \"Agree\", \"score\": 1.0, \"feedback\": \"\"}, {\"text\": \"Neutral\", \"score\": 1.0, \"feedback\": \"\"}, {\"text\": \"Disagree\", \"score\": 1.0, \"feedback\": \"\"}, {\"text\": \"Strongly Disagree\", \"score\": 1.0, \"feedback\": \"\"}], \"version\": \"1.5\", \"type\": 0}", "key.id": 6021063448199168, "key": "ahBwfm1vYmlsZWNzcC0yMDE3chsLEg5RdWVzdGlvbkVudGl0eRiAgICggYTZCgyiARJuc190ZWFjaF9tb2JpbGVjc3A"},
    {"key.name": "None", "data": "{\"defaultFeedback\": \"Thank you. We will review these to improve the course.\\n\", \"rows\": 3, \"description\": \"3.10 Exit Slip\", \"hint\": \"\", \"graders\": [{\"matcher\": \"regex\", \"score\": \"1.0\", \"response\": \"/.*/i\", \"feedback\": \"Thank you. We will review these to improve the course.\"}], \"question\": \"What questions do you still have about the lesson or the content presented?\\n\", \"version\": \"1.5\", \"type\": 1, \"columns\": 100}", "key.id": 6041637885050880, "key": "ahBwfm1vYmlsZWNzcC0yMDE3chsLEg5RdWVzdGlvbkVudGl0eRiAgICA59rdCgyiARJuc190ZWFjaF9tb2JpbGVjc3A"},
    {"key.name": "None", "data": "{\"defaultFeedback\": \"Thank you. We will review these to improve the course.\", \"rows\": 3, \"description\": \"6.4 Exit Slip\", \"hint\": \"\", \"graders\": [{\"matcher\": \"regex\", \"score\": \"1.0\", \"response\": \"/.*/i\", \"feedback\": \"Thank you. We will review these to improve the course.\"}], \"question\": \"What questions do you still have about the lesson or the content presented?\", \"version\": \"1.5\", \"type\": 1, \"columns\": 100}", "key.id": 6058895801843712, "key": "ahBwfm1vYmlsZWNzcC0yMDE3chsLEg5RdWVzdGlvbkVudGl0eRiAgIDgidHhCgyiARJuc190ZWFjaF9tb2JpbGVjc3A"},
    {"key.name": "None", "data": "{\"defaultFeedback\": \"Thank you. We will review these to improve the course.\", \"rows\": 3, \"description\": \"CP1- Exit Slip\", \"hint\": \"\", \"graders\": [{\"matcher\": \"regex\", \"score\": \"1\", \"response\": \"/.*/i\", \"feedback\": \"Thank you. We will review these to improve the course.\"}], \"question\": \"What questions do you still have about the lesson or the content presented?\", \"version\": \"1.5\", \"type\": 1, \"columns\": 100}", "key.id": 6083785607086080, "key": "ahBwfm1vYmlsZWNzcC0yMDE3chsLEg5RdWVzdGlvbkVudGl0eRiAgIDAu6XnCgyiARJuc190ZWFjaF9tb2JpbGVjc3A"},
    {"key.name": "None", "data": "{\"description\": \"6.7 Confidence\", \"multiple_selections\": false, \"question\": \"I am confident I can teach this lesson to my students.\", \"choices\": [{\"text\": \"Strongly Agree\", \"score\": 1.0, \"feedback\": \"\"}, {\"text\": \"Agree\", \"score\": 1.0, \"feedback\": \"\"}, {\"text\": \"Neutral\", \"score\": 1.0, \"feedback\": \"\"}, {\"text\": \"Disagree\", \"score\": 1.0, \"feedback\": \"\"}, {\"text\": \"Strongly Disagree\", \"score\": 1.0, \"feedback\": \"\"}], \"version\": \"1.5\", \"type\": 0}", "key.id": 6096266043850752, "key": "ahBwfm1vYmlsZWNzcC0yMDE3chsLEg5RdWVzdGlvbkVudGl0eRiAgIDg2JDqCgyiARJuc190ZWFjaF9tb2JpbGVjc3A"},
    {"key.name": "None", "data": "{\"description\": \"5.9 Confidence\", \"multiple_selections\": false, \"question\": \"I am confident I can teach this lesson to my students.\", \"choices\": [{\"text\": \"Strongly Agree\", \"score\": 1.0, \"feedback\": \"\"}, {\"text\": \"Agree\", \"score\": 1.0, \"feedback\": \"\"}, {\"text\": \"Neutral\", \"score\": 1.0, \"feedback\": \"\"}, {\"text\": \"Disagree\", \"score\": 1.0, \"feedback\": \"\"}, {\"text\": \"Strongly Disagree\", \"score\": 1.0, \"feedback\": \"\"}], \"version\": \"1.5\", \"type\": 0}", "key.id": 6096523205017600, "key": "ahBwfm1vYmlsZWNzcC0yMDE3chsLEg5RdWVzdGlvbkVudGl0eRiAgIDglpjqCgyiARJuc190ZWFjaF9tb2JpbGVjc3A"},
    {"key.name": "None", "data": "{\"defaultFeedback\": \"Thank you. We will review these to improve the course.\\n\", \"rows\": 3, \"description\": \"3.9 Exit Slip\", \"hint\": \"\", \"graders\": [{\"matcher\": \"regex\", \"score\": \"1.0\", \"response\": \"/.*/i\", \"feedback\": \"Thank you. We will review these to improve the course.\"}], \"question\": \"What questions do you still have about the lesson or the content presented?\\n\", \"version\": \"1.5\", \"type\": 1, \"columns\": 100}", "key.id": 6118245606096896, "key": "ahBwfm1vYmlsZWNzcC0yMDE3chsLEg5RdWVzdGlvbkVudGl0eRiAgICAsZDvCgyiARJuc190ZWFjaF9tb2JpbGVjc3A"},
    {"key.name": "None", "data": "{\"description\": \"7.2 Confidence\", \"multiple_selections\": false, \"question\": \"I am confident I can teach this lesson to my students.\", \"choices\": [{\"text\": \"Strongly Agree\", \"score\": 1.0, \"feedback\": \"\"}, {\"text\": \"Agree\", \"score\": 1.0, \"feedback\": \"\"}, {\"text\": \"Neutral\", \"score\": 1.0, \"feedback\": \"\"}, {\"text\": \"Disagree\", \"score\": 1.0, \"feedback\": \"\"}, {\"text\": \"Strongly Disagree\", \"score\": 1.0, \"feedback\": \"\"}], \"version\": \"1.5\", \"type\": 0}", "key.id": 6162032327917568, "key": "ahBwfm1vYmlsZWNzcC0yMDE3chsLEg5RdWVzdGlvbkVudGl0eRiAgICg34r5CgyiARJuc190ZWFjaF9tb2JpbGVjc3A"},
    {"key.name": "None", "data": "{\"defaultFeedback\": \"Thank you. We will review these to improve the course.\", \"rows\": 3, \"description\": \"Persistence (3.8) Exit Slip\", \"hint\": \"\", \"graders\": [{\"matcher\": \"regex\", \"score\": \"1.0\", \"response\": \"/.*/i\", \"feedback\": \"Thank you. We will review these to improve the course.\"}], \"question\": \"What questions do you still have about the lesson or the content presented?\", \"version\": \"1.5\", \"last_modified\": 1467149416.1807401, \"type\": 1, \"columns\": 100}", "key.id": 6186819911680000, "key": "ahBwfm1vYmlsZWNzcC0yMDE3chsLEg5RdWVzdGlvbkVudGl0eRiAgICZlNz-CgyiARJuc190ZWFjaF9tb2JpbGVjc3A"},
    {"key.name": "None", "data": "{\"defaultFeedback\": \"Thank you. We will review these to improve the course.\\n\", \"rows\": 3, \"description\": \"3.5 Exit Slip\", \"hint\": \"\", \"graders\": [{\"matcher\": \"regex\", \"score\": \"1.0\", \"response\": \"/.*/i\", \"feedback\": \"Thank you. We will review these to improve the course.\"}], \"question\": \"What questions do you still have about the lesson or the content presented?\\n\", \"version\": \"1.5\", \"type\": 1, \"columns\": 100}", "key.id": 6191506742312960, "key": "ahBwfm1vYmlsZWNzcC0yMDE3chsLEg5RdWVzdGlvbkVudGl0eRiAgICAyOT_CgyiARJuc190ZWFjaF9tb2JpbGVjc3A"},
    {"key.name": "None", "data": "{\"defaultFeedback\": \"\", \"rows\": 1, \"description\": \"Total Class Time\", \"hint\": \"For example, if you used half of an 80-minute block-scheduled class, that would be 40 total minutes.\", \"graders\": [{\"matcher\": \"regex\", \"score\": \"1.0\", \"response\": \"[0-9]+\", \"feedback\": \"Thank you.\"}], \"question\": \"This lesson was given _________ total minutes of class time in my course. (For example, I used two 40 minute class periods on this lesson for a total of 80 minutes.)\", \"version\": \"1.5\", \"type\": 1, \"columns\": 100}", "key.id": 6215215582543872, "key": "ahBwfm1vYmlsZWNzcC0yMDE3chsLEg5RdWVzdGlvbkVudGl0eRiAgICoypaFCwyiARJuc190ZWFjaF9tb2JpbGVjc3A"},
    {"key.name": "None", "data": "{\"description\": \"CP2 - Confidence\", \"multiple_selections\": false, \"question\": \"I am confident I can teach this lesson to my students.\", \"choices\": [{\"text\": \"Strongly Agree\", \"score\": 1.0, \"feedback\": \"\"}, {\"text\": \"Agree\", \"score\": 1.0, \"feedback\": \"\"}, {\"text\": \"Neutral\", \"score\": 1.0, \"feedback\": \"\"}, {\"text\": \"Disagree\", \"score\": 1.0, \"feedback\": \"\"}, {\"text\": \"Strongly Disagree\", \"score\": 1.0, \"feedback\": \"\"}], \"version\": \"1.5\", \"type\": 0}", "key.id": 6216591733686272, "key": "ahBwfm1vYmlsZWNzcC0yMDE3chsLEg5RdWVzdGlvbkVudGl0eRiAgIDw0L6FCwyiARJuc190ZWFjaF9tb2JpbGVjc3A"},
    {"key.name": "None", "data": "{\"defaultFeedback\": \"Thank you. We will review these to improve the course.\", \"rows\": 3, \"description\": \"7.9 Exit Slip\", \"hint\": \"\", \"graders\": [{\"matcher\": \"regex\", \"score\": \"1.0\", \"response\": \"/.*/i\", \"feedback\": \"Thank you. We will review these to improve the course.\"}], \"question\": \"What questions do you still have about the lesson or the content presented?\", \"version\": \"1.5\", \"type\": 1, \"columns\": 100}", "key.id": 6225708439306240, "key": "ahBwfm1vYmlsZWNzcC0yMDE3chsLEg5RdWVzdGlvbkVudGl0eRiAgICg-8eHCwyiARJuc190ZWFjaF9tb2JpbGVjc3A"},
    {"key.name": "None", "data": "{\"defaultFeedback\": \"Thank you. We will review these to improve the course.\", \"rows\": 3, \"description\": \"4.6 Exit Slip\", \"hint\": \"\", \"graders\": [{\"matcher\": \"regex\", \"score\": \"1.0\", \"response\": \"/.*/i\", \"feedback\": \"Thank you. We will review these to improve the course.\"}], \"question\": \"What questions do you still have about the lesson or the content presented?\\n\", \"version\": \"1.5\", \"type\": 1, \"columns\": 100}", "key.id": 6227328514392064, "key": "ahBwfm1vYmlsZWNzcC0yMDE3chsLEg5RdWVzdGlvbkVudGl0eRiAgIDAjveHCwyiARJuc190ZWFjaF9tb2JpbGVjc3A"},
    {"key.name": "None", "data": "{\"description\": \"6.4 Confidence\", \"multiple_selections\": false, \"question\": \"I am confident I can teach this lesson to my students.\", \"choices\": [{\"text\": \"Strongly Agree\", \"score\": 1.0, \"feedback\": \"\"}, {\"text\": \"Agree\", \"score\": 1.0, \"feedback\": \"\"}, {\"text\": \"Neutral\", \"score\": 1.0, \"feedback\": \"\"}, {\"text\": \"Disagree\", \"score\": 1.0, \"feedback\": \"\"}, {\"text\": \"Strongly Disagree\", \"score\": 1.0, \"feedback\": \"\"}], \"version\": \"1.5\", \"type\": 0}", "key.id": 6234256497967104, "key": "ahBwfm1vYmlsZWNzcC0yMDE3chsLEg5RdWVzdGlvbkVudGl0eRiAgICg38CJCwyiARJuc190ZWFjaF9tb2JpbGVjc3A"},
    {"key.name": "None", "data": "{\"description\": \"5.10 Confidence\", \"multiple_selections\": false, \"question\": \"I am confident I can teach this lesson to my students.\", \"choices\": [{\"text\": \"Strongly Agree\", \"score\": 1.0, \"feedback\": \"\"}, {\"text\": \"Agree\", \"score\": 1.0, \"feedback\": \"\"}, {\"text\": \"Neutral\", \"score\": 1.0, \"feedback\": \"\"}, {\"text\": \"Disagree\", \"score\": 1.0, \"feedback\": \"\"}, {\"text\": \"Strongly Disagree\", \"score\": 1.0, \"feedback\": \"\"}], \"version\": \"1.5\", \"type\": 0}", "key.id": 6241370977075200, "key": "ahBwfm1vYmlsZWNzcC0yMDE3chsLEg5RdWVzdGlvbkVudGl0eRiAgIDg5o-LCwyiARJuc190ZWFjaF9tb2JpbGVjc3A"},
    {"key.name": "None", "data": "{\"description\": \"7.10 Confidence\", \"multiple_selections\": false, \"question\": \"I am confident I can teach this lesson to my students.\", \"choices\": [{\"text\": \"Strongly Agree\", \"score\": 1.0, \"feedback\": \"\"}, {\"text\": \"Agree\", \"score\": 1.0, \"feedback\": \"\"}, {\"text\": \"Neutral\", \"score\": 1.0, \"feedback\": \"\"}, {\"text\": \"Disagree\", \"score\": 1.0, \"feedback\": \"\"}, {\"text\": \"Strongly Disagree\", \"score\": 1.0, \"feedback\": \"\"}], \"version\": \"1.5\", \"type\": 0}", "key.id": 6245653864775680, "key": "ahBwfm1vYmlsZWNzcC0yMDE3chsLEg5RdWVzdGlvbkVudGl0eRiAgIDguYyMCwyiARJuc190ZWFjaF9tb2JpbGVjc3A"},
    {"key.name": "None", "data": "{\"description\": \"2.4 Confidence\", \"multiple_selections\": false, \"question\": \"I am confident I can teach this lesson to my students.\", \"choices\": [{\"text\": \"Strongly Agree\", \"score\": 1.0, \"feedback\": \"\"}, {\"text\": \"Agree\", \"score\": 1.0, \"feedback\": \"\"}, {\"text\": \"Neutral\", \"score\": 1.0, \"feedback\": \"\"}, {\"text\": \"Disagree\", \"score\": 1.0, \"feedback\": \"\"}, {\"text\": \"Strongly Disagree\", \"score\": 1.0, \"feedback\": \"\"}], \"version\": \"1.5\", \"type\": 0}", "key.id": 6266458350813184, "key": "ahBwfm1vYmlsZWNzcC0yMDE3chsLEg5RdWVzdGlvbkVudGl0eRiAgIDA-OmQCwyiARJuc190ZWFjaF9tb2JpbGVjc3A"},
    {"key.name": "None", "data": "{\"description\": \"3.6 Confidence\", \"multiple_selections\": false, \"question\": \"I am confident I can teach this lesson to my students.\", \"choices\": [{\"text\": \"Strongly Agree\", \"score\": 1.0, \"feedback\": \"\"}, {\"text\": \"Agree\", \"score\": 1.0, \"feedback\": \"\"}, {\"text\": \"Neutral\", \"score\": 1.0, \"feedback\": \"\"}, {\"text\": \"Disagree\", \"score\": 1.0, \"feedback\": \"\"}, {\"text\": \"Strongly Disagree\", \"score\": 1.0, \"feedback\": \"\"}], \"version\": \"1.5\", \"last_modified\": 1467553587.72399, \"type\": 0}", "key.id": 6266617130385408, "key": "ahBwfm1vYmlsZWNzcC0yMDE3chsLEg5RdWVzdGlvbkVudGl0eRiAgICAyO6QCwyiARJuc190ZWFjaF9tb2JpbGVjc3A"},
    {"key.name": "None", "data": "{\"defaultFeedback\": \"Thank you. We will review these to improve the course.\", \"rows\": 3, \"description\": \"4.3 Exit Slip\", \"hint\": \"\", \"graders\": [{\"matcher\": \"regex\", \"score\": \"1.0\", \"response\": \"/.*/i\", \"feedback\": \"Thank you. We will review these to improve the course.\"}], \"question\": \"What questions do you still have about the lesson or the content presented?\\n\\n\", \"version\": \"1.5\", \"type\": 1, \"columns\": 100}", "key.id": 6292643424239616, "key": "ahBwfm1vYmlsZWNzcC0yMDE3chsLEg5RdWVzdGlvbkVudGl0eRiAgIDAg-SWCwyiARJuc190ZWFjaF9tb2JpbGVjc3A"},
    {"key.name": "None", "data": "{\"defaultFeedback\": \"\", \"rows\": 3, \"description\": \"Post Teaching Reflection\", \"hint\": \"\", \"graders\": [{\"matcher\": \"regex\", \"score\": \"1\", \"response\": \"/.*/i\", \"feedback\": \"\"}], \"question\": \"Please elaborate on whether there was enough time for the lesson, how you approached the lesson, whether you assigned homework, what was problematic (if anything), and anything else you want to share about this lesson.\", \"version\": \"1.5\", \"type\": 1, \"columns\": 100}", "key.id": 6301546908221440, "key": "ahBwfm1vYmlsZWNzcC0yMDE3chsLEg5RdWVzdGlvbkVudGl0eRiAgIDIk-eYCwyiARJuc190ZWFjaF9tb2JpbGVjc3A"},
    {"key.name": "None", "data": "{\"description\": \"5.4 Confidence\", \"multiple_selections\": false, \"question\": \"I am confident I can teach this lesson to my students.\", \"choices\": [{\"text\": \"Strongly Agree\", \"score\": 1.0, \"feedback\": \"\"}, {\"text\": \"Agree\", \"score\": 1.0, \"feedback\": \"\"}, {\"text\": \"Neutral\", \"score\": 1.0, \"feedback\": \"\"}, {\"text\": \"Disagree\", \"score\": 1.0, \"feedback\": \"\"}, {\"text\": \"Strongly Disagree\", \"score\": 1.0, \"feedback\": \"\"}], \"version\": \"1.5\", \"type\": 0}", "key.id": 6327127246897152, "key": "ahBwfm1vYmlsZWNzcC0yMDE3chsLEg5RdWVzdGlvbkVudGl0eRiAgIDg0c-eCwyiARJuc190ZWFjaF9tb2JpbGVjc3A"},
    {"key.name": "None", "data": "{\"description\": \"3.9 Confidence\", \"multiple_selections\": false, \"question\": \"I am confident I can teach this lesson to my students.\", \"choices\": [{\"text\": \"Strongly Agree\", \"score\": 1.0, \"feedback\": \"\"}, {\"text\": \"Agree\", \"score\": 1.0, \"feedback\": \"\"}, {\"text\": \"Neutral\", \"score\": 1.0, \"feedback\": \"\"}, {\"text\": \"Disagree\", \"score\": 1.0, \"feedback\": \"\"}, {\"text\": \"Strongly Disagree\", \"score\": 1.0, \"feedback\": \"\"}], \"version\": \"1.5\", \"type\": 0}", "key.id": 6344244100857856, "key": "ahBwfm1vYmlsZWNzcC0yMDE3chsLEg5RdWVzdGlvbkVudGl0eRiAgICA58GiCwyiARJuc190ZWFjaF9tb2JpbGVjc3A"},
    {"key.name": "None", "data": "{\"defaultFeedback\": \"Thank you. We will review these to improve the course.\", \"rows\": 3, \"description\": \"2.4 Exit Slip\", \"hint\": \"\", \"graders\": [{\"matcher\": \"regex\", \"score\": \"1.0\", \"response\": \"/.*/i\", \"feedback\": \"Thank you. We will review these to improve the course.\"}], \"question\": \"What questions do you still have about the lesson or the content presented?\", \"version\": \"1.5\", \"type\": 1, \"columns\": 100}", "key.id": 6397989576769536, "key": "ahBwfm1vYmlsZWNzcC0yMDE3chsLEg5RdWVzdGlvbkVudGl0eRiAgIDAgN6uCwyiARJuc190ZWFjaF9tb2JpbGVjc3A"},
    {"key.name": "None", "data": "{\"defaultFeedback\": \"Thank you. We will review these to improve the course.\\n\", \"rows\": 3, \"description\": \"3.3 Exit Slip\", \"hint\": \"\", \"graders\": [{\"matcher\": \"regex\", \"score\": \"1.0\", \"response\": \"/.*/i\", \"feedback\": \"Thank you. We will review these to improve the course.\"}], \"question\": \"What questions do you still have about the lesson or the content presented?\", \"version\": \"1.5\", \"type\": 1, \"columns\": 100}", "key.id": 6399720582807552, "key": "ahBwfm1vYmlsZWNzcC0yMDE3chsLEg5RdWVzdGlvbkVudGl0eRiAgICAsZCvCwyiARJuc190ZWFjaF9tb2JpbGVjc3A"},
    {"key.name": "None", "data": "{\"description\": \"5.5 Confidence\", \"multiple_selections\": false, \"question\": \"I am confident I can teach this lesson to my students.\", \"choices\": [{\"text\": \"Strongly Agree\", \"score\": 1.0, \"feedback\": \"\"}, {\"text\": \"Agree\", \"score\": 1.0, \"feedback\": \"\"}, {\"text\": \"Neutral\", \"score\": 1.0, \"feedback\": \"\"}, {\"text\": \"Disagree\", \"score\": 1.0, \"feedback\": \"\"}, {\"text\": \"Strongly Disagree\", \"score\": 1.0, \"feedback\": \"\"}], \"version\": \"1.5\", \"type\": 0}", "key.id": 6428089445777408, "key": "ahBwfm1vYmlsZWNzcC0yMDE3chsLEg5RdWVzdGlvbkVudGl0eRiAgICgg8q1CwyiARJuc190ZWFjaF9tb2JpbGVjc3A"},
    {"key.name": "None", "data": "{\"description\": \"CP1 Confidence\", \"multiple_selections\": false, \"question\": \"I am confident I can teach this lesson to my students.\", \"choices\": [{\"text\": \"Strongly Agree\", \"score\": 1.0, \"feedback\": \"\"}, {\"text\": \"Agree\", \"score\": 1.0, \"feedback\": \"\"}, {\"text\": \"Neutral\", \"score\": 1.0, \"feedback\": \"\"}, {\"text\": \"Disagree\", \"score\": 1.0, \"feedback\": \"\"}, {\"text\": \"Strongly Disagree\", \"score\": 1.0, \"feedback\": \"\"}], \"version\": \"1.5\", \"type\": 0}", "key.id": 6434250844798976, "key": "ahBwfm1vYmlsZWNzcC0yMDE3chsLEg5RdWVzdGlvbkVudGl0eRiAgICgrP22CwyiARJuc190ZWFjaF9tb2JpbGVjc3A"},
    {"key.name": "None", "data": "{\"defaultFeedback\": \"Thank you. We will review these to improve the course.\\n\", \"rows\": 3, \"description\": \"5.11 Exit Slip\", \"hint\": \"\", \"graders\": [{\"matcher\": \"regex\", \"score\": \"1.0\", \"response\": \"/.*/i\", \"feedback\": \"Thank you. We will review these to improve the course.\"}], \"question\": \"What questions do you still have about the lesson or the content presented?\\n\", \"version\": \"1.5\", \"type\": 1, \"columns\": 100}", "key.id": 6451127650353152, "key": "ahBwfm1vYmlsZWNzcC0yMDE3chsLEg5RdWVzdGlvbkVudGl0eRiAgICgw-i6CwyiARJuc190ZWFjaF9tb2JpbGVjc3A"},
    {"key.name": "None", "data": "{\"description\": \"2.2 Confidence\", \"multiple_selections\": false, \"question\": \"I am confident I can teach this lesson to my students.\", \"choices\": [{\"text\": \"Strongly Agree\", \"score\": 1.0, \"feedback\": \"\"}, {\"text\": \"Agree\", \"score\": 1.0, \"feedback\": \"\"}, {\"text\": \"Neutral\", \"score\": 1.0, \"feedback\": \"\"}, {\"text\": \"Disagree\", \"score\": 1.0, \"feedback\": \"\"}, {\"text\": \"Strongly Disagree\", \"score\": 1.0, \"feedback\": \"\"}], \"version\": \"1.5\", \"type\": 0}", "key.id": 6528097423720448, "key": "ahBwfm1vYmlsZWNzcC0yMDE3chsLEg5RdWVzdGlvbkVudGl0eRiAgICA0qjMCwyiARJuc190ZWFjaF9tb2JpbGVjc3A"},
    {"key.name": "None", "data": "{\"defaultFeedback\": \"Thank you. We will review these to improve the course content.\", \"rows\": 3, \"description\": \"2.6 Exit Slip\", \"hint\": \"\", \"graders\": [{\"matcher\": \"regex\", \"score\": \"1.0\", \"response\": \"/.*/i\", \"feedback\": \"Thank you. We will review these to improve the course content.\"}], \"question\": \"What questions do you still have about the lesson or content presented?\", \"version\": \"1.5\", \"type\": 1, \"columns\": 100}", "key.id": 6530532938612736, "key": "ahBwfm1vYmlsZWNzcC0yMDE3chsLEg5RdWVzdGlvbkVudGl0eRiAgICAw-_MCwyiARJuc190ZWFjaF9tb2JpbGVjc3A"},
    {"key.name": "None", "data": "{\"defaultFeedback\": \"Thank you. We will review these to improve the course content.\", \"rows\": 3, \"description\": \"2.7 Exit Slip\", \"hint\": \"\", \"graders\": [{\"matcher\": \"regex\", \"score\": \"1.0\", \"response\": \"/.*/i\", \"feedback\": \"Thank you. We will review these to improve the course content.\"}], \"question\": \"What questions do you still have the lesson or content presented?\", \"version\": \"1.5\", \"type\": 1, \"columns\": 100}", "key.id": 6540067094921216, "key": "ahBwfm1vYmlsZWNzcC0yMDE3chsLEg5RdWVzdGlvbkVudGl0eRiAgIDAgIXPCwyiARJuc190ZWFjaF9tb2JpbGVjc3A"},
    {"key.name": "None", "data": "{\"description\": \"6.8 Confidence\", \"multiple_selections\": false, \"question\": \"I am confident I can teach this lesson to my students.\", \"choices\": [{\"text\": \"Strongly Agree\", \"score\": 1.0, \"feedback\": \"\"}, {\"text\": \"Agree\", \"score\": 1.0, \"feedback\": \"\"}, {\"text\": \"Neutral\", \"score\": 1.0, \"feedback\": \"\"}, {\"text\": \"Disagree\", \"score\": 1.0, \"feedback\": \"\"}, {\"text\": \"Strongly Disagree\", \"score\": 1.0, \"feedback\": \"\"}], \"version\": \"1.5\", \"type\": 0}", "key.id": 6545905633198080, "key": "ahBwfm1vYmlsZWNzcC0yMDE3chsLEg5RdWVzdGlvbkVudGl0eRiAgIDg9q7QCwyiARJuc190ZWFjaF9tb2JpbGVjc3A"},
    {"key.name": "None", "data": "{\"defaultFeedback\": \"Thank you. We will review these to improve the course.\", \"rows\": 3, \"description\": \"6.10 Exit Slip\", \"hint\": \"\", \"graders\": [{\"matcher\": \"regex\", \"score\": \"1.0\", \"response\": \"/.*/i\", \"feedback\": \"Thank you. We will review these to improve the course.\"}], \"question\": \"What questions do you still have about the lesson or the content presented?\", \"version\": \"1.5\", \"type\": 1, \"columns\": 100}", "key.id": 6621845755265024, "key": "ahBwfm1vYmlsZWNzcC0yMDE3chsLEg5RdWVzdGlvbkVudGl0eRiAgIDgidHhCwyiARJuc190ZWFjaF9tb2JpbGVjc3A"},
    {"key.name": "None", "data": "{\"description\": \"2.7 Confidence\", \"multiple_selections\": false, \"question\": \"I am confident I can teach this lesson to my students.\", \"choices\": [{\"text\": \"Strongly Agree\", \"score\": 1.0, \"feedback\": \"\"}, {\"text\": \"Agree\", \"score\": 1.0, \"feedback\": \"\"}, {\"text\": \"Neutral\", \"score\": 1.0, \"feedback\": \"\"}, {\"text\": \"Disagree\", \"score\": 1.0, \"feedback\": \"\"}, {\"text\": \"Strongly Disagree\", \"score\": 1.0, \"feedback\": \"\"}], \"version\": \"1.5\", \"type\": 0}", "key.id": 6622625090502656, "key": "ahBwfm1vYmlsZWNzcC0yMDE3chsLEg5RdWVzdGlvbkVudGl0eRiAgICA4efhCwyiARJuc190ZWFjaF9tb2JpbGVjc3A"},
    {"key.name": "None", "data": "{\"defaultFeedback\": \"Thank you. We will review these to improve the course.\", \"rows\": 3, \"description\": \"7.10 Exit Slip\", \"hint\": \"\", \"graders\": [{\"matcher\": \"regex\", \"score\": \"1.0\", \"response\": \"/.*/i\", \"feedback\": \"Thank you. We will review these to improve the course.\"}], \"question\": \"What questions do you still have about the lesson or the content presented?\", \"version\": \"1.5\", \"type\": 1, \"columns\": 100}", "key.id": 6643432529330176, "key": "ahBwfm1vYmlsZWNzcC0yMDE3chsLEg5RdWVzdGlvbkVudGl0eRiAgIDgqsXmCwyiARJuc190ZWFjaF9tb2JpbGVjc3A"},
    {"key.name": "None", "data": "{\"defaultFeedback\": \"Thank you. We will review these to improve the course.\", \"rows\": 3, \"description\": \"6.6 Exit Slip\", \"hint\": \"\", \"graders\": [{\"matcher\": \"regex\", \"score\": \"1.0\", \"response\": \"/.*/i\", \"feedback\": \"Thank you. We will review these to improve the course.\"}], \"question\": \"What questions do you still have about the lesson or the content presented?\", \"version\": \"1.5\", \"type\": 1, \"columns\": 100}", "key.id": 6659215997272064, "key": "ahBwfm1vYmlsZWNzcC0yMDE3chsLEg5RdWVzdGlvbkVudGl0eRiAgIDg2JDqCwyiARJuc190ZWFjaF9tb2JpbGVjc3A"},
    {"key.name": "None", "data": "{\"description\": \"6.9 Confidence\", \"multiple_selections\": false, \"question\": \"I am confident I can teach this lesson to my students.\", \"choices\": [{\"text\": \"Strongly Agree\", \"score\": 1.0, \"feedback\": \"\"}, {\"text\": \"Agree\", \"score\": 1.0, \"feedback\": \"\"}, {\"text\": \"Neutral\", \"score\": 1.0, \"feedback\": \"\"}, {\"text\": \"Disagree\", \"score\": 1.0, \"feedback\": \"\"}, {\"text\": \"Strongly Disagree\", \"score\": 1.0, \"feedback\": \"\"}], \"version\": \"1.5\", \"type\": 0}", "key.id": 6715387861270528, "key": "ahBwfm1vYmlsZWNzcC0yMDE3chsLEg5RdWVzdGlvbkVudGl0eRiAgICgwfP2CwyiARJuc190ZWFjaF9tb2JpbGVjc3A"},
    {"key.name": "None", "data": "{\"defaultFeedback\": \"Thank you. We will review these to improve the course.\", \"rows\": 3, \"description\": \"6.3 Exit Slip\", \"hint\": \"\", \"graders\": [{\"matcher\": \"regex\", \"score\": \"1.0\", \"response\": \"/.*/i\", \"feedback\": \"Thank you. We will review these to improve the course.\"}], \"question\": \"What questions do you still have about the lesson or the content presented?\", \"version\": \"1.5\", \"type\": 1, \"columns\": 100}", "key.id": 6716481333100544, "key": "ahBwfm1vYmlsZWNzcC0yMDE3chsLEg5RdWVzdGlvbkVudGl0eRiAgIDgqpP3CwyiARJuc190ZWFjaF9tb2JpbGVjc3A"},
    {"key.name": "None", "data": "{\"defaultFeedback\": \"Thank you. We will review these to improve the course.\", \"rows\": 3, \"description\": \"5.3 Exit Slip\", \"hint\": \"\", \"graders\": [{\"matcher\": \"regex\", \"score\": \"1.0\", \"response\": \"/.*/i\", \"feedback\": \"Thank you. We will review these to improve the course.\"}], \"question\": \"What questions do you still have about the lesson or the content presented?\\n\", \"version\": \"1.5\", \"type\": 1, \"columns\": 100}", "key.id": 6717453203668992, "key": "ahBwfm1vYmlsZWNzcC0yMDE3chsLEg5RdWVzdGlvbkVudGl0eRiAgICgz6_3CwyiARJuc190ZWFjaF9tb2JpbGVjc3A"},
    {"key.name": "None", "data": "{\"description\": \"7.4 Confidence\", \"multiple_selections\": false, \"question\": \"I am confident I can teach this lesson to my students.\", \"choices\": [{\"text\": \"Strongly Agree\", \"score\": 1.0, \"feedback\": \"\"}, {\"text\": \"Agree\", \"score\": 1.0, \"feedback\": \"\"}, {\"text\": \"Neutral\", \"score\": 1.0, \"feedback\": \"\"}, {\"text\": \"Disagree\", \"score\": 1.0, \"feedback\": \"\"}, {\"text\": \"Strongly Disagree\", \"score\": 1.0, \"feedback\": \"\"}], \"version\": \"1.5\", \"type\": 0}", "key.id": 6735881834594304, "key": "ahBwfm1vYmlsZWNzcC0yMDE3chsLEg5RdWVzdGlvbkVudGl0eRiAgICg-8f7CwyiARJuc190ZWFjaF9tb2JpbGVjc3A"}
]}
