{"rows": [
    {"key.name": "None", "data": "{\"introduction\": \"\", \"items\": [{\"question\": 5757334940811264, \"weight\": \"3\"}, {\"question\": 5639274879778816, \"weight\": \"3\"}, {\"question\": 5717271485874176, \"weight\": \"3\"}, {\"question\": 5750085036015616, \"weight\": \"0\"}], \"version\": \"1.5\", \"description\": \"CP1 Review Questions\"}", "key.id": 5676830073815040, "key": "ahBwfm1vYmlsZWNzcC0yMDE3ciALEhNRdWVzdGlvbkdyb3VwRW50aXR5GICAgIDA4YoKDKIBEm5zX3RlYWNoX21vYmlsZWNzcA"}
]}
