{"rows": [
    {"key.name": "assessment:115:es", "locale": "es", "key.id": null, "created_on": "2018-05-31T13:35:40.087375Z", "key": "ahBwfm1vYmlsZWNzcC0yMDE3cisLEhRSZXNvdXJjZUJ1bmRsZUVudGl0eSIRYXNzZXNzbWVudDoxMTU6ZXMMogESbnNfdGVhY2hfbW9iaWxlY3Nw", "updated_on": "2018-05-31T13:35:40.088177Z", "data": "{}"},
    {"key.name": "assessment:121:es", "locale": "es", "key.id": null, "created_on": "2018-05-31T13:35:45.892644Z", "key": "ahBwfm1vYmlsZWNzcC0yMDE3cisLEhRSZXNvdXJjZUJ1bmRsZUVudGl0eSIRYXNzZXNzbWVudDoxMjE6ZXMMogESbnNfdGVhY2hfbW9iaWxlY3Nw", "updated_on": "2018-05-31T13:35:45.893141Z", "data": "{}"},
    {"key.name": "assessment:122:es", "locale": "es", "key.id": null, "created_on": "2018-05-31T13:35:51.783816Z", "key": "ahBwfm1vYmlsZWNzcC0yMDE3cisLEhRSZXNvdXJjZUJ1bmRsZUVudGl0eSIRYXNzZXNzbWVudDoxMjI6ZXMMogESbnNfdGVhY2hfbW9iaWxlY3Nw", "updated_on": "2018-05-31T13:35:51.784097Z", "data": "{}"},
    {"key.name": "assessment:135:es", "locale": "es", "key.id": null, "created_on": "2018-05-31T13:35:34.185021Z", "key": "ahBwfm1vYmlsZWNzcC0yMDE3cisLEhRSZXNvdXJjZUJ1bmRsZUVudGl0eSIRYXNzZXNzbWVudDoxMzU6ZXMMogESbnNfdGVhY2hfbW9iaWxlY3Nw", "updated_on": "2018-05-31T13:35:34.185511Z", "data": "{}"},
    {"key.name": "assessment:136:es", "locale": "es", "key.id": null, "created_on": "2018-05-31T13:35:33.738513Z", "key": "ahBwfm1vYmlsZWNzcC0yMDE3cisLEhRSZXNvdXJjZUJ1bmRsZUVudGl0eSIRYXNzZXNzbWVudDoxMzY6ZXMMogESbnNfdGVhY2hfbW9iaWxlY3Nw", "updated_on": "2018-05-31T13:35:33.738612Z", "data": "{}"},
    {"key.name": "assessment:35:es", "locale": "es", "key.id": null, "created_on": "2018-05-31T13:35:33.581108Z", "key": "ahBwfm1vYmlsZWNzcC0yMDE3cioLEhRSZXNvdXJjZUJ1bmRsZUVudGl0eSIQYXNzZXNzbWVudDozNTplcwyiARJuc190ZWFjaF9tb2JpbGVjc3A", "updated_on": "2018-05-31T13:35:33.581264Z", "data": "{}"},
    {"key.name": "course_settings:assessment:es", "locale": "es", "key.id": null, "created_on": "2018-05-31T13:35:16.795039Z", "key": "ahBwfm1vYmlsZWNzcC0yMDE3cjcLEhRSZXNvdXJjZUJ1bmRsZUVudGl0eSIdY291cnNlX3NldHRpbmdzOmFzc2Vzc21lbnQ6ZXMMogESbnNfdGVhY2hfbW9iaWxlY3Nw", "updated_on": "2018-05-31T13:35:16.795484Z", "data": "{}"},
    {"key.name": "course_settings:forums:es", "locale": "es", "key.id": null, "created_on": "2018-05-31T13:35:16.993772Z", "key": "ahBwfm1vYmlsZWNzcC0yMDE3cjMLEhRSZXNvdXJjZUJ1bmRsZUVudGl0eSIZY291cnNlX3NldHRpbmdzOmZvcnVtczplcwyiARJuc190ZWFjaF9tb2JpbGVjc3A", "updated_on": "2018-05-31T13:35:16.994312Z", "data": "{}"},
    {"key.name": "course_settings:homepage:es", "locale": "es", "key.id": null, "created_on": "2018-05-31T13:35:17.278369Z", "key": "ahBwfm1vYmlsZWNzcC0yMDE3cjULEhRSZXNvdXJjZUJ1bmRsZUVudGl0eSIbY291cnNlX3NldHRpbmdzOmhvbWVwYWdlOmVzDKIBEm5zX3RlYWNoX21vYmlsZWNzcA", "updated_on": "2018-05-31T13:35:17.278556Z", "data": "{}"},
    {"key.name": "course_settings:invitation:es", "locale": "es", "key.id": null, "created_on": "2018-05-31T13:35:17.495654Z", "key": "ahBwfm1vYmlsZWNzcC0yMDE3cjcLEhRSZXNvdXJjZUJ1bmRsZUVudGl0eSIdY291cnNlX3NldHRpbmdzOmludml0YXRpb246ZXMMogESbnNfdGVhY2hfbW9iaWxlY3Nw", "updated_on": "2018-05-31T13:35:17.495900Z", "data": "{}"},
    {"key.name": "course_settings:registration:es", "locale": "es", "key.id": null, "created_on": "2018-05-31T13:35:17.717442Z", "key": "ahBwfm1vYmlsZWNzcC0yMDE3cjkLEhRSZXNvdXJjZUJ1bmRsZUVudGl0eSIfY291cnNlX3NldHRpbmdzOnJlZ2lzdHJhdGlvbjplcwyiARJuc190ZWFjaF9tb2JpbGVjc3A", "updated_on": "2018-05-31T13:35:17.717789Z", "data": "{}"},
    {"key.name": "html_hook:base.after_body_tag_begins:es", "locale": "es", "key.id": null, "created_on": "2018-05-31T13:36:53.515293Z", "key": "ahBwfm1vYmlsZWNzcC0yMDE3ckELEhRSZXNvdXJjZUJ1bmRsZUVudGl0eSInaHRtbF9ob29rOmJhc2UuYWZ0ZXJfYm9keV90YWdfYmVnaW5zOmVzDKIBEm5zX3RlYWNoX21vYmlsZWNzcA", "updated_on": "2018-05-31T13:36:53.515470Z", "data": "{}"},
    {"key.name": "html_hook:base.after_main_content_ends:es", "locale": "es", "key.id": null, "created_on": "2018-05-31T13:36:53.645634Z", "key": "ahBwfm1vYmlsZWNzcC0yMDE3ckMLEhRSZXNvdXJjZUJ1bmRsZUVudGl0eSIpaHRtbF9ob29rOmJhc2UuYWZ0ZXJfbWFpbl9jb250ZW50X2VuZHM6ZXMMogESbnNfdGVhY2hfbW9iaWxlY3Nw", "updated_on": "2018-05-31T13:36:53.645791Z", "data": "{}"},
    {"key.name": "html_hook:base.after_navbar_begins:es", "locale": "es", "key.id": null, "created_on": "2018-05-31T13:36:57.160970Z", "key": "ahBwfm1vYmlsZWNzcC0yMDE3cj8LEhRSZXNvdXJjZUJ1bmRsZUVudGl0eSIlaHRtbF9ob29rOmJhc2UuYWZ0ZXJfbmF2YmFyX2JlZ2luczplcwyiARJuc190ZWFjaF9tb2JpbGVjc3A", "updated_on": "2018-05-31T13:36:57.161579Z", "data": "{}"},
    {"key.name": "html_hook:base.after_top_content_ends:es", "locale": "es", "key.id": null, "created_on": "2018-05-31T13:36:57.492061Z", "key": "ahBwfm1vYmlsZWNzcC0yMDE3ckILEhRSZXNvdXJjZUJ1bmRsZUVudGl0eSIoaHRtbF9ob29rOmJhc2UuYWZ0ZXJfdG9wX2NvbnRlbnRfZW5kczplcwyiARJuc190ZWFjaF9tb2JpbGVjc3A", "updated_on": "2018-05-31T13:36:57.492238Z", "data": "{}"},
    {"key.name": "html_hook:base.before_body_tag_ends:es", "locale": "es", "key.id": null, "created_on": "2018-05-31T13:36:57.853459Z", "key": "ahBwfm1vYmlsZWNzcC0yMDE3ckALEhRSZXNvdXJjZUJ1bmRsZUVudGl0eSImaHRtbF9ob29rOmJhc2UuYmVmb3JlX2JvZHlfdGFnX2VuZHM6ZXMMogESbnNfdGVhY2hfbW9iaWxlY3Nw", "updated_on": "2018-05-31T13:36:57.853616Z", "data": "{}"},
    {"key.name": "html_hook:base.before_head_tag_ends:es", "locale": "es", "key.id": null, "created_on": "2018-05-31T13:36:58.332337Z", "key": "ahBwfm1vYmlsZWNzcC0yMDE3ckALEhRSZXNvdXJjZUJ1bmRsZUVudGl0eSImaHRtbF9ob29rOmJhc2UuYmVmb3JlX2hlYWRfdGFnX2VuZHM6ZXMMogESbnNfdGVhY2hfbW9iaWxlY3Nw", "updated_on": "2018-05-31T13:36:58.332569Z", "data": "{}"},
    {"key.name": "html_hook:base.before_navbar_ends:es", "locale": "es", "key.id": null, "created_on": "2018-05-31T13:36:58.899658Z", "key": "ahBwfm1vYmlsZWNzcC0yMDE3cj4LEhRSZXNvdXJjZUJ1bmRsZUVudGl0eSIkaHRtbF9ob29rOmJhc2UuYmVmb3JlX25hdmJhcl9lbmRzOmVzDKIBEm5zX3RlYWNoX21vYmlsZWNzcA", "updated_on": "2018-05-31T13:36:58.899825Z", "data": "{}"},
    {"key.name": "lesson:101:es", "locale": "es", "key.id": null, "created_on": "2018-05-31T13:35:54.315568Z", "key": "ahBwfm1vYmlsZWNzcC0yMDE3cicLEhRSZXNvdXJjZUJ1bmRsZUVudGl0eSINbGVzc29uOjEwMTplcwyiARJuc190ZWFjaF9tb2JpbGVjc3A", "updated_on": "2018-05-31T13:35:54.315913Z", "data": "{}"},
    {"key.name": "lesson:102:es", "locale": "es", "key.id": null, "created_on": "2018-05-31T13:36:00.970560Z", "key": "ahBwfm1vYmlsZWNzcC0yMDE3cicLEhRSZXNvdXJjZUJ1bmRsZUVudGl0eSINbGVzc29uOjEwMjplcwyiARJuc190ZWFjaF9tb2JpbGVjc3A", "updated_on": "2018-05-31T13:36:00.970708Z", "data": "{}"},
    {"key.name": "lesson:105:es", "locale": "es", "key.id": null, "created_on": "2018-05-31T13:35:43.559899Z", "key": "ahBwfm1vYmlsZWNzcC0yMDE3cicLEhRSZXNvdXJjZUJ1bmRsZUVudGl0eSINbGVzc29uOjEwNTplcwyiARJuc190ZWFjaF9tb2JpbGVjc3A", "updated_on": "2018-05-31T13:35:43.560046Z", "data": "{}"},
    {"key.name": "lesson:106:es", "locale": "es", "key.id": null, "created_on": "2018-05-31T13:35:43.736826Z", "key": "ahBwfm1vYmlsZWNzcC0yMDE3cicLEhRSZXNvdXJjZUJ1bmRsZUVudGl0eSINbGVzc29uOjEwNjplcwyiARJuc190ZWFjaF9tb2JpbGVjc3A", "updated_on": "2018-05-31T13:35:43.737160Z", "data": "{}"},
    {"key.name": "lesson:107:es", "locale": "es", "key.id": null, "created_on": "2018-05-31T13:35:54.473057Z", "key": "ahBwfm1vYmlsZWNzcC0yMDE3cicLEhRSZXNvdXJjZUJ1bmRsZUVudGl0eSINbGVzc29uOjEwNzplcwyiARJuc190ZWFjaF9tb2JpbGVjc3A", "updated_on": "2018-05-31T13:35:54.473262Z", "data": "{}"},
    {"key.name": "lesson:108:es", "locale": "es", "key.id": null, "created_on": "2018-05-31T13:36:07.197084Z", "key": "ahBwfm1vYmlsZWNzcC0yMDE3cicLEhRSZXNvdXJjZUJ1bmRsZUVudGl0eSINbGVzc29uOjEwODplcwyiARJuc190ZWFjaF9tb2JpbGVjc3A", "updated_on": "2018-05-31T13:36:07.197205Z", "data": "{}"},
    {"key.name": "lesson:109:es", "locale": "es", "key.id": null, "created_on": "2018-05-31T13:35:44.142564Z", "key": "ahBwfm1vYmlsZWNzcC0yMDE3cicLEhRSZXNvdXJjZUJ1bmRsZUVudGl0eSINbGVzc29uOjEwOTplcwyiARJuc190ZWFjaF9tb2JpbGVjc3A", "updated_on": "2018-05-31T13:35:44.143024Z", "data": "{}"},
    {"key.name": "lesson:110:es", "locale": "es", "key.id": null, "created_on": "2018-05-31T13:35:53.130227Z", "key": "ahBwfm1vYmlsZWNzcC0yMDE3cicLEhRSZXNvdXJjZUJ1bmRsZUVudGl0eSINbGVzc29uOjExMDplcwyiARJuc190ZWFjaF9tb2JpbGVjc3A", "updated_on": "2018-05-31T13:35:53.130523Z", "data": "{}"},
    {"key.name": "lesson:112:es", "locale": "es", "key.id": null, "created_on": "2018-05-31T13:36:07.321490Z", "key": "ahBwfm1vYmlsZWNzcC0yMDE3cicLEhRSZXNvdXJjZUJ1bmRsZUVudGl0eSINbGVzc29uOjExMjplcwyiARJuc190ZWFjaF9tb2JpbGVjc3A", "updated_on": "2018-05-31T13:36:07.321661Z", "data": "{}"},
    {"key.name": "lesson:113:es", "locale": "es", "key.id": null, "created_on": "2018-05-31T13:35:44.749722Z", "key": "ahBwfm1vYmlsZWNzcC0yMDE3cicLEhRSZXNvdXJjZUJ1bmRsZUVudGl0eSINbGVzc29uOjExMzplcwyiARJuc190ZWFjaF9tb2JpbGVjc3A", "updated_on": "2018-05-31T13:35:44.750055Z", "data": "{}"},
    {"key.name": "lesson:114:es", "locale": "es", "key.id": null, "created_on": "2018-05-31T13:35:43.950952Z", "key": "ahBwfm1vYmlsZWNzcC0yMDE3cicLEhRSZXNvdXJjZUJ1bmRsZUVudGl0eSINbGVzc29uOjExNDplcwyiARJuc190ZWFjaF9tb2JpbGVjc3A", "updated_on": "2018-05-31T13:35:43.951106Z", "data": "{}"},
    {"key.name": "lesson:117:es", "locale": "es", "key.id": null, "created_on": "2018-05-31T13:35:59.186596Z", "key": "ahBwfm1vYmlsZWNzcC0yMDE3cicLEhRSZXNvdXJjZUJ1bmRsZUVudGl0eSINbGVzc29uOjExNzplcwyiARJuc190ZWFjaF9tb2JpbGVjc3A", "updated_on": "2018-05-31T13:35:59.187031Z", "data": "{}"},
    {"key.name": "lesson:120:es", "locale": "es", "key.id": null, "created_on": "2018-05-31T13:35:25.032411Z", "key": "ahBwfm1vYmlsZWNzcC0yMDE3cicLEhRSZXNvdXJjZUJ1bmRsZUVudGl0eSINbGVzc29uOjEyMDplcwyiARJuc190ZWFjaF9tb2JpbGVjc3A", "updated_on": "2018-05-31T13:35:25.032592Z", "data": "{}"},
    {"key.name": "lesson:123:es", "locale": "es", "key.id": null, "created_on": "2018-05-31T13:35:35.886624Z", "key": "ahBwfm1vYmlsZWNzcC0yMDE3cicLEhRSZXNvdXJjZUJ1bmRsZUVudGl0eSINbGVzc29uOjEyMzplcwyiARJuc190ZWFjaF9tb2JpbGVjc3A", "updated_on": "2018-05-31T13:35:35.886947Z", "data": "{}"},
    {"key.name": "lesson:125:es", "locale": "es", "key.id": null, "created_on": "2018-05-31T13:35:44.565297Z", "key": "ahBwfm1vYmlsZWNzcC0yMDE3cicLEhRSZXNvdXJjZUJ1bmRsZUVudGl0eSINbGVzc29uOjEyNTplcwyiARJuc190ZWFjaF9tb2JpbGVjc3A", "updated_on": "2018-05-31T13:35:44.565792Z", "data": "{}"},
    {"key.name": "lesson:127:es", "locale": "es", "key.id": null, "created_on": "2018-05-31T13:36:02.125793Z", "key": "ahBwfm1vYmlsZWNzcC0yMDE3cicLEhRSZXNvdXJjZUJ1bmRsZUVudGl0eSINbGVzc29uOjEyNzplcwyiARJuc190ZWFjaF9tb2JpbGVjc3A", "updated_on": "2018-05-31T13:36:02.126079Z", "data": "{}"},
    {"key.name": "lesson:128:es", "locale": "es", "key.id": null, "created_on": "2018-05-31T13:36:02.293763Z", "key": "ahBwfm1vYmlsZWNzcC0yMDE3cicLEhRSZXNvdXJjZUJ1bmRsZUVudGl0eSINbGVzc29uOjEyODplcwyiARJuc190ZWFjaF9tb2JpbGVjc3A", "updated_on": "2018-05-31T13:36:02.293949Z", "data": "{}"},
    {"key.name": "lesson:129:es", "locale": "es", "key.id": null, "created_on": "2018-05-31T13:36:02.486397Z", "key": "ahBwfm1vYmlsZWNzcC0yMDE3cicLEhRSZXNvdXJjZUJ1bmRsZUVudGl0eSINbGVzc29uOjEyOTplcwyiARJuc190ZWFjaF9tb2JpbGVjc3A", "updated_on": "2018-05-31T13:36:02.486684Z", "data": "{}"},
    {"key.name": "lesson:130:es", "locale": "es", "key.id": null, "created_on": "2018-05-31T13:36:02.718496Z", "key": "ahBwfm1vYmlsZWNzcC0yMDE3cicLEhRSZXNvdXJjZUJ1bmRsZUVudGl0eSINbGVzc29uOjEzMDplcwyiARJuc190ZWFjaF9tb2JpbGVjc3A", "updated_on": "2018-05-31T13:36:02.718657Z", "data": "{}"},
    {"key.name": "lesson:132:es", "locale": "es", "key.id": null, "created_on": "2018-05-31T13:36:02.863018Z", "key": "ahBwfm1vYmlsZWNzcC0yMDE3cicLEhRSZXNvdXJjZUJ1bmRsZUVudGl0eSINbGVzc29uOjEzMjplcwyiARJuc190ZWFjaF9tb2JpbGVjc3A", "updated_on": "2018-05-31T13:36:02.863237Z", "data": "{}"},
    {"key.name": "lesson:137:es", "locale": "es", "key.id": null, "created_on": "2018-05-31T13:35:21.029203Z", "key": "ahBwfm1vYmlsZWNzcC0yMDE3cicLEhRSZXNvdXJjZUJ1bmRsZUVudGl0eSINbGVzc29uOjEzNzplcwyiARJuc190ZWFjaF9tb2JpbGVjc3A", "updated_on": "2018-05-31T13:35:21.029612Z", "data": "{}"},
    {"key.name": "lesson:138:es", "locale": "es", "key.id": null, "created_on": "2018-05-31T13:35:21.862206Z", "key": "ahBwfm1vYmlsZWNzcC0yMDE3cicLEhRSZXNvdXJjZUJ1bmRsZUVudGl0eSINbGVzc29uOjEzODplcwyiARJuc190ZWFjaF9tb2JpbGVjc3A", "updated_on": "2018-05-31T13:35:21.862364Z", "data": "{}"},
    {"key.name": "lesson:139:es", "locale": "es", "key.id": null, "created_on": "2018-05-31T13:35:22.324449Z", "key": "ahBwfm1vYmlsZWNzcC0yMDE3cicLEhRSZXNvdXJjZUJ1bmRsZUVudGl0eSINbGVzc29uOjEzOTplcwyiARJuc190ZWFjaF9tb2JpbGVjc3A", "updated_on": "2018-05-31T13:35:22.324969Z", "data": "{}"},
    {"key.name": "lesson:141:es", "locale": "es", "key.id": null, "created_on": "2018-05-31T13:35:19.917530Z", "key": "ahBwfm1vYmlsZWNzcC0yMDE3cicLEhRSZXNvdXJjZUJ1bmRsZUVudGl0eSINbGVzc29uOjE0MTplcwyiARJuc190ZWFjaF9tb2JpbGVjc3A", "updated_on": "2018-05-31T13:35:19.917833Z", "data": "{}"},
    {"key.name": "lesson:142:es", "locale": "es", "key.id": null, "created_on": "2018-05-31T13:35:20.469243Z", "key": "ahBwfm1vYmlsZWNzcC0yMDE3cicLEhRSZXNvdXJjZUJ1bmRsZUVudGl0eSINbGVzc29uOjE0MjplcwyiARJuc190ZWFjaF9tb2JpbGVjc3A", "updated_on": "2018-05-31T13:35:20.469453Z", "data": "{}"},
    {"key.name": "lesson:144:es", "locale": "es", "key.id": null, "created_on": "2018-05-31T13:35:22.802567Z", "key": "ahBwfm1vYmlsZWNzcC0yMDE3cicLEhRSZXNvdXJjZUJ1bmRsZUVudGl0eSINbGVzc29uOjE0NDplcwyiARJuc190ZWFjaF9tb2JpbGVjc3A", "updated_on": "2018-05-31T13:35:22.802892Z", "data": "{}"},
    {"key.name": "lesson:145:es", "locale": "es", "key.id": null, "created_on": "2018-05-31T13:35:25.279257Z", "key": "ahBwfm1vYmlsZWNzcC0yMDE3cicLEhRSZXNvdXJjZUJ1bmRsZUVudGl0eSINbGVzc29uOjE0NTplcwyiARJuc190ZWFjaF9tb2JpbGVjc3A", "updated_on": "2018-05-31T13:35:25.279392Z", "data": "{}"},
    {"key.name": "lesson:146:es", "locale": "es", "key.id": null, "created_on": "2018-05-31T13:35:28.698521Z", "key": "ahBwfm1vYmlsZWNzcC0yMDE3cicLEhRSZXNvdXJjZUJ1bmRsZUVudGl0eSINbGVzc29uOjE0NjplcwyiARJuc190ZWFjaF9tb2JpbGVjc3A", "updated_on": "2018-05-31T13:35:28.698797Z", "data": "{}"},
    {"key.name": "lesson:147:es", "locale": "es", "key.id": null, "created_on": "2018-05-31T13:35:33.450060Z", "key": "ahBwfm1vYmlsZWNzcC0yMDE3cicLEhRSZXNvdXJjZUJ1bmRsZUVudGl0eSINbGVzc29uOjE0NzplcwyiARJuc190ZWFjaF9tb2JpbGVjc3A", "updated_on": "2018-05-31T13:35:33.450179Z", "data": "{}"},
    {"key.name": "lesson:148:es", "locale": "es", "key.id": null, "created_on": "2018-05-31T13:35:36.305464Z", "key": "ahBwfm1vYmlsZWNzcC0yMDE3cicLEhRSZXNvdXJjZUJ1bmRsZUVudGl0eSINbGVzc29uOjE0ODplcwyiARJuc190ZWFjaF9tb2JpbGVjc3A", "updated_on": "2018-05-31T13:35:36.305633Z", "data": "{}"},
    {"key.name": "lesson:149:es", "locale": "es", "key.id": null, "created_on": "2018-05-31T13:35:39.892489Z", "key": "ahBwfm1vYmlsZWNzcC0yMDE3cicLEhRSZXNvdXJjZUJ1bmRsZUVudGl0eSINbGVzc29uOjE0OTplcwyiARJuc190ZWFjaF9tb2JpbGVjc3A", "updated_on": "2018-05-31T13:35:39.892813Z", "data": "{}"},
    {"key.name": "lesson:150:es", "locale": "es", "key.id": null, "created_on": "2018-05-31T13:35:45.070263Z", "key": "ahBwfm1vYmlsZWNzcC0yMDE3cicLEhRSZXNvdXJjZUJ1bmRsZUVudGl0eSINbGVzc29uOjE1MDplcwyiARJuc190ZWFjaF9tb2JpbGVjc3A", "updated_on": "2018-05-31T13:35:45.070581Z", "data": "{}"},
    {"key.name": "lesson:151:es", "locale": "es", "key.id": null, "created_on": "2018-05-31T13:35:46.240191Z", "key": "ahBwfm1vYmlsZWNzcC0yMDE3cicLEhRSZXNvdXJjZUJ1bmRsZUVudGl0eSINbGVzc29uOjE1MTplcwyiARJuc190ZWFjaF9tb2JpbGVjc3A", "updated_on": "2018-05-31T13:35:46.240621Z", "data": "{}"},
    {"key.name": "lesson:152:es", "locale": "es", "key.id": null, "created_on": "2018-05-31T13:35:46.496781Z", "key": "ahBwfm1vYmlsZWNzcC0yMDE3cicLEhRSZXNvdXJjZUJ1bmRsZUVudGl0eSINbGVzc29uOjE1MjplcwyiARJuc190ZWFjaF9tb2JpbGVjc3A", "updated_on": "2018-05-31T13:35:46.497378Z", "data": "{}"},
    {"key.name": "lesson:153:es", "locale": "es", "key.id": null, "created_on": "2018-05-31T13:35:50.106666Z", "key": "ahBwfm1vYmlsZWNzcC0yMDE3cicLEhRSZXNvdXJjZUJ1bmRsZUVudGl0eSINbGVzc29uOjE1MzplcwyiARJuc190ZWFjaF9tb2JpbGVjc3A", "updated_on": "2018-05-31T13:35:50.106934Z", "data": "{}"},
    {"key.name": "lesson:157:es", "locale": "es", "key.id": null, "created_on": "2018-05-31T13:36:05.049347Z", "key": "ahBwfm1vYmlsZWNzcC0yMDE3cicLEhRSZXNvdXJjZUJ1bmRsZUVudGl0eSINbGVzc29uOjE1NzplcwyiARJuc190ZWFjaF9tb2JpbGVjc3A", "updated_on": "2018-05-31T13:36:05.049605Z", "data": "{}"},
    {"key.name": "lesson:160:es", "locale": "es", "key.id": null, "created_on": "2018-05-31T13:36:05.804232Z", "key": "ahBwfm1vYmlsZWNzcC0yMDE3cicLEhRSZXNvdXJjZUJ1bmRsZUVudGl0eSINbGVzc29uOjE2MDplcwyiARJuc190ZWFjaF9tb2JpbGVjc3A", "updated_on": "2018-05-31T13:36:05.804502Z", "data": "{}"},
    {"key.name": "lesson:161:es", "locale": "es", "key.id": null, "created_on": "2018-05-31T13:36:05.979790Z", "key": "ahBwfm1vYmlsZWNzcC0yMDE3cicLEhRSZXNvdXJjZUJ1bmRsZUVudGl0eSINbGVzc29uOjE2MTplcwyiARJuc190ZWFjaF9tb2JpbGVjc3A", "updated_on": "2018-05-31T13:36:05.979887Z", "data": "{}"},
    {"key.name": "lesson:162:es", "locale": "es", "key.id": null, "created_on": "2018-05-31T13:36:06.118045Z", "key": "ahBwfm1vYmlsZWNzcC0yMDE3cicLEhRSZXNvdXJjZUJ1bmRsZUVudGl0eSINbGVzc29uOjE2MjplcwyiARJuc190ZWFjaF9tb2JpbGVjc3A", "updated_on": "2018-05-31T13:36:06.118326Z", "data": "{}"},
    {"key.name": "lesson:163:es", "locale": "es", "key.id": null, "created_on": "2018-05-31T13:35:21.584293Z", "key": "ahBwfm1vYmlsZWNzcC0yMDE3cicLEhRSZXNvdXJjZUJ1bmRsZUVudGl0eSINbGVzc29uOjE2MzplcwyiARJuc190ZWFjaF9tb2JpbGVjc3A", "updated_on": "2018-05-31T13:35:21.584779Z", "data": "{}"},
    {"key.name": "lesson:165:es", "locale": "es", "key.id": null, "created_on": "2018-05-31T13:35:23.739102Z", "key": "ahBwfm1vYmlsZWNzcC0yMDE3cicLEhRSZXNvdXJjZUJ1bmRsZUVudGl0eSINbGVzc29uOjE2NTplcwyiARJuc190ZWFjaF9tb2JpbGVjc3A", "updated_on": "2018-05-31T13:35:23.739317Z", "data": "{}"},
    {"key.name": "lesson:166:es", "locale": "es", "key.id": null, "created_on": "2018-05-31T13:35:24.222008Z", "key": "ahBwfm1vYmlsZWNzcC0yMDE3cicLEhRSZXNvdXJjZUJ1bmRsZUVudGl0eSINbGVzc29uOjE2NjplcwyiARJuc190ZWFjaF9tb2JpbGVjc3A", "updated_on": "2018-05-31T13:35:24.222469Z", "data": "{}"},
    {"key.name": "lesson:167:es", "locale": "es", "key.id": null, "created_on": "2018-05-31T13:35:52.631659Z", "key": "ahBwfm1vYmlsZWNzcC0yMDE3cicLEhRSZXNvdXJjZUJ1bmRsZUVudGl0eSINbGVzc29uOjE2NzplcwyiARJuc190ZWFjaF9tb2JpbGVjc3A", "updated_on": "2018-05-31T13:35:52.631795Z", "data": "{}"},
    {"key.name": "lesson:169:es", "locale": "es", "key.id": null, "created_on": "2018-05-31T13:35:33.132867Z", "key": "ahBwfm1vYmlsZWNzcC0yMDE3cicLEhRSZXNvdXJjZUJ1bmRsZUVudGl0eSINbGVzc29uOjE2OTplcwyiARJuc190ZWFjaF9tb2JpbGVjc3A", "updated_on": "2018-05-31T13:35:33.133171Z", "data": "{}"},
    {"key.name": "lesson:170:es", "locale": "es", "key.id": null, "created_on": "2018-05-31T13:35:44.907374Z", "key": "ahBwfm1vYmlsZWNzcC0yMDE3cicLEhRSZXNvdXJjZUJ1bmRsZUVudGl0eSINbGVzc29uOjE3MDplcwyiARJuc190ZWFjaF9tb2JpbGVjc3A", "updated_on": "2018-05-31T13:35:44.907577Z", "data": "{}"},
    {"key.name": "lesson:172:es", "locale": "es", "key.id": null, "created_on": "2018-05-31T13:35:26.307288Z", "key": "ahBwfm1vYmlsZWNzcC0yMDE3cicLEhRSZXNvdXJjZUJ1bmRsZUVudGl0eSINbGVzc29uOjE3MjplcwyiARJuc190ZWFjaF9tb2JpbGVjc3A", "updated_on": "2018-05-31T13:35:26.307508Z", "data": "{}"},
    {"key.name": "lesson:173:es", "locale": "es", "key.id": null, "created_on": "2018-05-31T13:35:38.427844Z", "key": "ahBwfm1vYmlsZWNzcC0yMDE3cicLEhRSZXNvdXJjZUJ1bmRsZUVudGl0eSINbGVzc29uOjE3MzplcwyiARJuc190ZWFjaF9tb2JpbGVjc3A", "updated_on": "2018-05-31T13:35:38.428054Z", "data": "{}"},
    {"key.name": "lesson:174:es", "locale": "es", "key.id": null, "created_on": "2018-05-31T13:35:38.795787Z", "key": "ahBwfm1vYmlsZWNzcC0yMDE3cicLEhRSZXNvdXJjZUJ1bmRsZUVudGl0eSINbGVzc29uOjE3NDplcwyiARJuc190ZWFjaF9tb2JpbGVjc3A", "updated_on": "2018-05-31T13:35:38.795996Z", "data": "{}"},
    {"key.name": "lesson:175:es", "locale": "es", "key.id": null, "created_on": "2018-05-31T13:35:50.590379Z", "key": "ahBwfm1vYmlsZWNzcC0yMDE3cicLEhRSZXNvdXJjZUJ1bmRsZUVudGl0eSINbGVzc29uOjE3NTplcwyiARJuc190ZWFjaF9tb2JpbGVjc3A", "updated_on": "2018-05-31T13:35:50.590532Z", "data": "{}"},
    {"key.name": "lesson:176:es", "locale": "es", "key.id": null, "created_on": "2018-05-31T13:35:50.751567Z", "key": "ahBwfm1vYmlsZWNzcC0yMDE3cicLEhRSZXNvdXJjZUJ1bmRsZUVudGl0eSINbGVzc29uOjE3NjplcwyiARJuc190ZWFjaF9tb2JpbGVjc3A", "updated_on": "2018-05-31T13:35:50.751737Z", "data": "{}"},
    {"key.name": "lesson:177:es", "locale": "es", "key.id": null, "created_on": "2018-05-31T13:35:57.645492Z", "key": "ahBwfm1vYmlsZWNzcC0yMDE3cicLEhRSZXNvdXJjZUJ1bmRsZUVudGl0eSINbGVzc29uOjE3NzplcwyiARJuc190ZWFjaF9tb2JpbGVjc3A", "updated_on": "2018-05-31T13:35:57.645588Z", "data": "{}"},
    {"key.name": "lesson:179:es", "locale": "es", "key.id": null, "created_on": "2018-05-31T13:36:01.109604Z", "key": "ahBwfm1vYmlsZWNzcC0yMDE3cicLEhRSZXNvdXJjZUJ1bmRsZUVudGl0eSINbGVzc29uOjE3OTplcwyiARJuc190ZWFjaF9tb2JpbGVjc3A", "updated_on": "2018-05-31T13:36:01.109790Z", "data": "{}"},
    {"key.name": "lesson:17:es", "locale": "es", "key.id": null, "created_on": "2018-05-31T13:35:25.938235Z", "key": "ahBwfm1vYmlsZWNzcC0yMDE3ciYLEhRSZXNvdXJjZUJ1bmRsZUVudGl0eSIMbGVzc29uOjE3OmVzDKIBEm5zX3RlYWNoX21vYmlsZWNzcA", "updated_on": "2018-05-31T13:35:25.938393Z", "data": "{}"},
    {"key.name": "lesson:180:es", "locale": "es", "key.id": null, "created_on": "2018-05-31T13:36:01.260469Z", "key": "ahBwfm1vYmlsZWNzcC0yMDE3cicLEhRSZXNvdXJjZUJ1bmRsZUVudGl0eSINbGVzc29uOjE4MDplcwyiARJuc190ZWFjaF9tb2JpbGVjc3A", "updated_on": "2018-05-31T13:36:01.260642Z", "data": "{}"},
    {"key.name": "lesson:181:es", "locale": "es", "key.id": null, "created_on": "2018-05-31T13:35:58.088173Z", "key": "ahBwfm1vYmlsZWNzcC0yMDE3cicLEhRSZXNvdXJjZUJ1bmRsZUVudGl0eSINbGVzc29uOjE4MTplcwyiARJuc190ZWFjaF9tb2JpbGVjc3A", "updated_on": "2018-05-31T13:35:58.088416Z", "data": "{}"},
    {"key.name": "lesson:182:es", "locale": "es", "key.id": null, "created_on": "2018-05-31T13:35:58.600162Z", "key": "ahBwfm1vYmlsZWNzcC0yMDE3cicLEhRSZXNvdXJjZUJ1bmRsZUVudGl0eSINbGVzc29uOjE4MjplcwyiARJuc190ZWFjaF9tb2JpbGVjc3A", "updated_on": "2018-05-31T13:35:58.600500Z", "data": "{}"},
    {"key.name": "lesson:184:es", "locale": "es", "key.id": null, "created_on": "2018-05-31T13:35:28.015731Z", "key": "ahBwfm1vYmlsZWNzcC0yMDE3cicLEhRSZXNvdXJjZUJ1bmRsZUVudGl0eSINbGVzc29uOjE4NDplcwyiARJuc190ZWFjaF9tb2JpbGVjc3A", "updated_on": "2018-05-31T13:35:28.015924Z", "data": "{}"},
    {"key.name": "lesson:185:es", "locale": "es", "key.id": null, "created_on": "2018-05-31T13:36:07.074097Z", "key": "ahBwfm1vYmlsZWNzcC0yMDE3cicLEhRSZXNvdXJjZUJ1bmRsZUVudGl0eSINbGVzc29uOjE4NTplcwyiARJuc190ZWFjaF9tb2JpbGVjc3A", "updated_on": "2018-05-31T13:36:07.074308Z", "data": "{}"},
    {"key.name": "lesson:186:es", "locale": "es", "key.id": null, "created_on": "2018-05-31T13:35:59.860523Z", "key": "ahBwfm1vYmlsZWNzcC0yMDE3cicLEhRSZXNvdXJjZUJ1bmRsZUVudGl0eSINbGVzc29uOjE4NjplcwyiARJuc190ZWFjaF9tb2JpbGVjc3A", "updated_on": "2018-05-31T13:35:59.860664Z", "data": "{}"},
    {"key.name": "lesson:187:es", "locale": "es", "key.id": null, "created_on": "2018-05-31T13:36:01.828012Z", "key": "ahBwfm1vYmlsZWNzcC0yMDE3cicLEhRSZXNvdXJjZUJ1bmRsZUVudGl0eSINbGVzc29uOjE4NzplcwyiARJuc190ZWFjaF9tb2JpbGVjc3A", "updated_on": "2018-05-31T13:36:01.828446Z", "data": "{}"},
    {"key.name": "lesson:188:es", "locale": "es", "key.id": null, "created_on": "2018-05-31T13:35:35.053822Z", "key": "ahBwfm1vYmlsZWNzcC0yMDE3cicLEhRSZXNvdXJjZUJ1bmRsZUVudGl0eSINbGVzc29uOjE4ODplcwyiARJuc190ZWFjaF9tb2JpbGVjc3A", "updated_on": "2018-05-31T13:35:35.054032Z", "data": "{}"},
    {"key.name": "lesson:189:es", "locale": "es", "key.id": null, "created_on": "2018-05-31T13:35:35.215670Z", "key": "ahBwfm1vYmlsZWNzcC0yMDE3cicLEhRSZXNvdXJjZUJ1bmRsZUVudGl0eSINbGVzc29uOjE4OTplcwyiARJuc190ZWFjaF9tb2JpbGVjc3A", "updated_on": "2018-05-31T13:35:35.215894Z", "data": "{}"},
    {"key.name": "lesson:18:es", "locale": "es", "key.id": null, "created_on": "2018-05-31T13:35:25.646288Z", "key": "ahBwfm1vYmlsZWNzcC0yMDE3ciYLEhRSZXNvdXJjZUJ1bmRsZUVudGl0eSIMbGVzc29uOjE4OmVzDKIBEm5zX3RlYWNoX21vYmlsZWNzcA", "updated_on": "2018-05-31T13:35:25.646531Z", "data": "{}"},
    {"key.name": "lesson:190:es", "locale": "es", "key.id": null, "created_on": "2018-05-31T13:35:44.443287Z", "key": "ahBwfm1vYmlsZWNzcC0yMDE3cicLEhRSZXNvdXJjZUJ1bmRsZUVudGl0eSINbGVzc29uOjE5MDplcwyiARJuc190ZWFjaF9tb2JpbGVjc3A", "updated_on": "2018-05-31T13:35:44.443407Z", "data": "{}"},
    {"key.name": "lesson:191:es", "locale": "es", "key.id": null, "created_on": "2018-05-31T13:35:52.238465Z", "key": "ahBwfm1vYmlsZWNzcC0yMDE3cicLEhRSZXNvdXJjZUJ1bmRsZUVudGl0eSINbGVzc29uOjE5MTplcwyiARJuc190ZWFjaF9tb2JpbGVjc3A", "updated_on": "2018-05-31T13:35:52.238630Z", "data": "{}"},
    {"key.name": "lesson:192:es", "locale": "es", "key.id": null, "created_on": "2018-05-31T13:35:46.763740Z", "key": "ahBwfm1vYmlsZWNzcC0yMDE3cicLEhRSZXNvdXJjZUJ1bmRsZUVudGl0eSINbGVzc29uOjE5MjplcwyiARJuc190ZWFjaF9tb2JpbGVjc3A", "updated_on": "2018-05-31T13:35:46.764040Z", "data": "{}"},
    {"key.name": "lesson:193:es", "locale": "es", "key.id": null, "created_on": "2018-05-31T13:35:46.980929Z", "key": "ahBwfm1vYmlsZWNzcC0yMDE3cicLEhRSZXNvdXJjZUJ1bmRsZUVudGl0eSINbGVzc29uOjE5MzplcwyiARJuc190ZWFjaF9tb2JpbGVjc3A", "updated_on": "2018-05-31T13:35:46.981097Z", "data": "{}"},
    {"key.name": "lesson:19:es", "locale": "es", "key.id": null, "created_on": "2018-05-31T13:35:26.186769Z", "key": "ahBwfm1vYmlsZWNzcC0yMDE3ciYLEhRSZXNvdXJjZUJ1bmRsZUVudGl0eSIMbGVzc29uOjE5OmVzDKIBEm5zX3RlYWNoX21vYmlsZWNzcA", "updated_on": "2018-05-31T13:35:26.186916Z", "data": "{}"},
    {"key.name": "lesson:20:es", "locale": "es", "key.id": null, "created_on": "2018-05-31T13:35:26.071569Z", "key": "ahBwfm1vYmlsZWNzcC0yMDE3ciYLEhRSZXNvdXJjZUJ1bmRsZUVudGl0eSIMbGVzc29uOjIwOmVzDKIBEm5zX3RlYWNoX21vYmlsZWNzcA", "updated_on": "2018-05-31T13:35:26.071747Z", "data": "{}"},
    {"key.name": "lesson:22:es", "locale": "es", "key.id": null, "created_on": "2018-05-31T13:36:06.548318Z", "key": "ahBwfm1vYmlsZWNzcC0yMDE3ciYLEhRSZXNvdXJjZUJ1bmRsZUVudGl0eSIMbGVzc29uOjIyOmVzDKIBEm5zX3RlYWNoX21vYmlsZWNzcA", "updated_on": "2018-05-31T13:36:06.548419Z", "data": "{}"},
    {"key.name": "lesson:23:es", "locale": "es", "key.id": null, "created_on": "2018-05-31T13:35:26.781336Z", "key": "ahBwfm1vYmlsZWNzcC0yMDE3ciYLEhRSZXNvdXJjZUJ1bmRsZUVudGl0eSIMbGVzc29uOjIzOmVzDKIBEm5zX3RlYWNoX21vYmlsZWNzcA", "updated_on": "2018-05-31T13:35:26.781557Z", "data": "{}"},
    {"key.name": "lesson:24:es", "locale": "es", "key.id": null, "created_on": "2018-05-31T13:36:06.780296Z", "key": "ahBwfm1vYmlsZWNzcC0yMDE3ciYLEhRSZXNvdXJjZUJ1bmRsZUVudGl0eSIMbGVzc29uOjI0OmVzDKIBEm5zX3RlYWNoX21vYmlsZWNzcA", "updated_on": "2018-05-31T13:36:06.780410Z", "data": "{}"},
    {"key.name": "lesson:25:es", "locale": "es", "key.id": null, "created_on": "2018-05-31T13:35:27.246205Z", "key": "ahBwfm1vYmlsZWNzcC0yMDE3ciYLEhRSZXNvdXJjZUJ1bmRsZUVudGl0eSIMbGVzc29uOjI1OmVzDKIBEm5zX3RlYWNoX21vYmlsZWNzcA", "updated_on": "2018-05-31T13:35:27.246505Z", "data": "{}"},
    {"key.name": "lesson:37:es", "locale": "es", "key.id": null, "created_on": "2018-05-31T13:35:19.081646Z", "key": "ahBwfm1vYmlsZWNzcC0yMDE3ciYLEhRSZXNvdXJjZUJ1bmRsZUVudGl0eSIMbGVzc29uOjM3OmVzDKIBEm5zX3RlYWNoX21vYmlsZWNzcA", "updated_on": "2018-05-31T13:35:19.082299Z", "data": "{}"},
    {"key.name": "lesson:38:es", "locale": "es", "key.id": null, "created_on": "2018-05-31T13:35:19.579648Z", "key": "ahBwfm1vYmlsZWNzcC0yMDE3ciYLEhRSZXNvdXJjZUJ1bmRsZUVudGl0eSIMbGVzc29uOjM4OmVzDKIBEm5zX3RlYWNoX21vYmlsZWNzcA", "updated_on": "2018-05-31T13:35:19.579781Z", "data": "{}"},
    {"key.name": "lesson:39:es", "locale": "es", "key.id": null, "created_on": "2018-05-31T13:35:20.049071Z", "key": "ahBwfm1vYmlsZWNzcC0yMDE3ciYLEhRSZXNvdXJjZUJ1bmRsZUVudGl0eSIMbGVzc29uOjM5OmVzDKIBEm5zX3RlYWNoX21vYmlsZWNzcA", "updated_on": "2018-05-31T13:35:20.049352Z", "data": "{}"},
    {"key.name": "lesson:40:es", "locale": "es", "key.id": null, "created_on": "2018-05-31T13:35:20.213337Z", "key": "ahBwfm1vYmlsZWNzcC0yMDE3ciYLEhRSZXNvdXJjZUJ1bmRsZUVudGl0eSIMbGVzc29uOjQwOmVzDKIBEm5zX3RlYWNoX21vYmlsZWNzcA", "updated_on": "2018-05-31T13:35:20.213527Z", "data": "{}"},
    {"key.name": "lesson:42:es", "locale": "es", "key.id": null, "created_on": "2018-05-31T13:35:23.579828Z", "key": "ahBwfm1vYmlsZWNzcC0yMDE3ciYLEhRSZXNvdXJjZUJ1bmRsZUVudGl0eSIMbGVzc29uOjQyOmVzDKIBEm5zX3RlYWNoX21vYmlsZWNzcA", "updated_on": "2018-05-31T13:35:23.580038Z", "data": "{}"},
    {"key.name": "lesson:44:es", "locale": "es", "key.id": null, "created_on": "2018-05-31T13:35:23.877597Z", "key": "ahBwfm1vYmlsZWNzcC0yMDE3ciYLEhRSZXNvdXJjZUJ1bmRsZUVudGl0eSIMbGVzc29uOjQ0OmVzDKIBEm5zX3RlYWNoX21vYmlsZWNzcA", "updated_on": "2018-05-31T13:35:23.877928Z", "data": "{}"},
    {"key.name": "lesson:45:es", "locale": "es", "key.id": null, "created_on": "2018-05-31T13:35:24.417724Z", "key": "ahBwfm1vYmlsZWNzcC0yMDE3ciYLEhRSZXNvdXJjZUJ1bmRsZUVudGl0eSIMbGVzc29uOjQ1OmVzDKIBEm5zX3RlYWNoX21vYmlsZWNzcA", "updated_on": "2018-05-31T13:35:24.417940Z", "data": "{}"},
    {"key.name": "lesson:47:es", "locale": "es", "key.id": null, "created_on": "2018-05-31T13:35:29.093897Z", "key": "ahBwfm1vYmlsZWNzcC0yMDE3ciYLEhRSZXNvdXJjZUJ1bmRsZUVudGl0eSIMbGVzc29uOjQ3OmVzDKIBEm5zX3RlYWNoX21vYmlsZWNzcA", "updated_on": "2018-05-31T13:35:29.094184Z", "data": "{}"},
    {"key.name": "lesson:49:es", "locale": "es", "key.id": null, "created_on": "2018-05-31T13:35:29.246911Z", "key": "ahBwfm1vYmlsZWNzcC0yMDE3ciYLEhRSZXNvdXJjZUJ1bmRsZUVudGl0eSIMbGVzc29uOjQ5OmVzDKIBEm5zX3RlYWNoX21vYmlsZWNzcA", "updated_on": "2018-05-31T13:35:29.247100Z", "data": "{}"},
    {"key.name": "lesson:4:es", "locale": "es", "key.id": null, "created_on": "2018-05-31T13:35:18.605863Z", "key": "ahBwfm1vYmlsZWNzcC0yMDE3ciULEhRSZXNvdXJjZUJ1bmRsZUVudGl0eSILbGVzc29uOjQ6ZXMMogESbnNfdGVhY2hfbW9iaWxlY3Nw", "updated_on": "2018-05-31T13:35:18.606165Z", "data": "{}"},
    {"key.name": "lesson:50:es", "locale": "es", "key.id": null, "created_on": "2018-05-31T13:35:29.410968Z", "key": "ahBwfm1vYmlsZWNzcC0yMDE3ciYLEhRSZXNvdXJjZUJ1bmRsZUVudGl0eSIMbGVzc29uOjUwOmVzDKIBEm5zX3RlYWNoX21vYmlsZWNzcA", "updated_on": "2018-05-31T13:35:29.411227Z", "data": "{}"},
    {"key.name": "lesson:51:es", "locale": "es", "key.id": null, "created_on": "2018-05-31T13:35:18.822919Z", "key": "ahBwfm1vYmlsZWNzcC0yMDE3ciYLEhRSZXNvdXJjZUJ1bmRsZUVudGl0eSIMbGVzc29uOjUxOmVzDKIBEm5zX3RlYWNoX21vYmlsZWNzcA", "updated_on": "2018-05-31T13:35:18.823245Z", "data": "{}"},
    {"key.name": "lesson:52:es", "locale": "es", "key.id": null, "created_on": "2018-05-31T13:35:19.760062Z", "key": "ahBwfm1vYmlsZWNzcC0yMDE3ciYLEhRSZXNvdXJjZUJ1bmRsZUVudGl0eSIMbGVzc29uOjUyOmVzDKIBEm5zX3RlYWNoX21vYmlsZWNzcA", "updated_on": "2018-05-31T13:35:19.760532Z", "data": "{}"},
    {"key.name": "lesson:53:es", "locale": "es", "key.id": null, "created_on": "2018-05-31T13:35:24.080515Z", "key": "ahBwfm1vYmlsZWNzcC0yMDE3ciYLEhRSZXNvdXJjZUJ1bmRsZUVudGl0eSIMbGVzc29uOjUzOmVzDKIBEm5zX3RlYWNoX21vYmlsZWNzcA", "updated_on": "2018-05-31T13:35:24.080739Z", "data": "{}"},
    {"key.name": "lesson:54:es", "locale": "es", "key.id": null, "created_on": "2018-05-31T13:35:24.574999Z", "key": "ahBwfm1vYmlsZWNzcC0yMDE3ciYLEhRSZXNvdXJjZUJ1bmRsZUVudGl0eSIMbGVzc29uOjU0OmVzDKIBEm5zX3RlYWNoX21vYmlsZWNzcA", "updated_on": "2018-05-31T13:35:24.575296Z", "data": "{}"},
    {"key.name": "lesson:55:es", "locale": "es", "key.id": null, "created_on": "2018-05-31T13:35:25.153707Z", "key": "ahBwfm1vYmlsZWNzcC0yMDE3ciYLEhRSZXNvdXJjZUJ1bmRsZUVudGl0eSIMbGVzc29uOjU1OmVzDKIBEm5zX3RlYWNoX21vYmlsZWNzcA", "updated_on": "2018-05-31T13:35:25.153810Z", "data": "{}"},
    {"key.name": "lesson:56:es", "locale": "es", "key.id": null, "created_on": "2018-05-31T13:35:24.786441Z", "key": "ahBwfm1vYmlsZWNzcC0yMDE3ciYLEhRSZXNvdXJjZUJ1bmRsZUVudGl0eSIMbGVzc29uOjU2OmVzDKIBEm5zX3RlYWNoX21vYmlsZWNzcA", "updated_on": "2018-05-31T13:35:24.786658Z", "data": "{}"},
    {"key.name": "lesson:58:es", "locale": "es", "key.id": null, "created_on": "2018-05-31T13:35:28.549180Z", "key": "ahBwfm1vYmlsZWNzcC0yMDE3ciYLEhRSZXNvdXJjZUJ1bmRsZUVudGl0eSIMbGVzc29uOjU4OmVzDKIBEm5zX3RlYWNoX21vYmlsZWNzcA", "updated_on": "2018-05-31T13:35:28.549278Z", "data": "{}"},
    {"key.name": "lesson:59:es", "locale": "es", "key.id": null, "created_on": "2018-05-31T13:35:29.847791Z", "key": "ahBwfm1vYmlsZWNzcC0yMDE3ciYLEhRSZXNvdXJjZUJ1bmRsZUVudGl0eSIMbGVzc29uOjU5OmVzDKIBEm5zX3RlYWNoX21vYmlsZWNzcA", "updated_on": "2018-05-31T13:35:29.847924Z", "data": "{}"},
    {"key.name": "lesson:5:es", "locale": "es", "key.id": null, "created_on": "2018-05-31T13:35:23.429805Z", "key": "ahBwfm1vYmlsZWNzcC0yMDE3ciULEhRSZXNvdXJjZUJ1bmRsZUVudGl0eSILbGVzc29uOjU6ZXMMogESbnNfdGVhY2hfbW9iaWxlY3Nw", "updated_on": "2018-05-31T13:35:23.430163Z", "data": "{}"},
    {"key.name": "lesson:60:es", "locale": "es", "key.id": null, "created_on": "2018-05-31T13:35:30.585507Z", "key": "ahBwfm1vYmlsZWNzcC0yMDE3ciYLEhRSZXNvdXJjZUJ1bmRsZUVudGl0eSIMbGVzc29uOjYwOmVzDKIBEm5zX3RlYWNoX21vYmlsZWNzcA", "updated_on": "2018-05-31T13:35:30.585759Z", "data": "{}"},
    {"key.name": "lesson:61:es", "locale": "es", "key.id": null, "created_on": "2018-05-31T13:35:31.139877Z", "key": "ahBwfm1vYmlsZWNzcC0yMDE3ciYLEhRSZXNvdXJjZUJ1bmRsZUVudGl0eSIMbGVzc29uOjYxOmVzDKIBEm5zX3RlYWNoX21vYmlsZWNzcA", "updated_on": "2018-05-31T13:35:31.140231Z", "data": "{}"},
    {"key.name": "lesson:62:es", "locale": "es", "key.id": null, "created_on": "2018-05-31T13:35:32.883468Z", "key": "ahBwfm1vYmlsZWNzcC0yMDE3ciYLEhRSZXNvdXJjZUJ1bmRsZUVudGl0eSIMbGVzc29uOjYyOmVzDKIBEm5zX3RlYWNoX21vYmlsZWNzcA", "updated_on": "2018-05-31T13:35:32.883918Z", "data": "{}"},
    {"key.name": "lesson:64:es", "locale": "es", "key.id": null, "created_on": "2018-05-31T13:35:59.451307Z", "key": "ahBwfm1vYmlsZWNzcC0yMDE3ciYLEhRSZXNvdXJjZUJ1bmRsZUVudGl0eSIMbGVzc29uOjY0OmVzDKIBEm5zX3RlYWNoX21vYmlsZWNzcA", "updated_on": "2018-05-31T13:35:59.451489Z", "data": "{}"},
    {"key.name": "lesson:65:es", "locale": "es", "key.id": null, "created_on": "2018-05-31T13:35:59.722240Z", "key": "ahBwfm1vYmlsZWNzcC0yMDE3ciYLEhRSZXNvdXJjZUJ1bmRsZUVudGl0eSIMbGVzc29uOjY1OmVzDKIBEm5zX3RlYWNoX21vYmlsZWNzcA", "updated_on": "2018-05-31T13:35:59.722553Z", "data": "{}"},
    {"key.name": "lesson:66:es", "locale": "es", "key.id": null, "created_on": "2018-05-31T13:36:00.033226Z", "key": "ahBwfm1vYmlsZWNzcC0yMDE3ciYLEhRSZXNvdXJjZUJ1bmRsZUVudGl0eSIMbGVzc29uOjY2OmVzDKIBEm5zX3RlYWNoX21vYmlsZWNzcA", "updated_on": "2018-05-31T13:36:00.033416Z", "data": "{}"},
    {"key.name": "lesson:67:es", "locale": "es", "key.id": null, "created_on": "2018-05-31T13:35:20.341712Z", "key": "ahBwfm1vYmlsZWNzcC0yMDE3ciYLEhRSZXNvdXJjZUJ1bmRsZUVudGl0eSIMbGVzc29uOjY3OmVzDKIBEm5zX3RlYWNoX21vYmlsZWNzcA", "updated_on": "2018-05-31T13:35:20.341946Z", "data": "{}"},
    {"key.name": "lesson:68:es", "locale": "es", "key.id": null, "created_on": "2018-05-31T13:35:36.551550Z", "key": "ahBwfm1vYmlsZWNzcC0yMDE3ciYLEhRSZXNvdXJjZUJ1bmRsZUVudGl0eSIMbGVzc29uOjY4OmVzDKIBEm5zX3RlYWNoX21vYmlsZWNzcA", "updated_on": "2018-05-31T13:35:36.551710Z", "data": "{}"},
    {"key.name": "lesson:69:es", "locale": "es", "key.id": null, "created_on": "2018-05-31T13:35:20.911093Z", "key": "ahBwfm1vYmlsZWNzcC0yMDE3ciYLEhRSZXNvdXJjZUJ1bmRsZUVudGl0eSIMbGVzc29uOjY5OmVzDKIBEm5zX3RlYWNoX21vYmlsZWNzcA", "updated_on": "2018-05-31T13:35:20.911199Z", "data": "{}"},
    {"key.name": "lesson:73:es", "locale": "es", "key.id": null, "created_on": "2018-05-31T13:35:34.491259Z", "key": "ahBwfm1vYmlsZWNzcC0yMDE3ciYLEhRSZXNvdXJjZUJ1bmRsZUVudGl0eSIMbGVzc29uOjczOmVzDKIBEm5zX3RlYWNoX21vYmlsZWNzcA", "updated_on": "2018-05-31T13:35:34.491467Z", "data": "{}"},
    {"key.name": "lesson:74:es", "locale": "es", "key.id": null, "created_on": "2018-05-31T13:35:27.797651Z", "key": "ahBwfm1vYmlsZWNzcC0yMDE3ciYLEhRSZXNvdXJjZUJ1bmRsZUVudGl0eSIMbGVzc29uOjc0OmVzDKIBEm5zX3RlYWNoX21vYmlsZWNzcA", "updated_on": "2018-05-31T13:35:27.798003Z", "data": "{}"},
    {"key.name": "lesson:75:es", "locale": "es", "key.id": null, "created_on": "2018-05-31T13:35:52.412557Z", "key": "ahBwfm1vYmlsZWNzcC0yMDE3ciYLEhRSZXNvdXJjZUJ1bmRsZUVudGl0eSIMbGVzc29uOjc1OmVzDKIBEm5zX3RlYWNoX21vYmlsZWNzcA", "updated_on": "2018-05-31T13:35:52.412654Z", "data": "{}"},
    {"key.name": "lesson:76:es", "locale": "es", "key.id": null, "created_on": "2018-05-31T13:35:52.885283Z", "key": "ahBwfm1vYmlsZWNzcC0yMDE3ciYLEhRSZXNvdXJjZUJ1bmRsZUVudGl0eSIMbGVzc29uOjc2OmVzDKIBEm5zX3RlYWNoX21vYmlsZWNzcA", "updated_on": "2018-05-31T13:35:52.885595Z", "data": "{}"},
    {"key.name": "lesson:77:es", "locale": "es", "key.id": null, "created_on": "2018-05-31T13:35:30.050436Z", "key": "ahBwfm1vYmlsZWNzcC0yMDE3ciYLEhRSZXNvdXJjZUJ1bmRsZUVudGl0eSIMbGVzc29uOjc3OmVzDKIBEm5zX3RlYWNoX21vYmlsZWNzcA", "updated_on": "2018-05-31T13:35:30.050765Z", "data": "{}"},
    {"key.name": "lesson:78:es", "locale": "es", "key.id": null, "created_on": "2018-05-31T13:35:33.292467Z", "key": "ahBwfm1vYmlsZWNzcC0yMDE3ciYLEhRSZXNvdXJjZUJ1bmRsZUVudGl0eSIMbGVzc29uOjc4OmVzDKIBEm5zX3RlYWNoX21vYmlsZWNzcA", "updated_on": "2018-05-31T13:35:33.292805Z", "data": "{}"},
    {"key.name": "lesson:79:es", "locale": "es", "key.id": null, "created_on": "2018-05-31T13:36:04.011804Z", "key": "ahBwfm1vYmlsZWNzcC0yMDE3ciYLEhRSZXNvdXJjZUJ1bmRsZUVudGl0eSIMbGVzc29uOjc5OmVzDKIBEm5zX3RlYWNoX21vYmlsZWNzcA", "updated_on": "2018-05-31T13:36:04.011905Z", "data": "{}"},
    {"key.name": "lesson:80:es", "locale": "es", "key.id": null, "created_on": "2018-05-31T13:35:29.659693Z", "key": "ahBwfm1vYmlsZWNzcC0yMDE3ciYLEhRSZXNvdXJjZUJ1bmRsZUVudGl0eSIMbGVzc29uOjgwOmVzDKIBEm5zX3RlYWNoX21vYmlsZWNzcA", "updated_on": "2018-05-31T13:35:29.659931Z", "data": "{}"},
    {"key.name": "lesson:81:es", "locale": "es", "key.id": null, "created_on": "2018-05-31T13:35:34.637003Z", "key": "ahBwfm1vYmlsZWNzcC0yMDE3ciYLEhRSZXNvdXJjZUJ1bmRsZUVudGl0eSIMbGVzc29uOjgxOmVzDKIBEm5zX3RlYWNoX21vYmlsZWNzcA", "updated_on": "2018-05-31T13:35:34.637229Z", "data": "{}"},
    {"key.name": "lesson:82:es", "locale": "es", "key.id": null, "created_on": "2018-05-31T13:35:34.775282Z", "key": "ahBwfm1vYmlsZWNzcC0yMDE3ciYLEhRSZXNvdXJjZUJ1bmRsZUVudGl0eSIMbGVzc29uOjgyOmVzDKIBEm5zX3RlYWNoX21vYmlsZWNzcA", "updated_on": "2018-05-31T13:35:34.775503Z", "data": "{}"},
    {"key.name": "lesson:83:es", "locale": "es", "key.id": null, "created_on": "2018-05-31T13:35:34.909355Z", "key": "ahBwfm1vYmlsZWNzcC0yMDE3ciYLEhRSZXNvdXJjZUJ1bmRsZUVudGl0eSIMbGVzc29uOjgzOmVzDKIBEm5zX3RlYWNoX21vYmlsZWNzcA", "updated_on": "2018-05-31T13:35:34.909575Z", "data": "{}"},
    {"key.name": "lesson:84:es", "locale": "es", "key.id": null, "created_on": "2018-05-31T13:35:35.715230Z", "key": "ahBwfm1vYmlsZWNzcC0yMDE3ciYLEhRSZXNvdXJjZUJ1bmRsZUVudGl0eSIMbGVzc29uOjg0OmVzDKIBEm5zX3RlYWNoX21vYmlsZWNzcA", "updated_on": "2018-05-31T13:35:35.715558Z", "data": "{}"},
    {"key.name": "lesson:85:es", "locale": "es", "key.id": null, "created_on": "2018-05-31T13:35:53.804131Z", "key": "ahBwfm1vYmlsZWNzcC0yMDE3ciYLEhRSZXNvdXJjZUJ1bmRsZUVudGl0eSIMbGVzc29uOjg1OmVzDKIBEm5zX3RlYWNoX21vYmlsZWNzcA", "updated_on": "2018-05-31T13:35:53.804466Z", "data": "{}"},
    {"key.name": "lesson:86:es", "locale": "es", "key.id": null, "created_on": "2018-05-31T13:35:53.980101Z", "key": "ahBwfm1vYmlsZWNzcC0yMDE3ciYLEhRSZXNvdXJjZUJ1bmRsZUVudGl0eSIMbGVzc29uOjg2OmVzDKIBEm5zX3RlYWNoX21vYmlsZWNzcA", "updated_on": "2018-05-31T13:35:53.980602Z", "data": "{}"},
    {"key.name": "lesson:87:es", "locale": "es", "key.id": null, "created_on": "2018-05-31T13:35:36.043485Z", "key": "ahBwfm1vYmlsZWNzcC0yMDE3ciYLEhRSZXNvdXJjZUJ1bmRsZUVudGl0eSIMbGVzc29uOjg3OmVzDKIBEm5zX3RlYWNoX21vYmlsZWNzcA", "updated_on": "2018-05-31T13:35:36.043952Z", "data": "{}"},
    {"key.name": "lesson:88:es", "locale": "es", "key.id": null, "created_on": "2018-05-31T13:35:36.707217Z", "key": "ahBwfm1vYmlsZWNzcC0yMDE3ciYLEhRSZXNvdXJjZUJ1bmRsZUVudGl0eSIMbGVzc29uOjg4OmVzDKIBEm5zX3RlYWNoX21vYmlsZWNzcA", "updated_on": "2018-05-31T13:35:36.707319Z", "data": "{}"},
    {"key.name": "lesson:89:es", "locale": "es", "key.id": null, "created_on": "2018-05-31T13:35:36.847027Z", "key": "ahBwfm1vYmlsZWNzcC0yMDE3ciYLEhRSZXNvdXJjZUJ1bmRsZUVudGl0eSIMbGVzc29uOjg5OmVzDKIBEm5zX3RlYWNoX21vYmlsZWNzcA", "updated_on": "2018-05-31T13:35:36.847579Z", "data": "{}"},
    {"key.name": "lesson:90:es", "locale": "es", "key.id": null, "created_on": "2018-05-31T13:36:00.178253Z", "key": "ahBwfm1vYmlsZWNzcC0yMDE3ciYLEhRSZXNvdXJjZUJ1bmRsZUVudGl0eSIMbGVzc29uOjkwOmVzDKIBEm5zX3RlYWNoX21vYmlsZWNzcA", "updated_on": "2018-05-31T13:36:00.178446Z", "data": "{}"},
    {"key.name": "lesson:93:es", "locale": "es", "key.id": null, "created_on": "2018-05-31T13:35:39.396862Z", "key": "ahBwfm1vYmlsZWNzcC0yMDE3ciYLEhRSZXNvdXJjZUJ1bmRsZUVudGl0eSIMbGVzc29uOjkzOmVzDKIBEm5zX3RlYWNoX21vYmlsZWNzcA", "updated_on": "2018-05-31T13:35:39.397074Z", "data": "{}"},
    {"key.name": "lesson:94:es", "locale": "es", "key.id": null, "created_on": "2018-05-31T13:35:54.149391Z", "key": "ahBwfm1vYmlsZWNzcC0yMDE3ciYLEhRSZXNvdXJjZUJ1bmRsZUVudGl0eSIMbGVzc29uOjk0OmVzDKIBEm5zX3RlYWNoX21vYmlsZWNzcA", "updated_on": "2018-05-31T13:35:54.149725Z", "data": "{}"},
    {"key.name": "lesson:95:es", "locale": "es", "key.id": null, "created_on": "2018-05-31T13:36:03.884288Z", "key": "ahBwfm1vYmlsZWNzcC0yMDE3ciYLEhRSZXNvdXJjZUJ1bmRsZUVudGl0eSIMbGVzc29uOjk1OmVzDKIBEm5zX3RlYWNoX21vYmlsZWNzcA", "updated_on": "2018-05-31T13:36:03.884512Z", "data": "{}"},
    {"key.name": "lesson:96:es", "locale": "es", "key.id": null, "created_on": "2018-05-31T13:35:38.160422Z", "key": "ahBwfm1vYmlsZWNzcC0yMDE3ciYLEhRSZXNvdXJjZUJ1bmRsZUVudGl0eSIMbGVzc29uOjk2OmVzDKIBEm5zX3RlYWNoX21vYmlsZWNzcA", "updated_on": "2018-05-31T13:35:38.160912Z", "data": "{}"},
    {"key.name": "lesson:97:es", "locale": "es", "key.id": null, "created_on": "2018-05-31T13:36:03.750108Z", "key": "ahBwfm1vYmlsZWNzcC0yMDE3ciYLEhRSZXNvdXJjZUJ1bmRsZUVudGl0eSIMbGVzc29uOjk3OmVzDKIBEm5zX3RlYWNoX21vYmlsZWNzcA", "updated_on": "2018-05-31T13:36:03.750324Z", "data": "{}"},
    {"key.name": "lesson:98:es", "locale": "es", "key.id": null, "created_on": "2018-05-31T13:35:37.329780Z", "key": "ahBwfm1vYmlsZWNzcC0yMDE3ciYLEhRSZXNvdXJjZUJ1bmRsZUVudGl0eSIMbGVzc29uOjk4OmVzDKIBEm5zX3RlYWNoX21vYmlsZWNzcA", "updated_on": "2018-05-31T13:35:37.329941Z", "data": "{}"},
    {"key.name": "lesson:99:es", "locale": "es", "key.id": null, "created_on": "2018-05-31T13:35:38.609873Z", "key": "ahBwfm1vYmlsZWNzcC0yMDE3ciYLEhRSZXNvdXJjZUJ1bmRsZUVudGl0eSIMbGVzc29uOjk5OmVzDKIBEm5zX3RlYWNoX21vYmlsZWNzcA", "updated_on": "2018-05-31T13:35:38.610094Z", "data": "{}"},
    {"key.name": "question_group:5676830073815040:es", "locale": "es", "key.id": null, "created_on": "2018-05-31T13:36:52.290372Z", "key": "ahBwfm1vYmlsZWNzcC0yMDE3cjwLEhRSZXNvdXJjZUJ1bmRsZUVudGl0eSIicXVlc3Rpb25fZ3JvdXA6NTY3NjgzMDA3MzgxNTA0MDplcwyiARJuc190ZWFjaF9tb2JpbGVjc3A", "updated_on": "2018-05-31T13:36:52.290523Z", "data": "{}"},
    {"key.name": "question_mc:4521931353096192:es", "locale": "es", "key.id": null, "created_on": "2018-05-31T13:36:07.487831Z", "key": "ahBwfm1vYmlsZWNzcC0yMDE3cjkLEhRSZXNvdXJjZUJ1bmRsZUVudGl0eSIfcXVlc3Rpb25fbWM6NDUyMTkzMTM1MzA5NjE5MjplcwyiARJuc190ZWFjaF9tb2JpbGVjc3A", "updated_on": "2018-05-31T13:36:07.488599Z", "data": "{}"},
    {"key.name": "question_mc:4536858579042304:es", "locale": "es", "key.id": null, "created_on": "2018-05-31T13:36:07.798184Z", "key": "ahBwfm1vYmlsZWNzcC0yMDE3cjkLEhRSZXNvdXJjZUJ1bmRsZUVudGl0eSIfcXVlc3Rpb25fbWM6NDUzNjg1ODU3OTA0MjMwNDplcwyiARJuc190ZWFjaF9tb2JpbGVjc3A", "updated_on": "2018-05-31T13:36:07.798349Z", "data": "{}"},
    {"key.name": "question_mc:4603107375841280:es", "locale": "es", "key.id": null, "created_on": "2018-05-31T13:36:44.741589Z", "key": "ahBwfm1vYmlsZWNzcC0yMDE3cjkLEhRSZXNvdXJjZUJ1bmRsZUVudGl0eSIfcXVlc3Rpb25fbWM6NDYwMzEwNzM3NTg0MTI4MDplcwyiARJuc190ZWFjaF9tb2JpbGVjc3A", "updated_on": "2018-05-31T13:36:44.741891Z", "data": "{}"},
    {"key.name": "question_mc:4603411647430656:es", "locale": "es", "key.id": null, "created_on": "2018-05-31T13:36:24.441857Z", "key": "ahBwfm1vYmlsZWNzcC0yMDE3cjkLEhRSZXNvdXJjZUJ1bmRsZUVudGl0eSIfcXVlc3Rpb25fbWM6NDYwMzQxMTY0NzQzMDY1NjplcwyiARJuc190ZWFjaF9tb2JpbGVjc3A", "updated_on": "2018-05-31T13:36:24.442014Z", "data": "{}"},
    {"key.name": "question_mc:4620077865369600:es", "locale": "es", "key.id": null, "created_on": "2018-05-31T13:36:22.802316Z", "key": "ahBwfm1vYmlsZWNzcC0yMDE3cjkLEhRSZXNvdXJjZUJ1bmRsZUVudGl0eSIfcXVlc3Rpb25fbWM6NDYyMDA3Nzg2NTM2OTYwMDplcwyiARJuc190ZWFjaF9tb2JpbGVjc3A", "updated_on": "2018-05-31T13:36:22.802461Z", "data": "{}"},
    {"key.name": "question_mc:4660814019559424:es", "locale": "es", "key.id": null, "created_on": "2018-05-31T13:36:13.692244Z", "key": "ahBwfm1vYmlsZWNzcC0yMDE3cjkLEhRSZXNvdXJjZUJ1bmRsZUVudGl0eSIfcXVlc3Rpb25fbWM6NDY2MDgxNDAxOTU1OTQyNDplcwyiARJuc190ZWFjaF9tb2JpbGVjc3A", "updated_on": "2018-05-31T13:36:13.692453Z", "data": "{}"},
    {"key.name": "question_mc:4673716571078656:es", "locale": "es", "key.id": null, "created_on": "2018-05-31T13:36:19.168257Z", "key": "ahBwfm1vYmlsZWNzcC0yMDE3cjkLEhRSZXNvdXJjZUJ1bmRsZUVudGl0eSIfcXVlc3Rpb25fbWM6NDY3MzcxNjU3MTA3ODY1NjplcwyiARJuc190ZWFjaF9tb2JpbGVjc3A", "updated_on": "2018-05-31T13:36:19.168378Z", "data": "{}"},
    {"key.name": "question_mc:4829241363398656:es", "locale": "es", "key.id": null, "created_on": "2018-05-31T13:36:36.055053Z", "key": "ahBwfm1vYmlsZWNzcC0yMDE3cjkLEhRSZXNvdXJjZUJ1bmRsZUVudGl0eSIfcXVlc3Rpb25fbWM6NDgyOTI0MTM2MzM5ODY1NjplcwyiARJuc190ZWFjaF9tb2JpbGVjc3A", "updated_on": "2018-05-31T13:36:36.055258Z", "data": "{}"},
    {"key.name": "question_mc:4852841806036992:es", "locale": "es", "key.id": null, "created_on": "2018-05-31T13:36:28.120689Z", "key": "ahBwfm1vYmlsZWNzcC0yMDE3cjkLEhRSZXNvdXJjZUJ1bmRsZUVudGl0eSIfcXVlc3Rpb25fbWM6NDg1Mjg0MTgwNjAzNjk5MjplcwyiARJuc190ZWFjaF9tb2JpbGVjc3A", "updated_on": "2018-05-31T13:36:28.120919Z", "data": "{}"},
    {"key.name": "question_mc:4885214518050816:es", "locale": "es", "key.id": null, "created_on": "2018-05-31T13:36:14.085614Z", "key": "ahBwfm1vYmlsZWNzcC0yMDE3cjkLEhRSZXNvdXJjZUJ1bmRsZUVudGl0eSIfcXVlc3Rpb25fbWM6NDg4NTIxNDUxODA1MDgxNjplcwyiARJuc190ZWFjaF9tb2JpbGVjc3A", "updated_on": "2018-05-31T13:36:14.085905Z", "data": "{}"},
    {"key.name": "question_mc:4981819338391552:es", "locale": "es", "key.id": null, "created_on": "2018-05-31T13:36:35.692416Z", "key": "ahBwfm1vYmlsZWNzcC0yMDE3cjkLEhRSZXNvdXJjZUJ1bmRsZUVudGl0eSIfcXVlc3Rpb25fbWM6NDk4MTgxOTMzODM5MTU1MjplcwyiARJuc190ZWFjaF9tb2JpbGVjc3A", "updated_on": "2018-05-31T13:36:35.692866Z", "data": "{}"},
    {"key.name": "question_mc:5075549181444096:es", "locale": "es", "key.id": null, "created_on": "2018-05-31T13:36:29.953183Z", "key": "ahBwfm1vYmlsZWNzcC0yMDE3cjkLEhRSZXNvdXJjZUJ1bmRsZUVudGl0eSIfcXVlc3Rpb25fbWM6NTA3NTU0OTE4MTQ0NDA5NjplcwyiARJuc190ZWFjaF9tb2JpbGVjc3A", "updated_on": "2018-05-31T13:36:29.953397Z", "data": "{}"},
    {"key.name": "question_mc:5115917948157952:es", "locale": "es", "key.id": null, "created_on": "2018-05-31T13:36:50.287397Z", "key": "ahBwfm1vYmlsZWNzcC0yMDE3cjkLEhRSZXNvdXJjZUJ1bmRsZUVudGl0eSIfcXVlc3Rpb25fbWM6NTExNTkxNzk0ODE1Nzk1MjplcwyiARJuc190ZWFjaF9tb2JpbGVjc3A", "updated_on": "2018-05-31T13:36:50.287619Z", "data": "{}"},
    {"key.name": "question_mc:5129889208336384:es", "locale": "es", "key.id": null, "created_on": "2018-05-31T13:36:37.355260Z", "key": "ahBwfm1vYmlsZWNzcC0yMDE3cjkLEhRSZXNvdXJjZUJ1bmRsZUVudGl0eSIfcXVlc3Rpb25fbWM6NTEyOTg4OTIwODMzNjM4NDplcwyiARJuc190ZWFjaF9tb2JpbGVjc3A", "updated_on": "2018-05-31T13:36:37.355627Z", "data": "{}"},
    {"key.name": "question_mc:5134239204900864:es", "locale": "es", "key.id": null, "created_on": "2018-05-31T13:36:24.302720Z", "key": "ahBwfm1vYmlsZWNzcC0yMDE3cjkLEhRSZXNvdXJjZUJ1bmRsZUVudGl0eSIfcXVlc3Rpb25fbWM6NTEzNDIzOTIwNDkwMDg2NDplcwyiARJuc190ZWFjaF9tb2JpbGVjc3A", "updated_on": "2018-05-31T13:36:24.302824Z", "data": "{}"},
    {"key.name": "question_mc:5140717223542784:es", "locale": "es", "key.id": null, "created_on": "2018-05-31T13:36:41.982321Z", "key": "ahBwfm1vYmlsZWNzcC0yMDE3cjkLEhRSZXNvdXJjZUJ1bmRsZUVudGl0eSIfcXVlc3Rpb25fbWM6NTE0MDcxNzIyMzU0Mjc4NDplcwyiARJuc190ZWFjaF9tb2JpbGVjc3A", "updated_on": "2018-05-31T13:36:41.982654Z", "data": "{}"},
    {"key.name": "question_mc:5166743517396992:es", "locale": "es", "key.id": null, "created_on": "2018-05-31T13:36:27.660950Z", "key": "ahBwfm1vYmlsZWNzcC0yMDE3cjkLEhRSZXNvdXJjZUJ1bmRsZUVudGl0eSIfcXVlc3Rpb25fbWM6NTE2Njc0MzUxNzM5Njk5MjplcwyiARJuc190ZWFjaF9tb2JpbGVjc3A", "updated_on": "2018-05-31T13:36:27.661313Z", "data": "{}"},
    {"key.name": "question_mc:5175014483558400:es", "locale": "es", "key.id": null, "created_on": "2018-05-31T13:36:29.039917Z", "key": "ahBwfm1vYmlsZWNzcC0yMDE3cjkLEhRSZXNvdXJjZUJ1bmRsZUVudGl0eSIfcXVlc3Rpb25fbWM6NTE3NTAxNDQ4MzU1ODQwMDplcwyiARJuc190ZWFjaF9tb2JpbGVjc3A", "updated_on": "2018-05-31T13:36:29.040075Z", "data": "{}"},
    {"key.name": "question_mc:5268268356993024:es", "locale": "es", "key.id": null, "created_on": "2018-05-31T13:36:36.489450Z", "key": "ahBwfm1vYmlsZWNzcC0yMDE3cjkLEhRSZXNvdXJjZUJ1bmRsZUVudGl0eSIfcXVlc3Rpb25fbWM6NTI2ODI2ODM1Njk5MzAyNDplcwyiARJuc190ZWFjaF9tb2JpbGVjc3A", "updated_on": "2018-05-31T13:36:36.489966Z", "data": "{}"},
    {"key.name": "question_mc:5273820675964928:es", "locale": "es", "key.id": null, "created_on": "2018-05-31T13:36:22.948205Z", "key": "ahBwfm1vYmlsZWNzcC0yMDE3cjkLEhRSZXNvdXJjZUJ1bmRsZUVudGl0eSIfcXVlc3Rpb25fbWM6NTI3MzgyMDY3NTk2NDkyODplcwyiARJuc190ZWFjaF9tb2JpbGVjc3A", "updated_on": "2018-05-31T13:36:22.948347Z", "data": "{}"},
    {"key.name": "question_mc:5313609454321664:es", "locale": "es", "key.id": null, "created_on": "2018-05-31T13:36:43.096871Z", "key": "ahBwfm1vYmlsZWNzcC0yMDE3cjkLEhRSZXNvdXJjZUJ1bmRsZUVudGl0eSIfcXVlc3Rpb25fbWM6NTMxMzYwOTQ1NDMyMTY2NDplcwyiARJuc190ZWFjaF9tb2JpbGVjc3A", "updated_on": "2018-05-31T13:36:43.097179Z", "data": "{}"},
    {"key.name": "question_mc:5317607397785600:es", "locale": "es", "key.id": null, "created_on": "2018-05-31T13:36:44.904900Z", "key": "ahBwfm1vYmlsZWNzcC0yMDE3cjkLEhRSZXNvdXJjZUJ1bmRsZUVudGl0eSIfcXVlc3Rpb25fbWM6NTMxNzYwNzM5Nzc4NTYwMDplcwyiARJuc190ZWFjaF9tb2JpbGVjc3A", "updated_on": "2018-05-31T13:36:44.905400Z", "data": "{}"},
    {"key.name": "question_mc:5359081682370560:es", "locale": "es", "key.id": null, "created_on": "2018-05-31T13:36:37.790451Z", "key": "ahBwfm1vYmlsZWNzcC0yMDE3cjkLEhRSZXNvdXJjZUJ1bmRsZUVudGl0eSIfcXVlc3Rpb25fbWM6NTM1OTA4MTY4MjM3MDU2MDplcwyiARJuc190ZWFjaF9tb2JpbGVjc3A", "updated_on": "2018-05-31T13:36:37.790951Z", "data": "{}"},
    {"key.name": "question_mc:5389831567835136:es", "locale": "es", "key.id": null, "created_on": "2018-05-31T13:36:22.645461Z", "key": "ahBwfm1vYmlsZWNzcC0yMDE3cjkLEhRSZXNvdXJjZUJ1bmRsZUVudGl0eSIfcXVlc3Rpb25fbWM6NTM4OTgzMTU2NzgzNTEzNjplcwyiARJuc190ZWFjaF9tb2JpbGVjc3A", "updated_on": "2018-05-31T13:36:22.645697Z", "data": "{}"},
    {"key.name": "question_mc:5392191316819968:es", "locale": "es", "key.id": null, "created_on": "2018-05-31T13:36:28.483521Z", "key": "ahBwfm1vYmlsZWNzcC0yMDE3cjkLEhRSZXNvdXJjZUJ1bmRsZUVudGl0eSIfcXVlc3Rpb25fbWM6NTM5MjE5MTMxNjgxOTk2ODplcwyiARJuc190ZWFjaF9tb2JpbGVjc3A", "updated_on": "2018-05-31T13:36:28.483814Z", "data": "{}"},
    {"key.name": "question_mc:5404633031770112:es", "locale": "es", "key.id": null, "created_on": "2018-05-31T13:36:16.084708Z", "key": "ahBwfm1vYmlsZWNzcC0yMDE3cjkLEhRSZXNvdXJjZUJ1bmRsZUVudGl0eSIfcXVlc3Rpb25fbWM6NTQwNDYzMzAzMTc3MDExMjplcwyiARJuc190ZWFjaF9tb2JpbGVjc3A", "updated_on": "2018-05-31T13:36:16.085037Z", "data": "{}"},
    {"key.name": "question_mc:5496725183660032:es", "locale": "es", "key.id": null, "created_on": "2018-05-31T13:36:32.759065Z", "key": "ahBwfm1vYmlsZWNzcC0yMDE3cjkLEhRSZXNvdXJjZUJ1bmRsZUVudGl0eSIfcXVlc3Rpb25fbWM6NTQ5NjcyNTE4MzY2MDAzMjplcwyiARJuc190ZWFjaF9tb2JpbGVjc3A", "updated_on": "2018-05-31T13:36:32.759163Z", "data": "{}"},
    {"key.name": "question_mc:5533316090429440:es", "locale": "es", "key.id": null, "created_on": "2018-05-31T13:36:45.279306Z", "key": "ahBwfm1vYmlsZWNzcC0yMDE3cjkLEhRSZXNvdXJjZUJ1bmRsZUVudGl0eSIfcXVlc3Rpb25fbWM6NTUzMzMxNjA5MDQyOTQ0MDplcwyiARJuc190ZWFjaF9tb2JpbGVjc3A", "updated_on": "2018-05-31T13:36:45.279400Z", "data": "{}"},
    {"key.name": "question_mc:5534884309237760:es", "locale": "es", "key.id": null, "created_on": "2018-05-31T13:36:27.406203Z", "key": "ahBwfm1vYmlsZWNzcC0yMDE3cjkLEhRSZXNvdXJjZUJ1bmRsZUVudGl0eSIfcXVlc3Rpb25fbWM6NTUzNDg4NDMwOTIzNzc2MDplcwyiARJuc190ZWFjaF9tb2JpbGVjc3A", "updated_on": "2018-05-31T13:36:27.406356Z", "data": "{}"},
    {"key.name": "question_mc:5589487954427904:es", "locale": "es", "key.id": null, "created_on": "2018-05-31T13:36:10.984821Z", "key": "ahBwfm1vYmlsZWNzcC0yMDE3cjkLEhRSZXNvdXJjZUJ1bmRsZUVudGl0eSIfcXVlc3Rpb25fbWM6NTU4OTQ4Nzk1NDQyNzkwNDplcwyiARJuc190ZWFjaF9tb2JpbGVjc3A", "updated_on": "2018-05-31T13:36:10.985305Z", "data": "{}"},
    {"key.name": "question_mc:5639274879778816:es", "locale": "es", "key.id": null, "created_on": "2018-05-31T13:36:46.908413Z", "key": "ahBwfm1vYmlsZWNzcC0yMDE3cjkLEhRSZXNvdXJjZUJ1bmRsZUVudGl0eSIfcXVlc3Rpb25fbWM6NTYzOTI3NDg3OTc3ODgxNjplcwyiARJuc190ZWFjaF9tb2JpbGVjc3A", "updated_on": "2018-05-31T13:36:46.908621Z", "data": "{}"},
    {"key.name": "question_mc:5669044724170752:es", "locale": "es", "key.id": null, "created_on": "2018-05-31T13:36:16.262589Z", "key": "ahBwfm1vYmlsZWNzcC0yMDE3cjkLEhRSZXNvdXJjZUJ1bmRsZUVudGl0eSIfcXVlc3Rpb25fbWM6NTY2OTA0NDcyNDE3MDc1MjplcwyiARJuc190ZWFjaF9tb2JpbGVjc3A", "updated_on": "2018-05-31T13:36:16.262847Z", "data": "{}"},
    {"key.name": "question_mc:5685568012812288:es", "locale": "es", "key.id": null, "created_on": "2018-05-31T13:36:08.926468Z", "key": "ahBwfm1vYmlsZWNzcC0yMDE3cjkLEhRSZXNvdXJjZUJ1bmRsZUVudGl0eSIfcXVlc3Rpb25fbWM6NTY4NTU2ODAxMjgxMjI4ODplcwyiARJuc190ZWFjaF9tb2JpbGVjc3A", "updated_on": "2018-05-31T13:36:08.926719Z", "data": "{}"},
    {"key.name": "question_mc:5692839161757696:es", "locale": "es", "key.id": null, "created_on": "2018-05-31T13:36:42.908502Z", "key": "ahBwfm1vYmlsZWNzcC0yMDE3cjkLEhRSZXNvdXJjZUJ1bmRsZUVudGl0eSIfcXVlc3Rpb25fbWM6NTY5MjgzOTE2MTc1NzY5NjplcwyiARJuc190ZWFjaF9tb2JpbGVjc3A", "updated_on": "2018-05-31T13:36:42.908981Z", "data": "{}"},
    {"key.name": "question_mc:5693857817690112:es", "locale": "es", "key.id": null, "created_on": "2018-05-31T13:36:23.380883Z", "key": "ahBwfm1vYmlsZWNzcC0yMDE3cjkLEhRSZXNvdXJjZUJ1bmRsZUVudGl0eSIfcXVlc3Rpb25fbWM6NTY5Mzg1NzgxNzY5MDExMjplcwyiARJuc190ZWFjaF9tb2JpbGVjc3A", "updated_on": "2018-05-31T13:36:23.381192Z", "data": "{}"},
    {"key.name": "question_mc:5697189158322176:es", "locale": "es", "key.id": null, "created_on": "2018-05-31T13:36:23.056652Z", "key": "ahBwfm1vYmlsZWNzcC0yMDE3cjkLEhRSZXNvdXJjZUJ1bmRsZUVudGl0eSIfcXVlc3Rpb25fbWM6NTY5NzE4OTE1ODMyMjE3NjplcwyiARJuc190ZWFjaF9tb2JpbGVjc3A", "updated_on": "2018-05-31T13:36:23.056809Z", "data": "{}"},
    {"key.name": "question_mc:5698708704329728:es", "locale": "es", "key.id": null, "created_on": "2018-05-31T13:36:42.205709Z", "key": "ahBwfm1vYmlsZWNzcC0yMDE3cjkLEhRSZXNvdXJjZUJ1bmRsZUVudGl0eSIfcXVlc3Rpb25fbWM6NTY5ODcwODcwNDMyOTcyODplcwyiARJuc190ZWFjaF9tb2JpbGVjc3A", "updated_on": "2018-05-31T13:36:42.206172Z", "data": "{}"},
    {"key.name": "question_mc:5715921523965952:es", "locale": "es", "key.id": null, "created_on": "2018-05-31T13:36:48.401098Z", "key": "ahBwfm1vYmlsZWNzcC0yMDE3cjkLEhRSZXNvdXJjZUJ1bmRsZUVudGl0eSIfcXVlc3Rpb25fbWM6NTcxNTkyMTUyMzk2NTk1MjplcwyiARJuc190ZWFjaF9tb2JpbGVjc3A", "updated_on": "2018-05-31T13:36:48.401311Z", "data": "{}"},
    {"key.name": "question_mc:5717271485874176:es", "locale": "es", "key.id": null, "created_on": "2018-05-31T13:36:31.548853Z", "key": "ahBwfm1vYmlsZWNzcC0yMDE3cjkLEhRSZXNvdXJjZUJ1bmRsZUVudGl0eSIfcXVlc3Rpb25fbWM6NTcxNzI3MTQ4NTg3NDE3NjplcwyiARJuc190ZWFjaF9tb2JpbGVjc3A", "updated_on": "2018-05-31T13:36:31.549180Z", "data": "{}"},
    {"key.name": "question_mc:5729311554273280:es", "locale": "es", "key.id": null, "created_on": "2018-05-31T13:36:45.925277Z", "key": "ahBwfm1vYmlsZWNzcC0yMDE3cjkLEhRSZXNvdXJjZUJ1bmRsZUVudGl0eSIfcXVlc3Rpb25fbWM6NTcyOTMxMTU1NDI3MzI4MDplcwyiARJuc190ZWFjaF9tb2JpbGVjc3A", "updated_on": "2018-05-31T13:36:45.925725Z", "data": "{}"},
    {"key.name": "question_mc:5737964436979712:es", "locale": "es", "key.id": null, "created_on": "2018-05-31T13:36:20.810679Z", "key": "ahBwfm1vYmlsZWNzcC0yMDE3cjkLEhRSZXNvdXJjZUJ1bmRsZUVudGl0eSIfcXVlc3Rpb25fbWM6NTczNzk2NDQzNjk3OTcxMjplcwyiARJuc190ZWFjaF9tb2JpbGVjc3A", "updated_on": "2018-05-31T13:36:20.810848Z", "data": "{}"},
    {"key.name": "question_mc:5757334940811264:es", "locale": "es", "key.id": null, "created_on": "2018-05-31T13:36:34.886264Z", "key": "ahBwfm1vYmlsZWNzcC0yMDE3cjkLEhRSZXNvdXJjZUJ1bmRsZUVudGl0eSIfcXVlc3Rpb25fbWM6NTc1NzMzNDk0MDgxMTI2NDplcwyiARJuc190ZWFjaF9tb2JpbGVjc3A", "updated_on": "2018-05-31T13:36:34.886564Z", "data": "{}"},
    {"key.name": "question_mc:5768712778940416:es", "locale": "es", "key.id": null, "created_on": "2018-05-31T13:36:09.288440Z", "key": "ahBwfm1vYmlsZWNzcC0yMDE3cjkLEhRSZXNvdXJjZUJ1bmRsZUVudGl0eSIfcXVlc3Rpb25fbWM6NTc2ODcxMjc3ODk0MDQxNjplcwyiARJuc190ZWFjaF9tb2JpbGVjc3A", "updated_on": "2018-05-31T13:36:09.288609Z", "data": "{}"},
    {"key.name": "question_mc:5786713926402048:es", "locale": "es", "key.id": null, "created_on": "2018-05-31T13:36:44.040725Z", "key": "ahBwfm1vYmlsZWNzcC0yMDE3cjkLEhRSZXNvdXJjZUJ1bmRsZUVudGl0eSIfcXVlc3Rpb25fbWM6NTc4NjcxMzkyNjQwMjA0ODplcwyiARJuc190ZWFjaF9tb2JpbGVjc3A", "updated_on": "2018-05-31T13:36:44.040949Z", "data": "{}"},
    {"key.name": "question_mc:5802273720500224:es", "locale": "es", "key.id": null, "created_on": "2018-05-31T13:36:27.082135Z", "key": "ahBwfm1vYmlsZWNzcC0yMDE3cjkLEhRSZXNvdXJjZUJ1bmRsZUVudGl0eSIfcXVlc3Rpb25fbWM6NTgwMjI3MzcyMDUwMDIyNDplcwyiARJuc190ZWFjaF9tb2JpbGVjc3A", "updated_on": "2018-05-31T13:36:27.082331Z", "data": "{}"},
    {"key.name": "question_mc:5952781521256448:es", "locale": "es", "key.id": null, "created_on": "2018-05-31T13:36:34.526391Z", "key": "ahBwfm1vYmlsZWNzcC0yMDE3cjkLEhRSZXNvdXJjZUJ1bmRsZUVudGl0eSIfcXVlc3Rpb25fbWM6NTk1Mjc4MTUyMTI1NjQ0ODplcwyiARJuc190ZWFjaF9tb2JpbGVjc3A", "updated_on": "2018-05-31T13:36:34.526630Z", "data": "{}"},
    {"key.name": "question_mc:5955141270241280:es", "locale": "es", "key.id": null, "created_on": "2018-05-31T13:36:08.441849Z", "key": "ahBwfm1vYmlsZWNzcC0yMDE3cjkLEhRSZXNvdXJjZUJ1bmRsZUVudGl0eSIfcXVlc3Rpb25fbWM6NTk1NTE0MTI3MDI0MTI4MDplcwyiARJuc190ZWFjaF9tb2JpbGVjc3A", "updated_on": "2018-05-31T13:36:08.441960Z", "data": "{}"},
    {"key.name": "question_mc:5977117141499904:es", "locale": "es", "key.id": null, "created_on": "2018-05-31T13:36:45.070172Z", "key": "ahBwfm1vYmlsZWNzcC0yMDE3cjkLEhRSZXNvdXJjZUJ1bmRsZUVudGl0eSIfcXVlc3Rpb25fbWM6NTk3NzExNzE0MTQ5OTkwNDplcwyiARJuc190ZWFjaF9tb2JpbGVjc3A", "updated_on": "2018-05-31T13:36:45.070659Z", "data": "{}"},
    {"key.name": "question_mc:6003662790852608:es", "locale": "es", "key.id": null, "created_on": "2018-05-31T13:36:34.667622Z", "key": "ahBwfm1vYmlsZWNzcC0yMDE3cjkLEhRSZXNvdXJjZUJ1bmRsZUVudGl0eSIfcXVlc3Rpb25fbWM6NjAwMzY2Mjc5MDg1MjYwODplcwyiARJuc190ZWFjaF9tb2JpbGVjc3A", "updated_on": "2018-05-31T13:36:34.667957Z", "data": "{}"},
    {"key.name": "question_mc:6021063448199168:es", "locale": "es", "key.id": null, "created_on": "2018-05-31T13:36:12.121481Z", "key": "ahBwfm1vYmlsZWNzcC0yMDE3cjkLEhRSZXNvdXJjZUJ1bmRsZUVudGl0eSIfcXVlc3Rpb25fbWM6NjAyMTA2MzQ0ODE5OTE2ODplcwyiARJuc190ZWFjaF9tb2JpbGVjc3A", "updated_on": "2018-05-31T13:36:12.122103Z", "data": "{}"},
    {"key.name": "question_mc:6096266043850752:es", "locale": "es", "key.id": null, "created_on": "2018-05-31T13:36:08.081512Z", "key": "ahBwfm1vYmlsZWNzcC0yMDE3cjkLEhRSZXNvdXJjZUJ1bmRsZUVudGl0eSIfcXVlc3Rpb25fbWM6NjA5NjI2NjA0Mzg1MDc1MjplcwyiARJuc190ZWFjaF9tb2JpbGVjc3A", "updated_on": "2018-05-31T13:36:08.081902Z", "data": "{}"},
    {"key.name": "question_mc:6096523205017600:es", "locale": "es", "key.id": null, "created_on": "2018-05-31T13:36:43.425336Z", "key": "ahBwfm1vYmlsZWNzcC0yMDE3cjkLEhRSZXNvdXJjZUJ1bmRsZUVudGl0eSIfcXVlc3Rpb25fbWM6NjA5NjUyMzIwNTAxNzYwMDplcwyiARJuc190ZWFjaF9tb2JpbGVjc3A", "updated_on": "2018-05-31T13:36:43.425851Z", "data": "{}"},
    {"key.name": "question_mc:6162032327917568:es", "locale": "es", "key.id": null, "created_on": "2018-05-31T13:36:26.210205Z", "key": "ahBwfm1vYmlsZWNzcC0yMDE3cjkLEhRSZXNvdXJjZUJ1bmRsZUVudGl0eSIfcXVlc3Rpb25fbWM6NjE2MjAzMjMyNzkxNzU2ODplcwyiARJuc190ZWFjaF9tb2JpbGVjc3A", "updated_on": "2018-05-31T13:36:26.210359Z", "data": "{}"},
    {"key.name": "question_mc:6216591733686272:es", "locale": "es", "key.id": null, "created_on": "2018-05-31T13:36:10.490533Z", "key": "ahBwfm1vYmlsZWNzcC0yMDE3cjkLEhRSZXNvdXJjZUJ1bmRsZUVudGl0eSIfcXVlc3Rpb25fbWM6NjIxNjU5MTczMzY4NjI3MjplcwyiARJuc190ZWFjaF9tb2JpbGVjc3A", "updated_on": "2018-05-31T13:36:10.491072Z", "data": "{}"},
    {"key.name": "question_mc:6234256497967104:es", "locale": "es", "key.id": null, "created_on": "2018-05-31T13:36:26.897429Z", "key": "ahBwfm1vYmlsZWNzcC0yMDE3cjkLEhRSZXNvdXJjZUJ1bmRsZUVudGl0eSIfcXVlc3Rpb25fbWM6NjIzNDI1NjQ5Nzk2NzEwNDplcwyiARJuc190ZWFjaF9tb2JpbGVjc3A", "updated_on": "2018-05-31T13:36:26.897584Z", "data": "{}"},
    {"key.name": "question_mc:6241370977075200:es", "locale": "es", "key.id": null, "created_on": "2018-05-31T13:36:11.960508Z", "key": "ahBwfm1vYmlsZWNzcC0yMDE3cjkLEhRSZXNvdXJjZUJ1bmRsZUVudGl0eSIfcXVlc3Rpb25fbWM6NjI0MTM3MDk3NzA3NTIwMDplcwyiARJuc190ZWFjaF9tb2JpbGVjc3A", "updated_on": "2018-05-31T13:36:11.961036Z", "data": "{}"},
    {"key.name": "question_mc:6245653864775680:es", "locale": "es", "key.id": null, "created_on": "2018-05-31T13:36:24.102572Z", "key": "ahBwfm1vYmlsZWNzcC0yMDE3cjkLEhRSZXNvdXJjZUJ1bmRsZUVudGl0eSIfcXVlc3Rpb25fbWM6NjI0NTY1Mzg2NDc3NTY4MDplcwyiARJuc190ZWFjaF9tb2JpbGVjc3A", "updated_on": "2018-05-31T13:36:24.102735Z", "data": "{}"},
    {"key.name": "question_mc:6266458350813184:es", "locale": "es", "key.id": null, "created_on": "2018-05-31T13:36:42.374050Z", "key": "ahBwfm1vYmlsZWNzcC0yMDE3cjkLEhRSZXNvdXJjZUJ1bmRsZUVudGl0eSIfcXVlc3Rpb25fbWM6NjI2NjQ1ODM1MDgxMzE4NDplcwyiARJuc190ZWFjaF9tb2JpbGVjc3A", "updated_on": "2018-05-31T13:36:42.374253Z", "data": "{}"},
    {"key.name": "question_mc:6266617130385408:es", "locale": "es", "key.id": null, "created_on": "2018-05-31T13:36:31.200469Z", "key": "ahBwfm1vYmlsZWNzcC0yMDE3cjkLEhRSZXNvdXJjZUJ1bmRsZUVudGl0eSIfcXVlc3Rpb25fbWM6NjI2NjYxNzEzMDM4NTQwODplcwyiARJuc190ZWFjaF9tb2JpbGVjc3A", "updated_on": "2018-05-31T13:36:31.200676Z", "data": "{}"},
    {"key.name": "question_mc:6327127246897152:es", "locale": "es", "key.id": null, "created_on": "2018-05-31T13:36:26.341868Z", "key": "ahBwfm1vYmlsZWNzcC0yMDE3cjkLEhRSZXNvdXJjZUJ1bmRsZUVudGl0eSIfcXVlc3Rpb25fbWM6NjMyNzEyNzI0Njg5NzE1MjplcwyiARJuc190ZWFjaF9tb2JpbGVjc3A", "updated_on": "2018-05-31T13:36:26.342038Z", "data": "{}"},
    {"key.name": "question_mc:6344244100857856:es", "locale": "es", "key.id": null, "created_on": "2018-05-31T13:36:33.587193Z", "key": "ahBwfm1vYmlsZWNzcC0yMDE3cjkLEhRSZXNvdXJjZUJ1bmRsZUVudGl0eSIfcXVlc3Rpb25fbWM6NjM0NDI0NDEwMDg1Nzg1NjplcwyiARJuc190ZWFjaF9tb2JpbGVjc3A", "updated_on": "2018-05-31T13:36:33.587510Z", "data": "{}"},
    {"key.name": "question_mc:6428089445777408:es", "locale": "es", "key.id": null, "created_on": "2018-05-31T13:36:32.883133Z", "key": "ahBwfm1vYmlsZWNzcC0yMDE3cjkLEhRSZXNvdXJjZUJ1bmRsZUVudGl0eSIfcXVlc3Rpb25fbWM6NjQyODA4OTQ0NTc3NzQwODplcwyiARJuc190ZWFjaF9tb2JpbGVjc3A", "updated_on": "2018-05-31T13:36:32.883454Z", "data": "{}"},
    {"key.name": "question_mc:6434250844798976:es", "locale": "es", "key.id": null, "created_on": "2018-05-31T13:36:47.835664Z", "key": "ahBwfm1vYmlsZWNzcC0yMDE3cjkLEhRSZXNvdXJjZUJ1bmRsZUVudGl0eSIfcXVlc3Rpb25fbWM6NjQzNDI1MDg0NDc5ODk3NjplcwyiARJuc190ZWFjaF9tb2JpbGVjc3A", "updated_on": "2018-05-31T13:36:47.835962Z", "data": "{}"},
    {"key.name": "question_mc:6528097423720448:es", "locale": "es", "key.id": null, "created_on": "2018-05-31T13:36:11.196295Z", "key": "ahBwfm1vYmlsZWNzcC0yMDE3cjkLEhRSZXNvdXJjZUJ1bmRsZUVudGl0eSIfcXVlc3Rpb25fbWM6NjUyODA5NzQyMzcyMDQ0ODplcwyiARJuc190ZWFjaF9tb2JpbGVjc3A", "updated_on": "2018-05-31T13:36:11.196528Z", "data": "{}"},
    {"key.name": "question_mc:6545905633198080:es", "locale": "es", "key.id": null, "created_on": "2018-05-31T13:36:24.655792Z", "key": "ahBwfm1vYmlsZWNzcC0yMDE3cjkLEhRSZXNvdXJjZUJ1bmRsZUVudGl0eSIfcXVlc3Rpb25fbWM6NjU0NTkwNTYzMzE5ODA4MDplcwyiARJuc190ZWFjaF9tb2JpbGVjc3A", "updated_on": "2018-05-31T13:36:24.655976Z", "data": "{}"},
    {"key.name": "question_mc:6622625090502656:es", "locale": "es", "key.id": null, "created_on": "2018-05-31T13:36:50.550306Z", "key": "ahBwfm1vYmlsZWNzcC0yMDE3cjkLEhRSZXNvdXJjZUJ1bmRsZUVudGl0eSIfcXVlc3Rpb25fbWM6NjYyMjYyNTA5MDUwMjY1NjplcwyiARJuc190ZWFjaF9tb2JpbGVjc3A", "updated_on": "2018-05-31T13:36:50.550479Z", "data": "{}"},
    {"key.name": "question_mc:6715387861270528:es", "locale": "es", "key.id": null, "created_on": "2018-05-31T13:36:14.585623Z", "key": "ahBwfm1vYmlsZWNzcC0yMDE3cjkLEhRSZXNvdXJjZUJ1bmRsZUVudGl0eSIfcXVlc3Rpb25fbWM6NjcxNTM4Nzg2MTI3MDUyODplcwyiARJuc190ZWFjaF9tb2JpbGVjc3A", "updated_on": "2018-05-31T13:36:14.586092Z", "data": "{}"},
    {"key.name": "question_mc:6735881834594304:es", "locale": "es", "key.id": null, "created_on": "2018-05-31T13:36:43.878898Z", "key": "ahBwfm1vYmlsZWNzcC0yMDE3cjkLEhRSZXNvdXJjZUJ1bmRsZUVudGl0eSIfcXVlc3Rpb25fbWM6NjczNTg4MTgzNDU5NDMwNDplcwyiARJuc190ZWFjaF9tb2JpbGVjc3A", "updated_on": "2018-05-31T13:36:43.879222Z", "data": "{}"},
    {"key.name": "question_sa:4569141163851776:es", "locale": "es", "key.id": null, "created_on": "2018-05-31T13:36:42.757474Z", "key": "ahBwfm1vYmlsZWNzcC0yMDE3cjkLEhRSZXNvdXJjZUJ1bmRsZUVudGl0eSIfcXVlc3Rpb25fc2E6NDU2OTE0MTE2Mzg1MTc3NjplcwyiARJuc190ZWFjaF9tb2JpbGVjc3A", "updated_on": "2018-05-31T13:36:42.757985Z", "data": "{}"},
    {"key.name": "question_sa:4570234635681792:es", "locale": "es", "key.id": null, "created_on": "2018-05-31T13:36:15.827314Z", "key": "ahBwfm1vYmlsZWNzcC0yMDE3cjkLEhRSZXNvdXJjZUJ1bmRsZUVudGl0eSIfcXVlc3Rpb25fc2E6NDU3MDIzNDYzNTY4MTc5MjplcwyiARJuc190ZWFjaF9tb2JpbGVjc3A", "updated_on": "2018-05-31T13:36:15.827472Z", "data": "{}"},
    {"key.name": "question_sa:4604165682626560:es", "locale": "es", "key.id": null, "created_on": "2018-05-31T13:36:37.048916Z", "key": "ahBwfm1vYmlsZWNzcC0yMDE3cjkLEhRSZXNvdXJjZUJ1bmRsZUVudGl0eSIfcXVlc3Rpb25fc2E6NDYwNDE2NTY4MjYyNjU2MDplcwyiARJuc190ZWFjaF9tb2JpbGVjc3A", "updated_on": "2018-05-31T13:36:37.049154Z", "data": "{}"},
    {"key.name": "question_sa:4687848556986368:es", "locale": "es", "key.id": null, "created_on": "2018-05-31T13:36:16.769138Z", "key": "ahBwfm1vYmlsZWNzcC0yMDE3cjkLEhRSZXNvdXJjZUJ1bmRsZUVudGl0eSIfcXVlc3Rpb25fc2E6NDY4Nzg0ODU1Njk4NjM2ODplcwyiARJuc190ZWFjaF9tb2JpbGVjc3A", "updated_on": "2018-05-31T13:36:16.769328Z", "data": "{}"},
    {"key.name": "question_sa:4716318284578816:es", "locale": "es", "key.id": null, "created_on": "2018-05-31T13:36:24.794637Z", "key": "ahBwfm1vYmlsZWNzcC0yMDE3cjkLEhRSZXNvdXJjZUJ1bmRsZUVudGl0eSIfcXVlc3Rpb25fc2E6NDcxNjMxODI4NDU3ODgxNjplcwyiARJuc190ZWFjaF9tb2JpbGVjc3A", "updated_on": "2018-05-31T13:36:24.794745Z", "data": "{}"},
    {"key.name": "question_sa:4793408988119040:es", "locale": "es", "key.id": null, "created_on": "2018-05-31T13:36:29.460462Z", "key": "ahBwfm1vYmlsZWNzcC0yMDE3cjkLEhRSZXNvdXJjZUJ1bmRsZUVudGl0eSIfcXVlc3Rpb25fc2E6NDc5MzQwODk4ODExOTA0MDplcwyiARJuc190ZWFjaF9tb2JpbGVjc3A", "updated_on": "2018-05-31T13:36:29.460672Z", "data": "{}"},
    {"key.name": "question_sa:4800312141414400:es", "locale": "es", "key.id": null, "created_on": "2018-05-31T13:36:33.068586Z", "key": "ahBwfm1vYmlsZWNzcC0yMDE3cjkLEhRSZXNvdXJjZUJ1bmRsZUVudGl0eSIfcXVlc3Rpb25fc2E6NDgwMDMxMjE0MTQxNDQwMDplcwyiARJuc190ZWFjaF9tb2JpbGVjc3A", "updated_on": "2018-05-31T13:36:33.068819Z", "data": "{}"},
    {"key.name": "question_sa:4838278981222400:es", "locale": "es", "key.id": null, "created_on": "2018-05-31T13:36:46.485191Z", "key": "ahBwfm1vYmlsZWNzcC0yMDE3cjkLEhRSZXNvdXJjZUJ1bmRsZUVudGl0eSIfcXVlc3Rpb25fc2E6NDgzODI3ODk4MTIyMjQwMDplcwyiARJuc190ZWFjaF9tb2JpbGVjc3A", "updated_on": "2018-05-31T13:36:46.485640Z", "data": "{}"},
    {"key.name": "question_sa:4852550553567232:es", "locale": "es", "key.id": null, "created_on": "2018-05-31T13:36:42.534483Z", "key": "ahBwfm1vYmlsZWNzcC0yMDE3cjkLEhRSZXNvdXJjZUJ1bmRsZUVudGl0eSIfcXVlc3Rpb25fc2E6NDg1MjU1MDU1MzU2NzIzMjplcwyiARJuc190ZWFjaF9tb2JpbGVjc3A", "updated_on": "2018-05-31T13:36:42.534785Z", "data": "{}"},
    {"key.name": "question_sa:4859242246832128:es", "locale": "es", "key.id": null, "created_on": "2018-05-31T13:36:07.947408Z", "key": "ahBwfm1vYmlsZWNzcC0yMDE3cjkLEhRSZXNvdXJjZUJ1bmRsZUVudGl0eSIfcXVlc3Rpb25fc2E6NDg1OTI0MjI0NjgzMjEyODplcwyiARJuc190ZWFjaF9tb2JpbGVjc3A", "updated_on": "2018-05-31T13:36:07.947565Z", "data": "{}"},
    {"key.name": "question_sa:4879367121403904:es", "locale": "es", "key.id": null, "created_on": "2018-05-31T13:36:08.258953Z", "key": "ahBwfm1vYmlsZWNzcC0yMDE3cjkLEhRSZXNvdXJjZUJ1bmRsZUVudGl0eSIfcXVlc3Rpb25fc2E6NDg3OTM2NzEyMTQwMzkwNDplcwyiARJuc190ZWFjaF9tb2JpbGVjc3A", "updated_on": "2018-05-31T13:36:08.259059Z", "data": "{}"},
    {"key.name": "question_sa:4965476585177088:es", "locale": "es", "key.id": null, "created_on": "2018-05-31T13:36:26.759045Z", "key": "ahBwfm1vYmlsZWNzcC0yMDE3cjkLEhRSZXNvdXJjZUJ1bmRsZUVudGl0eSIfcXVlc3Rpb25fc2E6NDk2NTQ3NjU4NTE3NzA4ODplcwyiARJuc190ZWFjaF9tb2JpbGVjc3A", "updated_on": "2018-05-31T13:36:26.759203Z", "data": "{}"},
    {"key.name": "question_sa:4992345699254272:es", "locale": "es", "key.id": null, "created_on": "2018-05-31T13:36:45.594388Z", "key": "ahBwfm1vYmlsZWNzcC0yMDE3cjkLEhRSZXNvdXJjZUJ1bmRsZUVudGl0eSIfcXVlc3Rpb25fc2E6NDk5MjM0NTY5OTI1NDI3MjplcwyiARJuc190ZWFjaF9tb2JpbGVjc3A", "updated_on": "2018-05-31T13:36:45.594667Z", "data": "{}"},
    {"key.name": "question_sa:5072499922436096:es", "locale": "es", "key.id": null, "created_on": "2018-05-31T13:36:12.941684Z", "key": "ahBwfm1vYmlsZWNzcC0yMDE3cjkLEhRSZXNvdXJjZUJ1bmRsZUVudGl0eSIfcXVlc3Rpb25fc2E6NTA3MjQ5OTkyMjQzNjA5NjplcwyiARJuc190ZWFjaF9tb2JpbGVjc3A", "updated_on": "2018-05-31T13:36:12.942159Z", "data": "{}"},
    {"key.name": "question_sa:5099808532463616:es", "locale": "es", "key.id": null, "created_on": "2018-05-31T13:36:45.755695Z", "key": "ahBwfm1vYmlsZWNzcC0yMDE3cjkLEhRSZXNvdXJjZUJ1bmRsZUVudGl0eSIfcXVlc3Rpb25fc2E6NTA5OTgwODUzMjQ2MzYxNjplcwyiARJuc190ZWFjaF9tb2JpbGVjc3A", "updated_on": "2018-05-31T13:36:45.755991Z", "data": "{}"},
    {"key.name": "question_sa:5105586806980608:es", "locale": "es", "key.id": null, "created_on": "2018-05-31T13:36:26.596672Z", "key": "ahBwfm1vYmlsZWNzcC0yMDE3cjkLEhRSZXNvdXJjZUJ1bmRsZUVudGl0eSIfcXVlc3Rpb25fc2E6NTEwNTU4NjgwNjk4MDYwODplcwyiARJuc190ZWFjaF9tb2JpbGVjc3A", "updated_on": "2018-05-31T13:36:26.596860Z", "data": "{}"},
    {"key.name": "question_sa:5131993071222784:es", "locale": "es", "key.id": null, "created_on": "2018-05-31T13:36:41.494473Z", "key": "ahBwfm1vYmlsZWNzcC0yMDE3cjkLEhRSZXNvdXJjZUJ1bmRsZUVudGl0eSIfcXVlc3Rpb25fc2E6NTEzMTk5MzA3MTIyMjc4NDplcwyiARJuc190ZWFjaF9tb2JpbGVjc3A", "updated_on": "2018-05-31T13:36:41.494793Z", "data": "{}"},
    {"key.name": "question_sa:5150804021346304:es", "locale": "es", "key.id": null, "created_on": "2018-05-31T13:36:23.544442Z", "key": "ahBwfm1vYmlsZWNzcC0yMDE3cjkLEhRSZXNvdXJjZUJ1bmRsZUVudGl0eSIfcXVlc3Rpb25fc2E6NTE1MDgwNDAyMTM0NjMwNDplcwyiARJuc190ZWFjaF9tb2JpbGVjc3A", "updated_on": "2018-05-31T13:36:23.544661Z", "data": "{}"},
    {"key.name": "question_sa:5152971570544640:es", "locale": "es", "key.id": null, "created_on": "2018-05-31T13:36:29.609908Z", "key": "ahBwfm1vYmlsZWNzcC0yMDE3cjkLEhRSZXNvdXJjZUJ1bmRsZUVudGl0eSIfcXVlc3Rpb25fc2E6NTE1Mjk3MTU3MDU0NDY0MDplcwyiARJuc190ZWFjaF9tb2JpbGVjc3A", "updated_on": "2018-05-31T13:36:29.610234Z", "data": "{}"},
    {"key.name": "question_sa:5183027818790912:es", "locale": "es", "key.id": null, "created_on": "2018-05-31T13:36:13.451103Z", "key": "ahBwfm1vYmlsZWNzcC0yMDE3cjkLEhRSZXNvdXJjZUJ1bmRsZUVudGl0eSIfcXVlc3Rpb25fc2E6NTE4MzAyNzgxODc5MDkxMjplcwyiARJuc190ZWFjaF9tb2JpbGVjc3A", "updated_on": "2018-05-31T13:36:13.451327Z", "data": "{}"},
    {"key.name": "question_sa:5184983706632192:es", "locale": "es", "key.id": null, "created_on": "2018-05-31T13:36:16.416518Z", "key": "ahBwfm1vYmlsZWNzcC0yMDE3cjkLEhRSZXNvdXJjZUJ1bmRsZUVudGl0eSIfcXVlc3Rpb25fc2E6NTE4NDk4MzcwNjYzMjE5MjplcwyiARJuc190ZWFjaF9tb2JpbGVjc3A", "updated_on": "2018-05-31T13:36:16.416719Z", "data": "{}"},
    {"key.name": "question_sa:5205762825519104:es", "locale": "es", "key.id": null, "created_on": "2018-05-31T13:36:23.238088Z", "key": "ahBwfm1vYmlsZWNzcC0yMDE3cjkLEhRSZXNvdXJjZUJ1bmRsZUVudGl0eSIfcXVlc3Rpb25fc2E6NTIwNTc2MjgyNTUxOTEwNDplcwyiARJuc190ZWFjaF9tb2JpbGVjc3A", "updated_on": "2018-05-31T13:36:23.238201Z", "data": "{}"},
    {"key.name": "question_sa:5223763972980736:es", "locale": "es", "key.id": null, "created_on": "2018-05-31T13:36:35.898654Z", "key": "ahBwfm1vYmlsZWNzcC0yMDE3cjkLEhRSZXNvdXJjZUJ1bmRsZUVudGl0eSIfcXVlc3Rpb25fc2E6NTIyMzc2Mzk3Mjk4MDczNjplcwyiARJuc190ZWFjaF9tb2JpbGVjc3A", "updated_on": "2018-05-31T13:36:35.898974Z", "data": "{}"},
    {"key.name": "question_sa:5270591128993792:es", "locale": "es", "key.id": null, "created_on": "2018-05-31T13:36:16.655308Z", "key": "ahBwfm1vYmlsZWNzcC0yMDE3cjkLEhRSZXNvdXJjZUJ1bmRsZUVudGl0eSIfcXVlc3Rpb25fc2E6NTI3MDU5MTEyODk5Mzc5MjplcwyiARJuc190ZWFjaF9tb2JpbGVjc3A", "updated_on": "2018-05-31T13:36:16.655536Z", "data": "{}"},
    {"key.name": "question_sa:5325227743510528:es", "locale": "es", "key.id": null, "created_on": "2018-05-31T13:36:43.259706Z", "key": "ahBwfm1vYmlsZWNzcC0yMDE3cjkLEhRSZXNvdXJjZUJ1bmRsZUVudGl0eSIfcXVlc3Rpb25fc2E6NTMyNTIyNzc0MzUxMDUyODplcwyiARJuc190ZWFjaF9tb2JpbGVjc3A", "updated_on": "2018-05-31T13:36:43.259919Z", "data": "{}"},
    {"key.name": "question_sa:5420005726355456:es", "locale": "es", "key.id": null, "created_on": "2018-05-31T13:36:40.989788Z", "key": "ahBwfm1vYmlsZWNzcC0yMDE3cjkLEhRSZXNvdXJjZUJ1bmRsZUVudGl0eSIfcXVlc3Rpb25fc2E6NTQyMDAwNTcyNjM1NTQ1NjplcwyiARJuc190ZWFjaF9tb2JpbGVjc3A", "updated_on": "2018-05-31T13:36:40.990332Z", "data": "{}"},
    {"key.name": "question_sa:5444438318907392:es", "locale": "es", "key.id": null, "created_on": "2018-05-31T13:36:22.090112Z", "key": "ahBwfm1vYmlsZWNzcC0yMDE3cjkLEhRSZXNvdXJjZUJ1bmRsZUVudGl0eSIfcXVlc3Rpb25fc2E6NTQ0NDQzODMxODkwNzM5MjplcwyiARJuc190ZWFjaF9tb2JpbGVjc3A", "updated_on": "2018-05-31T13:36:22.090573Z", "data": "{}"},
    {"key.name": "question_sa:5533573251596288:es", "locale": "es", "key.id": null, "created_on": "2018-05-31T13:36:44.563525Z", "key": "ahBwfm1vYmlsZWNzcC0yMDE3cjkLEhRSZXNvdXJjZUJ1bmRsZUVudGl0eSIfcXVlc3Rpb25fc2E6NTUzMzU3MzI1MTU5NjI4ODplcwyiARJuc190ZWFjaF9tb2JpbGVjc3A", "updated_on": "2018-05-31T13:36:44.563702Z", "data": "{}"},
    {"key.name": "question_sa:5555295652675584:es", "locale": "es", "key.id": null, "created_on": "2018-05-31T13:36:28.926505Z", "key": "ahBwfm1vYmlsZWNzcC0yMDE3cjkLEhRSZXNvdXJjZUJ1bmRsZUVudGl0eSIfcXVlc3Rpb25fc2E6NTU1NTI5NTY1MjY3NTU4NDplcwyiARJuc190ZWFjaF9tb2JpbGVjc3A", "updated_on": "2018-05-31T13:36:28.926686Z", "data": "{}"},
    {"key.name": "question_sa:5591553296826368:es", "locale": "es", "key.id": null, "created_on": "2018-05-31T13:36:50.034021Z", "key": "ahBwfm1vYmlsZWNzcC0yMDE3cjkLEhRSZXNvdXJjZUJ1bmRsZUVudGl0eSIfcXVlc3Rpb25fc2E6NTU5MTU1MzI5NjgyNjM2ODplcwyiARJuc190ZWFjaF9tb2JpbGVjc3A", "updated_on": "2018-05-31T13:36:50.034185Z", "data": "{}"},
    {"key.name": "question_sa:5598048562446336:es", "locale": "es", "key.id": null, "created_on": "2018-05-31T13:36:47.693725Z", "key": "ahBwfm1vYmlsZWNzcC0yMDE3cjkLEhRSZXNvdXJjZUJ1bmRsZUVudGl0eSIfcXVlc3Rpb25fc2E6NTU5ODA0ODU2MjQ0NjMzNjplcwyiARJuc190ZWFjaF9tb2JpbGVjc3A", "updated_on": "2018-05-31T13:36:47.694050Z", "data": "{}"},
    {"key.name": "question_sa:5599082374496256:es", "locale": "es", "key.id": null, "created_on": "2018-05-31T13:36:35.548496Z", "key": "ahBwfm1vYmlsZWNzcC0yMDE3cjkLEhRSZXNvdXJjZUJ1bmRsZUVudGl0eSIfcXVlc3Rpb25fc2E6NTU5OTA4MjM3NDQ5NjI1NjplcwyiARJuc190ZWFjaF9tb2JpbGVjc3A", "updated_on": "2018-05-31T13:36:35.548632Z", "data": "{}"},
    {"key.name": "question_sa:5649050225344512:es", "locale": "es", "key.id": null, "created_on": "2018-05-31T13:36:36.880316Z", "key": "ahBwfm1vYmlsZWNzcC0yMDE3cjkLEhRSZXNvdXJjZUJ1bmRsZUVudGl0eSIfcXVlc3Rpb25fc2E6NTY0OTA1MDIyNTM0NDUxMjplcwyiARJuc190ZWFjaF9tb2JpbGVjc3A", "updated_on": "2018-05-31T13:36:36.880642Z", "data": "{}"},
    {"key.name": "question_sa:5657951891095552:es", "locale": "es", "key.id": null, "created_on": "2018-05-31T13:36:47.052944Z", "key": "ahBwfm1vYmlsZWNzcC0yMDE3cjkLEhRSZXNvdXJjZUJ1bmRsZUVudGl0eSIfcXVlc3Rpb25fc2E6NTY1Nzk1MTg5MTA5NTU1MjplcwyiARJuc190ZWFjaF9tb2JpbGVjc3A", "updated_on": "2018-05-31T13:36:47.053077Z", "data": "{}"},
    {"key.name": "question_sa:5660398564933632:es", "locale": "es", "key.id": null, "created_on": "2018-05-31T13:36:16.905698Z", "key": "ahBwfm1vYmlsZWNzcC0yMDE3cjkLEhRSZXNvdXJjZUJ1bmRsZUVudGl0eSIfcXVlc3Rpb25fc2E6NTY2MDM5ODU2NDkzMzYzMjplcwyiARJuc190ZWFjaF9tb2JpbGVjc3A", "updated_on": "2018-05-31T13:36:16.905890Z", "data": "{}"},
    {"key.name": "question_sa:5662758485884928:es", "locale": "es", "key.id": null, "created_on": "2018-05-31T13:36:35.023200Z", "key": "ahBwfm1vYmlsZWNzcC0yMDE3cjkLEhRSZXNvdXJjZUJ1bmRsZUVudGl0eSIfcXVlc3Rpb25fc2E6NTY2Mjc1ODQ4NTg4NDkyODplcwyiARJuc190ZWFjaF9tb2JpbGVjc3A", "updated_on": "2018-05-31T13:36:35.023450Z", "data": "{}"},
    {"key.name": "question_sa:5694943024644096:es", "locale": "es", "key.id": null, "created_on": "2018-05-31T13:36:28.271679Z", "key": "ahBwfm1vYmlsZWNzcC0yMDE3cjkLEhRSZXNvdXJjZUJ1bmRsZUVudGl0eSIfcXVlc3Rpb25fc2E6NTY5NDk0MzAyNDY0NDA5NjplcwyiARJuc190ZWFjaF9tb2JpbGVjc3A", "updated_on": "2018-05-31T13:36:28.271960Z", "data": "{}"},
    {"key.name": "question_sa:5718753484472320:es", "locale": "es", "key.id": null, "created_on": "2018-05-31T13:36:48.844461Z", "key": "ahBwfm1vYmlsZWNzcC0yMDE3cjkLEhRSZXNvdXJjZUJ1bmRsZUVudGl0eSIfcXVlc3Rpb25fc2E6NTcxODc1MzQ4NDQ3MjMyMDplcwyiARJuc190ZWFjaF9tb2JpbGVjc3A", "updated_on": "2018-05-31T13:36:48.844982Z", "data": "{}"},
    {"key.name": "question_sa:5724049078484992:es", "locale": "es", "key.id": null, "created_on": "2018-05-31T13:36:26.485823Z", "key": "ahBwfm1vYmlsZWNzcC0yMDE3cjkLEhRSZXNvdXJjZUJ1bmRsZUVudGl0eSIfcXVlc3Rpb25fc2E6NTcyNDA0OTA3ODQ4NDk5MjplcwyiARJuc190ZWFjaF9tb2JpbGVjc3A", "updated_on": "2018-05-31T13:36:26.485935Z", "data": "{}"},
    {"key.name": "question_sa:5745977772212224:es", "locale": "es", "key.id": null, "created_on": "2018-05-31T13:36:49.915674Z", "key": "ahBwfm1vYmlsZWNzcC0yMDE3cjkLEhRSZXNvdXJjZUJ1bmRsZUVudGl0eSIfcXVlc3Rpb25fc2E6NTc0NTk3Nzc3MjIxMjIyNDplcwyiARJuc190ZWFjaF9tb2JpbGVjc3A", "updated_on": "2018-05-31T13:36:49.915789Z", "data": "{}"},
    {"key.name": "question_sa:5750085036015616:es", "locale": "es", "key.id": null, "created_on": "2018-05-31T13:36:28.790372Z", "key": "ahBwfm1vYmlsZWNzcC0yMDE3cjkLEhRSZXNvdXJjZUJ1bmRsZUVudGl0eSIfcXVlc3Rpb25fc2E6NTc1MDA4NTAzNjAxNTYxNjplcwyiARJuc190ZWFjaF9tb2JpbGVjc3A", "updated_on": "2018-05-31T13:36:28.790809Z", "data": "{}"},
    {"key.name": "question_sa:5824409981943808:es", "locale": "es", "key.id": null, "created_on": "2018-05-31T13:36:46.750433Z", "key": "ahBwfm1vYmlsZWNzcC0yMDE3cjkLEhRSZXNvdXJjZUJ1bmRsZUVudGl0eSIfcXVlc3Rpb25fc2E6NTgyNDQwOTk4MTk0MzgwODplcwyiARJuc190ZWFjaF9tb2JpbGVjc3A", "updated_on": "2018-05-31T13:36:46.750925Z", "data": "{}"},
    {"key.name": "question_sa:5842218191421440:es", "locale": "es", "key.id": null, "created_on": "2018-05-31T13:36:11.573685Z", "key": "ahBwfm1vYmlsZWNzcC0yMDE3cjkLEhRSZXNvdXJjZUJ1bmRsZUVudGl0eSIfcXVlc3Rpb25fc2E6NTg0MjIxODE5MTQyMTQ0MDplcwyiARJuc190ZWFjaF9tb2JpbGVjc3A", "updated_on": "2018-05-31T13:36:11.573832Z", "data": "{}"},
    {"key.name": "question_sa:5911916585156608:es", "locale": "es", "key.id": null, "created_on": "2018-05-31T13:36:17.396343Z", "key": "ahBwfm1vYmlsZWNzcC0yMDE3cjkLEhRSZXNvdXJjZUJ1bmRsZUVudGl0eSIfcXVlc3Rpb25fc2E6NTkxMTkxNjU4NTE1NjYwODplcwyiARJuc190ZWFjaF9tb2JpbGVjc3A", "updated_on": "2018-05-31T13:36:17.396501Z", "data": "{}"},
    {"key.name": "question_sa:6011114424893440:es", "locale": "es", "key.id": null, "created_on": "2018-05-31T13:36:49.365267Z", "key": "ahBwfm1vYmlsZWNzcC0yMDE3cjkLEhRSZXNvdXJjZUJ1bmRsZUVudGl0eSIfcXVlc3Rpb25fc2E6NjAxMTExNDQyNDg5MzQ0MDplcwyiARJuc190ZWFjaF9tb2JpbGVjc3A", "updated_on": "2018-05-31T13:36:49.365391Z", "data": "{}"},
    {"key.name": "question_sa:6019439413690368:es", "locale": "es", "key.id": null, "created_on": "2018-05-31T13:36:36.218625Z", "key": "ahBwfm1vYmlsZWNzcC0yMDE3cjkLEhRSZXNvdXJjZUJ1bmRsZUVudGl0eSIfcXVlc3Rpb25fc2E6NjAxOTQzOTQxMzY5MDM2ODplcwyiARJuc190ZWFjaF9tb2JpbGVjc3A", "updated_on": "2018-05-31T13:36:36.218957Z", "data": "{}"},
    {"key.name": "question_sa:6019632553000960:es", "locale": "es", "key.id": null, "created_on": "2018-05-31T13:36:18.504446Z", "key": "ahBwfm1vYmlsZWNzcC0yMDE3cjkLEhRSZXNvdXJjZUJ1bmRsZUVudGl0eSIfcXVlc3Rpb25fc2E6NjAxOTYzMjU1MzAwMDk2MDplcwyiARJuc190ZWFjaF9tb2JpbGVjc3A", "updated_on": "2018-05-31T13:36:18.504550Z", "data": "{}"},
    {"key.name": "question_sa:6041637885050880:es", "locale": "es", "key.id": null, "created_on": "2018-05-31T13:36:24.949644Z", "key": "ahBwfm1vYmlsZWNzcC0yMDE3cjkLEhRSZXNvdXJjZUJ1bmRsZUVudGl0eSIfcXVlc3Rpb25fc2E6NjA0MTYzNzg4NTA1MDg4MDplcwyiARJuc190ZWFjaF9tb2JpbGVjc3A", "updated_on": "2018-05-31T13:36:24.949822Z", "data": "{}"},
    {"key.name": "question_sa:6058895801843712:es", "locale": "es", "key.id": null, "created_on": "2018-05-31T13:36:13.875188Z", "key": "ahBwfm1vYmlsZWNzcC0yMDE3cjkLEhRSZXNvdXJjZUJ1bmRsZUVudGl0eSIfcXVlc3Rpb25fc2E6NjA1ODg5NTgwMTg0MzcxMjplcwyiARJuc190ZWFjaF9tb2JpbGVjc3A", "updated_on": "2018-05-31T13:36:13.875397Z", "data": "{}"},
    {"key.name": "question_sa:6083785607086080:es", "locale": "es", "key.id": null, "created_on": "2018-05-31T13:36:23.908332Z", "key": "ahBwfm1vYmlsZWNzcC0yMDE3cjkLEhRSZXNvdXJjZUJ1bmRsZUVudGl0eSIfcXVlc3Rpb25fc2E6NjA4Mzc4NTYwNzA4NjA4MDplcwyiARJuc190ZWFjaF9tb2JpbGVjc3A", "updated_on": "2018-05-31T13:36:23.908484Z", "data": "{}"},
    {"key.name": "question_sa:6118245606096896:es", "locale": "es", "key.id": null, "created_on": "2018-05-31T13:36:18.669729Z", "key": "ahBwfm1vYmlsZWNzcC0yMDE3cjkLEhRSZXNvdXJjZUJ1bmRsZUVudGl0eSIfcXVlc3Rpb25fc2E6NjExODI0NTYwNjA5Njg5NjplcwyiARJuc190ZWFjaF9tb2JpbGVjc3A", "updated_on": "2018-05-31T13:36:18.669911Z", "data": "{}"},
    {"key.name": "question_sa:6186819911680000:es", "locale": "es", "key.id": null, "created_on": "2018-05-31T13:36:22.499075Z", "key": "ahBwfm1vYmlsZWNzcC0yMDE3cjkLEhRSZXNvdXJjZUJ1bmRsZUVudGl0eSIfcXVlc3Rpb25fc2E6NjE4NjgxOTkxMTY4MDAwMDplcwyiARJuc190ZWFjaF9tb2JpbGVjc3A", "updated_on": "2018-05-31T13:36:22.499279Z", "data": "{}"},
    {"key.name": "question_sa:6191506742312960:es", "locale": "es", "key.id": null, "created_on": "2018-05-31T13:36:09.071422Z", "key": "ahBwfm1vYmlsZWNzcC0yMDE3cjkLEhRSZXNvdXJjZUJ1bmRsZUVudGl0eSIfcXVlc3Rpb25fc2E6NjE5MTUwNjc0MjMxMjk2MDplcwyiARJuc190ZWFjaF9tb2JpbGVjc3A", "updated_on": "2018-05-31T13:36:09.071675Z", "data": "{}"},
    {"key.name": "question_sa:6215215582543872:es", "locale": "es", "key.id": null, "created_on": "2018-05-31T13:36:35.188237Z", "key": "ahBwfm1vYmlsZWNzcC0yMDE3cjkLEhRSZXNvdXJjZUJ1bmRsZUVudGl0eSIfcXVlc3Rpb25fc2E6NjIxNTIxNTU4MjU0Mzg3MjplcwyiARJuc190ZWFjaF9tb2JpbGVjc3A", "updated_on": "2018-05-31T13:36:35.188551Z", "data": "{}"},
    {"key.name": "question_sa:6225708439306240:es", "locale": "es", "key.id": null, "created_on": "2018-05-31T13:36:26.045421Z", "key": "ahBwfm1vYmlsZWNzcC0yMDE3cjkLEhRSZXNvdXJjZUJ1bmRsZUVudGl0eSIfcXVlc3Rpb25fc2E6NjIyNTcwODQzOTMwNjI0MDplcwyiARJuc190ZWFjaF9tb2JpbGVjc3A", "updated_on": "2018-05-31T13:36:26.045575Z", "data": "{}"},
    {"key.name": "question_sa:6227328514392064:es", "locale": "es", "key.id": null, "created_on": "2018-05-31T13:36:11.740599Z", "key": "ahBwfm1vYmlsZWNzcC0yMDE3cjkLEhRSZXNvdXJjZUJ1bmRsZUVudGl0eSIfcXVlc3Rpb25fc2E6NjIyNzMyODUxNDM5MjA2NDplcwyiARJuc190ZWFjaF9tb2JpbGVjc3A", "updated_on": "2018-05-31T13:36:11.740901Z", "data": "{}"},
    {"key.name": "question_sa:6292643424239616:es", "locale": "es", "key.id": null, "created_on": "2018-05-31T13:36:27.250857Z", "key": "ahBwfm1vYmlsZWNzcC0yMDE3cjkLEhRSZXNvdXJjZUJ1bmRsZUVudGl0eSIfcXVlc3Rpb25fc2E6NjI5MjY0MzQyNDIzOTYxNjplcwyiARJuc190ZWFjaF9tb2JpbGVjc3A", "updated_on": "2018-05-31T13:36:27.250957Z", "data": "{}"},
    {"key.name": "question_sa:6301546908221440:es", "locale": "es", "key.id": null, "created_on": "2018-05-31T13:36:23.698969Z", "key": "ahBwfm1vYmlsZWNzcC0yMDE3cjkLEhRSZXNvdXJjZUJ1bmRsZUVudGl0eSIfcXVlc3Rpb25fc2E6NjMwMTU0NjkwODIyMTQ0MDplcwyiARJuc190ZWFjaF9tb2JpbGVjc3A", "updated_on": "2018-05-31T13:36:23.699147Z", "data": "{}"},
    {"key.name": "question_sa:6397989576769536:es", "locale": "es", "key.id": null, "created_on": "2018-05-31T13:36:29.800224Z", "key": "ahBwfm1vYmlsZWNzcC0yMDE3cjkLEhRSZXNvdXJjZUJ1bmRsZUVudGl0eSIfcXVlc3Rpb25fc2E6NjM5Nzk4OTU3Njc2OTUzNjplcwyiARJuc190ZWFjaF9tb2JpbGVjc3A", "updated_on": "2018-05-31T13:36:29.800708Z", "data": "{}"},
    {"key.name": "question_sa:6399720582807552:es", "locale": "es", "key.id": null, "created_on": "2018-05-31T13:36:37.519784Z", "key": "ahBwfm1vYmlsZWNzcC0yMDE3cjkLEhRSZXNvdXJjZUJ1bmRsZUVudGl0eSIfcXVlc3Rpb25fc2E6NjM5OTcyMDU4MjgwNzU1MjplcwyiARJuc190ZWFjaF9tb2JpbGVjc3A", "updated_on": "2018-05-31T13:36:37.520140Z", "data": "{}"},
    {"key.name": "question_sa:6451127650353152:es", "locale": "es", "key.id": null, "created_on": "2018-05-31T13:36:28.647780Z", "key": "ahBwfm1vYmlsZWNzcC0yMDE3cjkLEhRSZXNvdXJjZUJ1bmRsZUVudGl0eSIfcXVlc3Rpb25fc2E6NjQ1MTEyNzY1MDM1MzE1MjplcwyiARJuc190ZWFjaF9tb2JpbGVjc3A", "updated_on": "2018-05-31T13:36:28.647912Z", "data": "{}"},
    {"key.name": "question_sa:6530532938612736:es", "locale": "es", "key.id": null, "created_on": "2018-05-31T13:36:44.185103Z", "key": "ahBwfm1vYmlsZWNzcC0yMDE3cjkLEhRSZXNvdXJjZUJ1bmRsZUVudGl0eSIfcXVlc3Rpb25fc2E6NjUzMDUzMjkzODYxMjczNjplcwyiARJuc190ZWFjaF9tb2JpbGVjc3A", "updated_on": "2018-05-31T13:36:44.185479Z", "data": "{}"},
    {"key.name": "question_sa:6540067094921216:es", "locale": "es", "key.id": null, "created_on": "2018-05-31T13:36:41.172416Z", "key": "ahBwfm1vYmlsZWNzcC0yMDE3cjkLEhRSZXNvdXJjZUJ1bmRsZUVudGl0eSIfcXVlc3Rpb25fc2E6NjU0MDA2NzA5NDkyMTIxNjplcwyiARJuc190ZWFjaF9tb2JpbGVjc3A", "updated_on": "2018-05-31T13:36:41.172755Z", "data": "{}"},
    {"key.name": "question_sa:6621845755265024:es", "locale": "es", "key.id": null, "created_on": "2018-05-31T13:36:33.770938Z", "key": "ahBwfm1vYmlsZWNzcC0yMDE3cjkLEhRSZXNvdXJjZUJ1bmRsZUVudGl0eSIfcXVlc3Rpb25fc2E6NjYyMTg0NTc1NTI2NTAyNDplcwyiARJuc190ZWFjaF9tb2JpbGVjc3A", "updated_on": "2018-05-31T13:36:33.771256Z", "data": "{}"},
    {"key.name": "question_sa:6643432529330176:es", "locale": "es", "key.id": null, "created_on": "2018-05-31T13:36:31.052964Z", "key": "ahBwfm1vYmlsZWNzcC0yMDE3cjkLEhRSZXNvdXJjZUJ1bmRsZUVudGl0eSIfcXVlc3Rpb25fc2E6NjY0MzQzMjUyOTMzMDE3NjplcwyiARJuc190ZWFjaF9tb2JpbGVjc3A", "updated_on": "2018-05-31T13:36:31.053287Z", "data": "{}"},
    {"key.name": "question_sa:6659215997272064:es", "locale": "es", "key.id": null, "created_on": "2018-05-31T13:36:48.031186Z", "key": "ahBwfm1vYmlsZWNzcC0yMDE3cjkLEhRSZXNvdXJjZUJ1bmRsZUVudGl0eSIfcXVlc3Rpb25fc2E6NjY1OTIxNTk5NzI3MjA2NDplcwyiARJuc190ZWFjaF9tb2JpbGVjc3A", "updated_on": "2018-05-31T13:36:48.031499Z", "data": "{}"},
    {"key.name": "question_sa:6716481333100544:es", "locale": "es", "key.id": null, "created_on": "2018-05-31T13:36:09.828820Z", "key": "ahBwfm1vYmlsZWNzcC0yMDE3cjkLEhRSZXNvdXJjZUJ1bmRsZUVudGl0eSIfcXVlc3Rpb25fc2E6NjcxNjQ4MTMzMzEwMDU0NDplcwyiARJuc190ZWFjaF9tb2JpbGVjc3A", "updated_on": "2018-05-31T13:36:09.829048Z", "data": "{}"},
    {"key.name": "question_sa:6717453203668992:es", "locale": "es", "key.id": null, "created_on": "2018-05-31T13:36:47.205391Z", "key": "ahBwfm1vYmlsZWNzcC0yMDE3cjkLEhRSZXNvdXJjZUJ1bmRsZUVudGl0eSIfcXVlc3Rpb25fc2E6NjcxNzQ1MzIwMzY2ODk5MjplcwyiARJuc190ZWFjaF9tb2JpbGVjc3A", "updated_on": "2018-05-31T13:36:47.205841Z", "data": "{}"},
    {"key.name": "unit:126:es", "locale": "es", "key.id": null, "created_on": "2018-05-31T13:36:01.975850Z", "key": "ahBwfm1vYmlsZWNzcC0yMDE3ciULEhRSZXNvdXJjZUJ1bmRsZUVudGl0eSILdW5pdDoxMjY6ZXMMogESbnNfdGVhY2hfbW9iaWxlY3Nw", "updated_on": "2018-05-31T13:36:01.976155Z", "data": "{}"},
    {"key.name": "unit:140:es", "locale": "es", "key.id": null, "created_on": "2018-05-31T13:35:46.093333Z", "key": "ahBwfm1vYmlsZWNzcC0yMDE3ciULEhRSZXNvdXJjZUJ1bmRsZUVudGl0eSILdW5pdDoxNDA6ZXMMogESbnNfdGVhY2hfbW9iaWxlY3Nw", "updated_on": "2018-05-31T13:35:46.093469Z", "data": "{}"},
    {"key.name": "unit:155:es", "locale": "es", "key.id": null, "created_on": "2018-05-31T13:36:03.164236Z", "key": "ahBwfm1vYmlsZWNzcC0yMDE3ciULEhRSZXNvdXJjZUJ1bmRsZUVudGl0eSILdW5pdDoxNTU6ZXMMogESbnNfdGVhY2hfbW9iaWxlY3Nw", "updated_on": "2018-05-31T13:36:03.164451Z", "data": "{}"},
    {"key.name": "unit:168:es", "locale": "es", "key.id": null, "created_on": "2018-05-31T13:35:51.937336Z", "key": "ahBwfm1vYmlsZWNzcC0yMDE3ciULEhRSZXNvdXJjZUJ1bmRsZUVudGl0eSILdW5pdDoxNjg6ZXMMogESbnNfdGVhY2hfbW9iaWxlY3Nw", "updated_on": "2018-05-31T13:35:51.937659Z", "data": "{}"},
    {"key.name": "unit:16:es", "locale": "es", "key.id": null, "created_on": "2018-05-31T13:35:25.486937Z", "key": "ahBwfm1vYmlsZWNzcC0yMDE3ciQLEhRSZXNvdXJjZUJ1bmRsZUVudGl0eSIKdW5pdDoxNjplcwyiARJuc190ZWFjaF9tb2JpbGVjc3A", "updated_on": "2018-05-31T13:35:25.487438Z", "data": "{}"},
    {"key.name": "unit:178:es", "locale": "es", "key.id": null, "created_on": "2018-05-31T13:35:57.847773Z", "key": "ahBwfm1vYmlsZWNzcC0yMDE3ciULEhRSZXNvdXJjZUJ1bmRsZUVudGl0eSILdW5pdDoxNzg6ZXMMogESbnNfdGVhY2hfbW9iaWxlY3Nw", "updated_on": "2018-05-31T13:35:57.848014Z", "data": "{}"},
    {"key.name": "unit:1:es", "locale": "es", "key.id": null, "created_on": "2018-05-31T13:35:18.180093Z", "key": "ahBwfm1vYmlsZWNzcC0yMDE3ciMLEhRSZXNvdXJjZUJ1bmRsZUVudGl0eSIJdW5pdDoxOmVzDKIBEm5zX3RlYWNoX21vYmlsZWNzcA", "updated_on": "2018-05-31T13:35:18.180249Z", "data": "{}"},
    {"key.name": "unit:26:es", "locale": "es", "key.id": null, "created_on": "2018-05-31T13:35:36.423090Z", "key": "ahBwfm1vYmlsZWNzcC0yMDE3ciQLEhRSZXNvdXJjZUJ1bmRsZUVudGl0eSIKdW5pdDoyNjplcwyiARJuc190ZWFjaF9tb2JpbGVjc3A", "updated_on": "2018-05-31T13:35:36.423245Z", "data": "{}"},
    {"key.name": "unit:27:es", "locale": "es", "key.id": null, "created_on": "2018-05-31T13:35:43.391352Z", "key": "ahBwfm1vYmlsZWNzcC0yMDE3ciQLEhRSZXNvdXJjZUJ1bmRsZUVudGl0eSIKdW5pdDoyNzplcwyiARJuc190ZWFjaF9tb2JpbGVjc3A", "updated_on": "2018-05-31T13:35:43.391644Z", "data": "{}"},
    {"key.name": "unit:2:es", "locale": "es", "key.id": null, "created_on": "2018-05-31T13:35:22.980797Z", "key": "ahBwfm1vYmlsZWNzcC0yMDE3ciMLEhRSZXNvdXJjZUJ1bmRsZUVudGl0eSIJdW5pdDoyOmVzDKIBEm5zX3RlYWNoX21vYmlsZWNzcA", "updated_on": "2018-05-31T13:35:22.981109Z", "data": "{}"},
    {"key.name": "unit:46:es", "locale": "es", "key.id": null, "created_on": "2018-05-31T13:35:28.880557Z", "key": "ahBwfm1vYmlsZWNzcC0yMDE3ciQLEhRSZXNvdXJjZUJ1bmRsZUVudGl0eSIKdW5pdDo0NjplcwyiARJuc190ZWFjaF9tb2JpbGVjc3A", "updated_on": "2018-05-31T13:35:28.881003Z", "data": "{}"},
    {"key.name": "unit:8:es", "locale": "es", "key.id": null, "created_on": "2018-05-31T13:35:34.359565Z", "key": "ahBwfm1vYmlsZWNzcC0yMDE3ciMLEhRSZXNvdXJjZUJ1bmRsZUVudGl0eSIJdW5pdDo4OmVzDKIBEm5zX3RlYWNoX21vYmlsZWNzcA", "updated_on": "2018-05-31T13:35:34.359893Z", "data": "{}"}
]}
